SET session_replication_role = replica;

--
-- PostgreSQL database dump
--

-- Dumped from database version 15.1 (Ubuntu 15.1-1.pgdg20.04+1)
-- Dumped by pg_dump version 15.7 (Ubuntu 15.7-1.pgdg20.04+1)

SET statement_timeout = 0;
SET lock_timeout = 0;
SET idle_in_transaction_session_timeout = 0;
SET client_encoding = 'UTF8';
SET standard_conforming_strings = on;
SELECT pg_catalog.set_config('search_path', '', false);
SET check_function_bodies = false;
SET xmloption = content;
SET client_min_messages = warning;
SET row_security = off;

--
-- Data for Name: audit_log_entries; Type: TABLE DATA; Schema: auth; Owner: supabase_auth_admin
--

INSERT INTO "auth"."audit_log_entries" ("instance_id", "id", "payload", "created_at", "ip_address") VALUES
	('00000000-0000-0000-0000-000000000000', 'a2c97f31-89f1-4a54-9c1d-eb40e3382a78', '{"action":"user_confirmation_requested","actor_id":"74dffe01-1824-4118-a205-87bace940e3a","actor_username":"c.fallotin@gmail.com","actor_via_sso":false,"log_type":"user","traits":{"provider":"email"}}', '2024-05-09 02:45:33.823945+00', ''),
	('00000000-0000-0000-0000-000000000000', '24b63fe9-2efd-482b-b161-d61756ce0727', '{"action":"user_signedup","actor_id":"74dffe01-1824-4118-a205-87bace940e3a","actor_username":"c.fallotin@gmail.com","actor_via_sso":false,"log_type":"team"}', '2024-05-09 02:46:12.901194+00', ''),
	('00000000-0000-0000-0000-000000000000', '305363ec-d2a6-4e0d-a01f-3ba05b62a4d8', '{"action":"login","actor_id":"74dffe01-1824-4118-a205-87bace940e3a","actor_username":"c.fallotin@gmail.com","actor_via_sso":false,"log_type":"account","traits":{"provider":"email"}}', '2024-05-09 02:50:50.751376+00', ''),
	('00000000-0000-0000-0000-000000000000', '21530555-09dc-43b9-a5f8-731e519216fd', '{"action":"login","actor_id":"74dffe01-1824-4118-a205-87bace940e3a","actor_username":"c.fallotin@gmail.com","actor_via_sso":false,"log_type":"account","traits":{"provider":"email"}}', '2024-05-09 03:17:55.121677+00', ''),
	('00000000-0000-0000-0000-000000000000', '79904c0c-85f5-4fa9-9950-ebd63d7acd09', '{"action":"logout","actor_id":"74dffe01-1824-4118-a205-87bace940e3a","actor_username":"c.fallotin@gmail.com","actor_via_sso":false,"log_type":"account"}', '2024-05-09 03:34:45.362627+00', ''),
	('00000000-0000-0000-0000-000000000000', '1110ea0d-7ed0-41ad-a000-216c29d20cb9', '{"action":"user_confirmation_requested","actor_id":"58c6ca51-b625-4e32-9962-b06894652fd6","actor_username":"c.fallotin+2@gmail.com","actor_via_sso":false,"log_type":"user","traits":{"provider":"email"}}', '2024-05-09 03:35:11.789997+00', ''),
	('00000000-0000-0000-0000-000000000000', '652736e6-2308-4d77-9d42-3afcd61d27cc', '{"action":"user_signedup","actor_id":"58c6ca51-b625-4e32-9962-b06894652fd6","actor_username":"c.fallotin+2@gmail.com","actor_via_sso":false,"log_type":"team"}', '2024-05-09 03:35:44.327807+00', ''),
	('00000000-0000-0000-0000-000000000000', '31793da1-451c-4ab5-b713-95ab9984cdee', '{"action":"login","actor_id":"58c6ca51-b625-4e32-9962-b06894652fd6","actor_username":"c.fallotin+2@gmail.com","actor_via_sso":false,"log_type":"account","traits":{"provider_type":"email"}}', '2024-05-09 03:35:45.741403+00', ''),
	('00000000-0000-0000-0000-000000000000', '68325c26-9c53-4a86-a525-9ff7534e068b', '{"action":"user_modified","actor_id":"58c6ca51-b625-4e32-9962-b06894652fd6","actor_name":"Chad2","actor_username":"c.fallotin+2@gmail.com","actor_via_sso":false,"log_type":"user"}', '2024-05-09 03:36:23.864329+00', ''),
	('00000000-0000-0000-0000-000000000000', 'db5ecc8f-594d-48da-920f-83f89af5375e', '{"action":"user_modified","actor_id":"58c6ca51-b625-4e32-9962-b06894652fd6","actor_name":"CHAD2","actor_username":"c.fallotin+2@gmail.com","actor_via_sso":false,"log_type":"user"}', '2024-05-09 03:52:46.185777+00', ''),
	('00000000-0000-0000-0000-000000000000', '2b076649-6e13-4e84-81c8-90c38d1969b2', '{"action":"token_refreshed","actor_id":"58c6ca51-b625-4e32-9962-b06894652fd6","actor_name":"CHAD2","actor_username":"c.fallotin+2@gmail.com","actor_via_sso":false,"log_type":"token"}', '2024-05-09 05:56:56.692961+00', ''),
	('00000000-0000-0000-0000-000000000000', 'ce539d65-6a4c-4332-a165-a0b7a4525ad1', '{"action":"token_revoked","actor_id":"58c6ca51-b625-4e32-9962-b06894652fd6","actor_name":"CHAD2","actor_username":"c.fallotin+2@gmail.com","actor_via_sso":false,"log_type":"token"}', '2024-05-09 05:56:56.693556+00', ''),
	('00000000-0000-0000-0000-000000000000', '53ac1c4d-aa66-4fd3-a93d-87e802482441', '{"action":"token_refreshed","actor_id":"58c6ca51-b625-4e32-9962-b06894652fd6","actor_name":"CHAD2","actor_username":"c.fallotin+2@gmail.com","actor_via_sso":false,"log_type":"token"}', '2024-05-09 05:56:57.836499+00', ''),
	('00000000-0000-0000-0000-000000000000', 'f06e5593-7c65-4142-ba92-d7da0182f6f9', '{"action":"token_refreshed","actor_id":"58c6ca51-b625-4e32-9962-b06894652fd6","actor_name":"CHAD2","actor_username":"c.fallotin+2@gmail.com","actor_via_sso":false,"log_type":"token"}', '2024-05-09 05:56:57.846436+00', ''),
	('00000000-0000-0000-0000-000000000000', '3b7d8ab7-1419-4347-9e1b-690ea33aa823', '{"action":"token_refreshed","actor_id":"58c6ca51-b625-4e32-9962-b06894652fd6","actor_name":"CHAD2","actor_username":"c.fallotin+2@gmail.com","actor_via_sso":false,"log_type":"token"}', '2024-05-09 05:56:58.956139+00', ''),
	('00000000-0000-0000-0000-000000000000', '4cb0a3b9-e075-4bdc-ba67-9f084aaf193c', '{"action":"token_refreshed","actor_id":"58c6ca51-b625-4e32-9962-b06894652fd6","actor_name":"CHAD2","actor_username":"c.fallotin+2@gmail.com","actor_via_sso":false,"log_type":"token"}', '2024-05-09 05:57:00.655214+00', ''),
	('00000000-0000-0000-0000-000000000000', '8bd856d9-25a8-4012-898b-ae6fa343040d', '{"action":"token_refreshed","actor_id":"58c6ca51-b625-4e32-9962-b06894652fd6","actor_name":"CHAD2","actor_username":"c.fallotin+2@gmail.com","actor_via_sso":false,"log_type":"token"}', '2024-05-09 05:57:02.437536+00', ''),
	('00000000-0000-0000-0000-000000000000', 'f3fdaff4-ab7b-4387-bc44-500038057335', '{"action":"token_refreshed","actor_id":"58c6ca51-b625-4e32-9962-b06894652fd6","actor_name":"CHAD2","actor_username":"c.fallotin+2@gmail.com","actor_via_sso":false,"log_type":"token"}', '2024-05-09 05:57:11.242148+00', ''),
	('00000000-0000-0000-0000-000000000000', 'b0a6329b-09ea-4d5f-a184-e1eb27b2c5f1', '{"action":"token_refreshed","actor_id":"58c6ca51-b625-4e32-9962-b06894652fd6","actor_name":"CHAD2","actor_username":"c.fallotin+2@gmail.com","actor_via_sso":false,"log_type":"token"}', '2024-05-09 05:57:12.243827+00', ''),
	('00000000-0000-0000-0000-000000000000', '4e391076-5b70-4900-abc4-3a47f15ea630', '{"action":"token_refreshed","actor_id":"58c6ca51-b625-4e32-9962-b06894652fd6","actor_name":"CHAD2","actor_username":"c.fallotin+2@gmail.com","actor_via_sso":false,"log_type":"token"}', '2024-05-09 05:57:12.269189+00', ''),
	('00000000-0000-0000-0000-000000000000', 'c4a692a3-39d4-4902-b267-54cfc92b09c3', '{"action":"token_refreshed","actor_id":"58c6ca51-b625-4e32-9962-b06894652fd6","actor_name":"CHAD2","actor_username":"c.fallotin+2@gmail.com","actor_via_sso":false,"log_type":"token"}', '2024-05-09 05:57:13.375405+00', ''),
	('00000000-0000-0000-0000-000000000000', 'f74c1df3-7104-4fe8-b0b7-4632eb3b4323', '{"action":"token_refreshed","actor_id":"58c6ca51-b625-4e32-9962-b06894652fd6","actor_name":"CHAD2","actor_username":"c.fallotin+2@gmail.com","actor_via_sso":false,"log_type":"token"}', '2024-05-09 05:57:15.02961+00', ''),
	('00000000-0000-0000-0000-000000000000', '0f8d07df-39a2-4d78-9ec6-279101aec8a0', '{"action":"token_refreshed","actor_id":"58c6ca51-b625-4e32-9962-b06894652fd6","actor_name":"CHAD2","actor_username":"c.fallotin+2@gmail.com","actor_via_sso":false,"log_type":"token"}', '2024-05-09 05:57:16.424887+00', ''),
	('00000000-0000-0000-0000-000000000000', '3795560d-c6c2-4ab0-b1d8-d2555c780e5c', '{"action":"token_refreshed","actor_id":"58c6ca51-b625-4e32-9962-b06894652fd6","actor_name":"CHAD2","actor_username":"c.fallotin+2@gmail.com","actor_via_sso":false,"log_type":"token"}', '2024-05-09 05:57:16.436801+00', ''),
	('00000000-0000-0000-0000-000000000000', 'cbef903d-cde1-4322-8e70-23f86935f3b8', '{"action":"token_refreshed","actor_id":"58c6ca51-b625-4e32-9962-b06894652fd6","actor_name":"CHAD2","actor_username":"c.fallotin+2@gmail.com","actor_via_sso":false,"log_type":"token"}', '2024-05-09 06:22:17.200858+00', ''),
	('00000000-0000-0000-0000-000000000000', '3bc52a41-458f-4545-a1ab-404bbc122448', '{"action":"token_refreshed","actor_id":"58c6ca51-b625-4e32-9962-b06894652fd6","actor_name":"CHAD2","actor_username":"c.fallotin+2@gmail.com","actor_via_sso":false,"log_type":"token"}', '2024-05-09 06:22:45.443+00', ''),
	('00000000-0000-0000-0000-000000000000', '5d15ee57-72cb-4c84-b183-7a5176067e9b', '{"action":"token_refreshed","actor_id":"58c6ca51-b625-4e32-9962-b06894652fd6","actor_name":"CHAD2","actor_username":"c.fallotin+2@gmail.com","actor_via_sso":false,"log_type":"token"}', '2024-05-09 06:22:46.352893+00', ''),
	('00000000-0000-0000-0000-000000000000', 'b1bc0010-e4e7-4c1f-bc86-04fe8d1e09aa', '{"action":"token_refreshed","actor_id":"58c6ca51-b625-4e32-9962-b06894652fd6","actor_name":"CHAD2","actor_username":"c.fallotin+2@gmail.com","actor_via_sso":false,"log_type":"token"}', '2024-05-09 06:22:46.49944+00', ''),
	('00000000-0000-0000-0000-000000000000', '94c6c505-8a0e-4544-803d-6db62ec22015', '{"action":"token_refreshed","actor_id":"58c6ca51-b625-4e32-9962-b06894652fd6","actor_name":"CHAD2","actor_username":"c.fallotin+2@gmail.com","actor_via_sso":false,"log_type":"token"}', '2024-05-09 06:22:47.966869+00', ''),
	('00000000-0000-0000-0000-000000000000', '45705ee1-e120-40d3-8d66-a82ece02feb5', '{"action":"token_refreshed","actor_id":"58c6ca51-b625-4e32-9962-b06894652fd6","actor_name":"CHAD2","actor_username":"c.fallotin+2@gmail.com","actor_via_sso":false,"log_type":"token"}', '2024-05-09 06:22:48.018988+00', ''),
	('00000000-0000-0000-0000-000000000000', '326069b4-8abd-4033-97de-232eec4deca4', '{"action":"token_refreshed","actor_id":"58c6ca51-b625-4e32-9962-b06894652fd6","actor_name":"CHAD2","actor_username":"c.fallotin+2@gmail.com","actor_via_sso":false,"log_type":"token"}', '2024-05-09 06:22:48.242907+00', ''),
	('00000000-0000-0000-0000-000000000000', '40ccc799-5c8b-406a-8a42-7a4f51ddde6a', '{"action":"token_refreshed","actor_id":"58c6ca51-b625-4e32-9962-b06894652fd6","actor_name":"CHAD2","actor_username":"c.fallotin+2@gmail.com","actor_via_sso":false,"log_type":"token"}', '2024-05-09 06:22:49.66706+00', ''),
	('00000000-0000-0000-0000-000000000000', 'f5a503c3-4526-4c79-97d1-ceb25bee8beb', '{"action":"token_refreshed","actor_id":"58c6ca51-b625-4e32-9962-b06894652fd6","actor_name":"CHAD2","actor_username":"c.fallotin+2@gmail.com","actor_via_sso":false,"log_type":"token"}', '2024-05-09 06:22:49.731903+00', ''),
	('00000000-0000-0000-0000-000000000000', 'e8bf3ac7-ec5e-4eb0-b374-9050b2656a39', '{"action":"token_refreshed","actor_id":"58c6ca51-b625-4e32-9962-b06894652fd6","actor_name":"CHAD2","actor_username":"c.fallotin+2@gmail.com","actor_via_sso":false,"log_type":"token"}', '2024-05-09 06:22:49.952078+00', ''),
	('00000000-0000-0000-0000-000000000000', '04e763d1-f253-42a6-9e46-c073a62589ee', '{"action":"logout","actor_id":"58c6ca51-b625-4e32-9962-b06894652fd6","actor_name":"CHAD2","actor_username":"c.fallotin+2@gmail.com","actor_via_sso":false,"log_type":"account"}', '2024-05-09 06:22:50.039726+00', ''),
	('00000000-0000-0000-0000-000000000000', '59831840-6308-42fb-8f6f-331703bc02eb', '{"action":"login","actor_id":"74dffe01-1824-4118-a205-87bace940e3a","actor_username":"c.fallotin@gmail.com","actor_via_sso":false,"log_type":"account","traits":{"provider":"email"}}', '2024-05-10 06:19:14.35795+00', ''),
	('00000000-0000-0000-0000-000000000000', '596a89c8-8daa-4d3b-a0dc-cda57e6da1dd', '{"action":"user_modified","actor_id":"74dffe01-1824-4118-a205-87bace940e3a","actor_name":"Bonjour","actor_username":"c.fallotin@gmail.com","actor_via_sso":false,"log_type":"user"}', '2024-05-10 06:19:30.658855+00', ''),
	('00000000-0000-0000-0000-000000000000', '8856a26a-c587-4140-971f-acd5be132092', '{"action":"logout","actor_id":"74dffe01-1824-4118-a205-87bace940e3a","actor_name":"Bonjour","actor_username":"c.fallotin@gmail.com","actor_via_sso":false,"log_type":"account"}', '2024-05-10 06:31:38.247204+00', ''),
	('00000000-0000-0000-0000-000000000000', '20b8e751-d60d-4fa9-ae78-77cf235b1d8b', '{"action":"login","actor_id":"74dffe01-1824-4118-a205-87bace940e3a","actor_name":"Bonjour","actor_username":"c.fallotin@gmail.com","actor_via_sso":false,"log_type":"account","traits":{"provider":"email"}}', '2024-05-27 08:28:41.349268+00', ''),
	('00000000-0000-0000-0000-000000000000', 'a17bf17e-89d7-45d9-a681-060401e4fb0b', '{"action":"login","actor_id":"74dffe01-1824-4118-a205-87bace940e3a","actor_name":"Bonjour","actor_username":"c.fallotin@gmail.com","actor_via_sso":false,"log_type":"account","traits":{"provider":"email"}}', '2024-05-27 08:28:58.566031+00', ''),
	('00000000-0000-0000-0000-000000000000', 'c1251c25-929a-4cc9-9645-b8d6b6b68afb', '{"action":"login","actor_id":"74dffe01-1824-4118-a205-87bace940e3a","actor_name":"Bonjour","actor_username":"c.fallotin@gmail.com","actor_via_sso":false,"log_type":"account","traits":{"provider":"email"}}', '2024-05-27 08:34:00.96374+00', ''),
	('00000000-0000-0000-0000-000000000000', 'a983a5fb-0e3c-4062-9c9f-547869ba9856', '{"action":"token_refreshed","actor_id":"74dffe01-1824-4118-a205-87bace940e3a","actor_name":"Bonjour","actor_username":"c.fallotin@gmail.com","actor_via_sso":false,"log_type":"token"}', '2024-05-27 09:32:04.096416+00', ''),
	('00000000-0000-0000-0000-000000000000', 'a73e8f84-12e0-4b7a-81d8-911493fe11ed', '{"action":"token_revoked","actor_id":"74dffe01-1824-4118-a205-87bace940e3a","actor_name":"Bonjour","actor_username":"c.fallotin@gmail.com","actor_via_sso":false,"log_type":"token"}', '2024-05-27 09:32:04.097306+00', ''),
	('00000000-0000-0000-0000-000000000000', '8ac484d6-93f0-413a-90f8-3d6580d0fc2e', '{"action":"login","actor_id":"74dffe01-1824-4118-a205-87bace940e3a","actor_name":"Bonjour","actor_username":"c.fallotin@gmail.com","actor_via_sso":false,"log_type":"account","traits":{"provider":"email"}}', '2024-05-27 09:50:18.401567+00', ''),
	('00000000-0000-0000-0000-000000000000', 'ce8a21a3-0fdc-40b9-9e0f-0b14a29ecc90', '{"action":"login","actor_id":"74dffe01-1824-4118-a205-87bace940e3a","actor_name":"Bonjour","actor_username":"c.fallotin@gmail.com","actor_via_sso":false,"log_type":"account","traits":{"provider":"email"}}', '2024-05-27 09:51:04.440543+00', ''),
	('00000000-0000-0000-0000-000000000000', '5c023ed4-f7cc-4f3e-b355-c23f938bc3c5', '{"action":"logout","actor_id":"74dffe01-1824-4118-a205-87bace940e3a","actor_name":"Bonjour","actor_username":"c.fallotin@gmail.com","actor_via_sso":false,"log_type":"account"}', '2024-05-27 09:55:00.378599+00', ''),
	('00000000-0000-0000-0000-000000000000', '0ce3d4cc-781e-4e14-a981-6d4380d9829a', '{"action":"login","actor_id":"74dffe01-1824-4118-a205-87bace940e3a","actor_name":"Bonjour","actor_username":"c.fallotin@gmail.com","actor_via_sso":false,"log_type":"account","traits":{"provider":"email"}}', '2024-05-27 09:59:41.606533+00', ''),
	('00000000-0000-0000-0000-000000000000', 'a56d467c-34f5-46ea-bb27-c98cf62f9896', '{"action":"logout","actor_id":"74dffe01-1824-4118-a205-87bace940e3a","actor_name":"Bonjour","actor_username":"c.fallotin@gmail.com","actor_via_sso":false,"log_type":"account"}', '2024-05-27 09:59:41.906557+00', ''),
	('00000000-0000-0000-0000-000000000000', '15194a56-b1e8-4ab0-ad0c-e316858340a9', '{"action":"login","actor_id":"74dffe01-1824-4118-a205-87bace940e3a","actor_name":"Bonjour","actor_username":"c.fallotin@gmail.com","actor_via_sso":false,"log_type":"account","traits":{"provider":"email"}}', '2024-05-27 09:59:52.845317+00', ''),
	('00000000-0000-0000-0000-000000000000', 'c1c3f9b6-d0b9-44dd-aef5-11a2537a8b66', '{"action":"logout","actor_id":"74dffe01-1824-4118-a205-87bace940e3a","actor_name":"Bonjour","actor_username":"c.fallotin@gmail.com","actor_via_sso":false,"log_type":"account"}', '2024-05-27 09:59:53.105752+00', ''),
	('00000000-0000-0000-0000-000000000000', '7aa26b10-b3a0-4ed1-b6b1-9d411b3d46c3', '{"action":"login","actor_id":"74dffe01-1824-4118-a205-87bace940e3a","actor_name":"Bonjour","actor_username":"c.fallotin@gmail.com","actor_via_sso":false,"log_type":"account","traits":{"provider":"email"}}', '2024-05-27 10:01:28.036189+00', ''),
	('00000000-0000-0000-0000-000000000000', '75ccdb1d-cf18-4cd7-9082-20aad955c7e6', '{"action":"logout","actor_id":"74dffe01-1824-4118-a205-87bace940e3a","actor_name":"Bonjour","actor_username":"c.fallotin@gmail.com","actor_via_sso":false,"log_type":"account"}', '2024-05-27 10:02:06.48358+00', ''),
	('00000000-0000-0000-0000-000000000000', '30966127-ad7b-4ae0-9884-c0f71dcbadea', '{"action":"login","actor_id":"74dffe01-1824-4118-a205-87bace940e3a","actor_name":"Bonjour","actor_username":"c.fallotin@gmail.com","actor_via_sso":false,"log_type":"account","traits":{"provider":"email"}}', '2024-05-27 10:02:15.901578+00', ''),
	('00000000-0000-0000-0000-000000000000', 'eba7c214-ff72-41f9-8075-7393d2b6cca6', '{"action":"login","actor_id":"74dffe01-1824-4118-a205-87bace940e3a","actor_name":"Bonjour","actor_username":"c.fallotin@gmail.com","actor_via_sso":false,"log_type":"account","traits":{"provider":"email"}}', '2024-05-29 03:06:00.860797+00', ''),
	('00000000-0000-0000-0000-000000000000', 'c14b2705-1364-44cf-bdc8-86eca5e44df3', '{"action":"login","actor_id":"74dffe01-1824-4118-a205-87bace940e3a","actor_name":"Bonjour","actor_username":"c.fallotin@gmail.com","actor_via_sso":false,"log_type":"account","traits":{"provider":"email"}}', '2024-05-29 03:08:15.087795+00', ''),
	('00000000-0000-0000-0000-000000000000', '3f3d6330-2ab5-44cb-a103-afb0b6ebdd48', '{"action":"login","actor_id":"74dffe01-1824-4118-a205-87bace940e3a","actor_name":"Bonjour","actor_username":"c.fallotin@gmail.com","actor_via_sso":false,"log_type":"account","traits":{"provider":"email"}}', '2024-05-29 03:10:32.933216+00', ''),
	('00000000-0000-0000-0000-000000000000', '8e6b14bd-aebf-4212-9176-6ff7cd837df3', '{"action":"login","actor_id":"74dffe01-1824-4118-a205-87bace940e3a","actor_name":"Bonjour","actor_username":"c.fallotin@gmail.com","actor_via_sso":false,"log_type":"account","traits":{"provider":"email"}}', '2024-05-29 03:19:33.276203+00', ''),
	('00000000-0000-0000-0000-000000000000', '3edd6ea4-a634-47f7-af6d-9d477924228b', '{"action":"login","actor_id":"74dffe01-1824-4118-a205-87bace940e3a","actor_name":"Bonjour","actor_username":"c.fallotin@gmail.com","actor_via_sso":false,"log_type":"account","traits":{"provider":"email"}}', '2024-05-29 03:20:12.873414+00', ''),
	('00000000-0000-0000-0000-000000000000', '6614668d-7139-403e-95c2-e97a0bdc4752', '{"action":"login","actor_id":"74dffe01-1824-4118-a205-87bace940e3a","actor_name":"Bonjour","actor_username":"c.fallotin@gmail.com","actor_via_sso":false,"log_type":"account","traits":{"provider":"email"}}', '2024-05-29 03:21:19.470741+00', ''),
	('00000000-0000-0000-0000-000000000000', '9bf03fb1-3ea5-4de6-b1d9-cba21ee96142', '{"action":"login","actor_id":"74dffe01-1824-4118-a205-87bace940e3a","actor_name":"Bonjour","actor_username":"c.fallotin@gmail.com","actor_via_sso":false,"log_type":"account","traits":{"provider":"email"}}', '2024-05-29 03:21:44.260017+00', ''),
	('00000000-0000-0000-0000-000000000000', '1138854b-424f-4530-9b05-8dd7f8db4fa2', '{"action":"login","actor_id":"74dffe01-1824-4118-a205-87bace940e3a","actor_name":"Bonjour","actor_username":"c.fallotin@gmail.com","actor_via_sso":false,"log_type":"account","traits":{"provider":"email"}}', '2024-05-29 03:28:34.790706+00', ''),
	('00000000-0000-0000-0000-000000000000', 'c1f8336e-b570-4771-b0da-079f8796c2df', '{"action":"login","actor_id":"74dffe01-1824-4118-a205-87bace940e3a","actor_name":"Bonjour","actor_username":"c.fallotin@gmail.com","actor_via_sso":false,"log_type":"account","traits":{"provider":"email"}}', '2024-05-29 03:41:39.243273+00', ''),
	('00000000-0000-0000-0000-000000000000', 'b65b9b1d-e680-4e8c-bbf5-4c19a361eca2', '{"action":"login","actor_id":"74dffe01-1824-4118-a205-87bace940e3a","actor_name":"Bonjour","actor_username":"c.fallotin@gmail.com","actor_via_sso":false,"log_type":"account","traits":{"provider":"email"}}', '2024-05-29 03:42:22.88835+00', ''),
	('00000000-0000-0000-0000-000000000000', 'eba29b7a-67a1-4565-bac7-9fa2212b04a1', '{"action":"login","actor_id":"74dffe01-1824-4118-a205-87bace940e3a","actor_name":"Bonjour","actor_username":"c.fallotin@gmail.com","actor_via_sso":false,"log_type":"account","traits":{"provider":"email"}}', '2024-05-29 03:44:11.111169+00', ''),
	('00000000-0000-0000-0000-000000000000', '461fbd35-9b35-4969-b983-e6b9f3b809a7', '{"action":"logout","actor_id":"74dffe01-1824-4118-a205-87bace940e3a","actor_name":"Bonjour","actor_username":"c.fallotin@gmail.com","actor_via_sso":false,"log_type":"account"}', '2024-05-29 03:44:21.080394+00', ''),
	('00000000-0000-0000-0000-000000000000', '581ff7ab-af2b-45fd-9068-9c4219aa43d2', '{"action":"login","actor_id":"74dffe01-1824-4118-a205-87bace940e3a","actor_name":"Bonjour","actor_username":"c.fallotin@gmail.com","actor_via_sso":false,"log_type":"account","traits":{"provider":"email"}}', '2024-05-29 03:45:34.852133+00', ''),
	('00000000-0000-0000-0000-000000000000', '2cd195c3-c357-45b9-899f-5ce471e595ce', '{"action":"logout","actor_id":"74dffe01-1824-4118-a205-87bace940e3a","actor_name":"Bonjour","actor_username":"c.fallotin@gmail.com","actor_via_sso":false,"log_type":"account"}', '2024-05-29 03:45:42.912883+00', ''),
	('00000000-0000-0000-0000-000000000000', '6e23c593-724f-47d1-8016-e987930bb311', '{"action":"login","actor_id":"74dffe01-1824-4118-a205-87bace940e3a","actor_name":"Bonjour","actor_username":"c.fallotin@gmail.com","actor_via_sso":false,"log_type":"account","traits":{"provider":"email"}}', '2024-05-29 03:45:50.510758+00', ''),
	('00000000-0000-0000-0000-000000000000', '173e8567-0121-430d-9389-0cf9ecef030c', '{"action":"login","actor_id":"74dffe01-1824-4118-a205-87bace940e3a","actor_name":"Bonjour","actor_username":"c.fallotin@gmail.com","actor_via_sso":false,"log_type":"account","traits":{"provider":"email"}}', '2024-05-29 03:52:30.225258+00', ''),
	('00000000-0000-0000-0000-000000000000', 'b8bd4429-d2ba-4cbf-a00b-eeed95a7f7a2', '{"action":"logout","actor_id":"74dffe01-1824-4118-a205-87bace940e3a","actor_name":"Bonjour","actor_username":"c.fallotin@gmail.com","actor_via_sso":false,"log_type":"account"}', '2024-05-29 03:58:45.734678+00', ''),
	('00000000-0000-0000-0000-000000000000', '923e8f54-35ca-4281-bb77-f776c4ba9327', '{"action":"login","actor_id":"74dffe01-1824-4118-a205-87bace940e3a","actor_name":"Bonjour","actor_username":"c.fallotin@gmail.com","actor_via_sso":false,"log_type":"account","traits":{"provider":"email"}}', '2024-05-29 03:58:55.009814+00', ''),
	('00000000-0000-0000-0000-000000000000', 'd663ba3f-b124-4f33-808f-f2a33ff894b9', '{"action":"logout","actor_id":"74dffe01-1824-4118-a205-87bace940e3a","actor_name":"Bonjour","actor_username":"c.fallotin@gmail.com","actor_via_sso":false,"log_type":"account"}', '2024-05-29 04:02:18.287976+00', ''),
	('00000000-0000-0000-0000-000000000000', 'fd44f4c7-e738-4428-bf79-4e47a8b28ed5', '{"action":"login","actor_id":"74dffe01-1824-4118-a205-87bace940e3a","actor_name":"Bonjour","actor_username":"c.fallotin@gmail.com","actor_via_sso":false,"log_type":"account","traits":{"provider":"email"}}', '2024-05-29 04:02:50.460442+00', ''),
	('00000000-0000-0000-0000-000000000000', '76b33e60-8252-4df3-85b6-158f0aef6a11', '{"action":"logout","actor_id":"74dffe01-1824-4118-a205-87bace940e3a","actor_name":"Bonjour","actor_username":"c.fallotin@gmail.com","actor_via_sso":false,"log_type":"account"}', '2024-05-29 04:54:21.365171+00', ''),
	('00000000-0000-0000-0000-000000000000', 'ee0efd3a-6645-4728-a2d4-e42bef692241', '{"action":"login","actor_id":"74dffe01-1824-4118-a205-87bace940e3a","actor_name":"Bonjour","actor_username":"c.fallotin@gmail.com","actor_via_sso":false,"log_type":"account","traits":{"provider":"email"}}', '2024-05-29 04:57:54.504107+00', ''),
	('00000000-0000-0000-0000-000000000000', '79690d57-442e-4f0e-9b57-f242be7fe3fa', '{"action":"logout","actor_id":"74dffe01-1824-4118-a205-87bace940e3a","actor_name":"Bonjour","actor_username":"c.fallotin@gmail.com","actor_via_sso":false,"log_type":"account"}', '2024-05-29 04:58:03.230356+00', ''),
	('00000000-0000-0000-0000-000000000000', 'fde0c629-7189-4680-afe9-189976923e9a', '{"action":"login","actor_id":"74dffe01-1824-4118-a205-87bace940e3a","actor_name":"Bonjour","actor_username":"c.fallotin@gmail.com","actor_via_sso":false,"log_type":"account","traits":{"provider":"email"}}', '2024-05-29 04:58:55.095745+00', ''),
	('00000000-0000-0000-0000-000000000000', '70be4903-cf39-49b9-90b0-616c4b27b929', '{"action":"login","actor_id":"74dffe01-1824-4118-a205-87bace940e3a","actor_name":"Bonjour","actor_username":"c.fallotin@gmail.com","actor_via_sso":false,"log_type":"account","traits":{"provider":"email"}}', '2024-05-29 04:59:29.293332+00', ''),
	('00000000-0000-0000-0000-000000000000', '3bf0b831-c18d-4878-a23c-0c208959f16a', '{"action":"logout","actor_id":"74dffe01-1824-4118-a205-87bace940e3a","actor_name":"Bonjour","actor_username":"c.fallotin@gmail.com","actor_via_sso":false,"log_type":"account"}', '2024-05-29 04:59:53.735609+00', ''),
	('00000000-0000-0000-0000-000000000000', '394cc2f1-d718-40b6-b718-4cf0fe4de317', '{"action":"login","actor_id":"74dffe01-1824-4118-a205-87bace940e3a","actor_name":"Bonjour","actor_username":"c.fallotin@gmail.com","actor_via_sso":false,"log_type":"account","traits":{"provider":"email"}}', '2024-05-29 05:00:13.977132+00', ''),
	('00000000-0000-0000-0000-000000000000', '7f587803-9c31-4aa0-8798-62e9f4d6ce2b', '{"action":"logout","actor_id":"74dffe01-1824-4118-a205-87bace940e3a","actor_name":"Bonjour","actor_username":"c.fallotin@gmail.com","actor_via_sso":false,"log_type":"account"}', '2024-05-29 05:01:11.312227+00', ''),
	('00000000-0000-0000-0000-000000000000', 'd337ff0d-b0f6-4d08-992c-0ffaf24b07d7', '{"action":"login","actor_id":"74dffe01-1824-4118-a205-87bace940e3a","actor_name":"Bonjour","actor_username":"c.fallotin@gmail.com","actor_via_sso":false,"log_type":"account","traits":{"provider":"email"}}', '2024-05-29 05:01:36.384456+00', ''),
	('00000000-0000-0000-0000-000000000000', '9c7e82c4-31c6-48f4-8f78-c2489cbf4b14', '{"action":"logout","actor_id":"74dffe01-1824-4118-a205-87bace940e3a","actor_name":"Bonjour","actor_username":"c.fallotin@gmail.com","actor_via_sso":false,"log_type":"account"}', '2024-05-29 05:01:48.933948+00', ''),
	('00000000-0000-0000-0000-000000000000', '5d5655ed-70f5-4811-a58e-a3327335796a', '{"action":"login","actor_id":"74dffe01-1824-4118-a205-87bace940e3a","actor_name":"Bonjour","actor_username":"c.fallotin@gmail.com","actor_via_sso":false,"log_type":"account","traits":{"provider":"email"}}', '2024-05-29 05:02:03.784199+00', ''),
	('00000000-0000-0000-0000-000000000000', '946e4908-e80d-492a-b2f5-b1c20e7eeb8f', '{"action":"logout","actor_id":"74dffe01-1824-4118-a205-87bace940e3a","actor_name":"Bonjour","actor_username":"c.fallotin@gmail.com","actor_via_sso":false,"log_type":"account"}', '2024-05-29 05:02:53.785509+00', ''),
	('00000000-0000-0000-0000-000000000000', '71362f7d-6adf-48c2-9d2c-f84aad03f5d2', '{"action":"login","actor_id":"74dffe01-1824-4118-a205-87bace940e3a","actor_name":"Bonjour","actor_username":"c.fallotin@gmail.com","actor_via_sso":false,"log_type":"account","traits":{"provider":"email"}}', '2024-05-29 05:03:02.058888+00', ''),
	('00000000-0000-0000-0000-000000000000', '973907ed-77a0-4a8b-8571-19096943f127', '{"action":"logout","actor_id":"74dffe01-1824-4118-a205-87bace940e3a","actor_name":"Bonjour","actor_username":"c.fallotin@gmail.com","actor_via_sso":false,"log_type":"account"}', '2024-05-29 05:03:10.226939+00', ''),
	('00000000-0000-0000-0000-000000000000', '2e55c6ae-16e6-4f76-aa69-93223e33a987', '{"action":"login","actor_id":"74dffe01-1824-4118-a205-87bace940e3a","actor_name":"Bonjour","actor_username":"c.fallotin@gmail.com","actor_via_sso":false,"log_type":"account","traits":{"provider":"email"}}', '2024-05-29 05:03:19.788591+00', ''),
	('00000000-0000-0000-0000-000000000000', 'a438f500-3926-464e-9330-9ce207897178', '{"action":"logout","actor_id":"74dffe01-1824-4118-a205-87bace940e3a","actor_name":"Bonjour","actor_username":"c.fallotin@gmail.com","actor_via_sso":false,"log_type":"account"}', '2024-05-29 05:03:24.696138+00', ''),
	('00000000-0000-0000-0000-000000000000', '28fee708-5f83-4d8f-99e5-7e0be75e9d59', '{"action":"login","actor_id":"74dffe01-1824-4118-a205-87bace940e3a","actor_name":"Bonjour","actor_username":"c.fallotin@gmail.com","actor_via_sso":false,"log_type":"account","traits":{"provider":"email"}}', '2024-05-29 05:39:32.419146+00', ''),
	('00000000-0000-0000-0000-000000000000', 'dca8f282-7896-47d8-b5f4-a2764c4e7fb5', '{"action":"logout","actor_id":"74dffe01-1824-4118-a205-87bace940e3a","actor_name":"Bonjour","actor_username":"c.fallotin@gmail.com","actor_via_sso":false,"log_type":"account"}', '2024-05-29 05:50:54.930973+00', ''),
	('00000000-0000-0000-0000-000000000000', '8fedd9fb-a68b-4646-8ac6-6693840708e2', '{"action":"user_signedup","actor_id":"ddee3ea7-0d3d-4194-8ab1-5e0a36ec2026","actor_username":"6kgrw22qg8@privaterelay.appleid.com","actor_via_sso":false,"log_type":"team","traits":{"provider":"apple"}}', '2024-05-29 05:56:44.05864+00', ''),
	('00000000-0000-0000-0000-000000000000', '172a03e8-0936-4206-911c-b286e1eb6c19', '{"action":"logout","actor_id":"ddee3ea7-0d3d-4194-8ab1-5e0a36ec2026","actor_username":"6kgrw22qg8@privaterelay.appleid.com","actor_via_sso":false,"log_type":"account"}', '2024-05-29 05:57:36.987629+00', ''),
	('00000000-0000-0000-0000-000000000000', '1e1f75e0-defd-4834-b11b-31b3ea814368', '{"action":"login","actor_id":"ddee3ea7-0d3d-4194-8ab1-5e0a36ec2026","actor_username":"6kgrw22qg8@privaterelay.appleid.com","actor_via_sso":false,"log_type":"account","traits":{"provider":"apple"}}', '2024-05-29 05:57:47.793425+00', ''),
	('00000000-0000-0000-0000-000000000000', 'c84c5911-75d0-4867-8f17-3066197fb88a', '{"action":"logout","actor_id":"ddee3ea7-0d3d-4194-8ab1-5e0a36ec2026","actor_username":"6kgrw22qg8@privaterelay.appleid.com","actor_via_sso":false,"log_type":"account"}', '2024-05-29 05:58:56.892542+00', ''),
	('00000000-0000-0000-0000-000000000000', '962facf0-43b6-4632-a934-5160527d273e', '{"action":"login","actor_id":"ddee3ea7-0d3d-4194-8ab1-5e0a36ec2026","actor_username":"6kgrw22qg8@privaterelay.appleid.com","actor_via_sso":false,"log_type":"account","traits":{"provider":"apple"}}', '2024-05-29 06:43:22.737689+00', ''),
	('00000000-0000-0000-0000-000000000000', '15fb3c4b-25a8-4c8d-8d00-1813cdfb3e7a', '{"action":"logout","actor_id":"ddee3ea7-0d3d-4194-8ab1-5e0a36ec2026","actor_username":"6kgrw22qg8@privaterelay.appleid.com","actor_via_sso":false,"log_type":"account"}', '2024-05-29 06:43:51.82054+00', ''),
	('00000000-0000-0000-0000-000000000000', '345f7d38-2889-4602-8df2-b186bbb229b7', '{"action":"login","actor_id":"ddee3ea7-0d3d-4194-8ab1-5e0a36ec2026","actor_username":"6kgrw22qg8@privaterelay.appleid.com","actor_via_sso":false,"log_type":"account","traits":{"provider":"apple"}}', '2024-05-29 06:48:26.994749+00', ''),
	('00000000-0000-0000-0000-000000000000', 'cab79937-e70c-4ddd-83a4-4de9ffc3729b', '{"action":"logout","actor_id":"ddee3ea7-0d3d-4194-8ab1-5e0a36ec2026","actor_username":"6kgrw22qg8@privaterelay.appleid.com","actor_via_sso":false,"log_type":"account"}', '2024-05-29 06:50:57.520378+00', ''),
	('00000000-0000-0000-0000-000000000000', 'fb6b6e8e-9197-4862-8323-1df44ddef2e2', '{"action":"login","actor_id":"ddee3ea7-0d3d-4194-8ab1-5e0a36ec2026","actor_username":"6kgrw22qg8@privaterelay.appleid.com","actor_via_sso":false,"log_type":"account","traits":{"provider":"apple"}}', '2024-05-29 06:51:08.050003+00', ''),
	('00000000-0000-0000-0000-000000000000', '48a9fccb-2bee-4853-85f1-c00d889e96bc', '{"action":"logout","actor_id":"ddee3ea7-0d3d-4194-8ab1-5e0a36ec2026","actor_username":"6kgrw22qg8@privaterelay.appleid.com","actor_via_sso":false,"log_type":"account"}', '2024-05-29 06:51:32.298645+00', ''),
	('00000000-0000-0000-0000-000000000000', '6300593f-dcd1-450e-93a4-d407efe29c23', '{"action":"login","actor_id":"ddee3ea7-0d3d-4194-8ab1-5e0a36ec2026","actor_username":"6kgrw22qg8@privaterelay.appleid.com","actor_via_sso":false,"log_type":"account","traits":{"provider":"apple"}}', '2024-05-29 06:51:40.073772+00', ''),
	('00000000-0000-0000-0000-000000000000', '2ebddc79-6fe5-428f-885a-89fe4d506d72', '{"action":"logout","actor_id":"ddee3ea7-0d3d-4194-8ab1-5e0a36ec2026","actor_username":"6kgrw22qg8@privaterelay.appleid.com","actor_via_sso":false,"log_type":"account"}', '2024-05-29 06:51:47.874684+00', ''),
	('00000000-0000-0000-0000-000000000000', '4e2955d2-5c30-462b-8efa-ca9c1b664649', '{"action":"login","actor_id":"ddee3ea7-0d3d-4194-8ab1-5e0a36ec2026","actor_username":"6kgrw22qg8@privaterelay.appleid.com","actor_via_sso":false,"log_type":"account","traits":{"provider":"apple"}}', '2024-05-29 06:51:58.470821+00', ''),
	('00000000-0000-0000-0000-000000000000', 'b527a17d-47cf-4443-a650-712cf1a67f9a', '{"action":"login","actor_id":"74dffe01-1824-4118-a205-87bace940e3a","actor_name":"Bonjour","actor_username":"c.fallotin@gmail.com","actor_via_sso":false,"log_type":"account","traits":{"provider":"email"}}', '2024-05-29 06:56:06.816216+00', ''),
	('00000000-0000-0000-0000-000000000000', '8f961e32-1596-4a2f-8761-e814eda7a0cd', '{"action":"token_refreshed","actor_id":"74dffe01-1824-4118-a205-87bace940e3a","actor_name":"Bonjour","actor_username":"c.fallotin@gmail.com","actor_via_sso":false,"log_type":"token"}', '2024-05-29 08:06:48.70235+00', ''),
	('00000000-0000-0000-0000-000000000000', '9ba7d428-4045-4a0f-9c2a-40a26a59c062', '{"action":"token_revoked","actor_id":"74dffe01-1824-4118-a205-87bace940e3a","actor_name":"Bonjour","actor_username":"c.fallotin@gmail.com","actor_via_sso":false,"log_type":"token"}', '2024-05-29 08:06:48.703231+00', ''),
	('00000000-0000-0000-0000-000000000000', 'd4f1d042-8057-4162-978c-e13771895eb6', '{"action":"token_refreshed","actor_id":"74dffe01-1824-4118-a205-87bace940e3a","actor_name":"Bonjour","actor_username":"c.fallotin@gmail.com","actor_via_sso":false,"log_type":"token"}', '2024-05-29 09:36:03.714377+00', ''),
	('00000000-0000-0000-0000-000000000000', '8c4362ca-2c9e-4fc5-adae-806b0a839cd5', '{"action":"token_revoked","actor_id":"74dffe01-1824-4118-a205-87bace940e3a","actor_name":"Bonjour","actor_username":"c.fallotin@gmail.com","actor_via_sso":false,"log_type":"token"}', '2024-05-29 09:36:03.715306+00', ''),
	('00000000-0000-0000-0000-000000000000', 'b79475ce-5f13-448f-93b6-dabaf277367e', '{"action":"token_refreshed","actor_id":"74dffe01-1824-4118-a205-87bace940e3a","actor_name":"Bonjour","actor_username":"c.fallotin@gmail.com","actor_via_sso":false,"log_type":"token"}', '2024-05-29 10:38:53.928086+00', ''),
	('00000000-0000-0000-0000-000000000000', '99b5c8d7-1409-4a39-90c5-729ff9e3a812', '{"action":"token_revoked","actor_id":"74dffe01-1824-4118-a205-87bace940e3a","actor_name":"Bonjour","actor_username":"c.fallotin@gmail.com","actor_via_sso":false,"log_type":"token"}', '2024-05-29 10:38:53.929945+00', ''),
	('00000000-0000-0000-0000-000000000000', 'c182bdc8-3b31-4678-b557-567ca62c695f', '{"action":"token_refreshed","actor_id":"74dffe01-1824-4118-a205-87bace940e3a","actor_name":"Bonjour","actor_username":"c.fallotin@gmail.com","actor_via_sso":false,"log_type":"token"}', '2024-05-29 11:56:20.897422+00', ''),
	('00000000-0000-0000-0000-000000000000', '1573014b-7873-4fe9-8207-3b24e35139a3', '{"action":"token_revoked","actor_id":"74dffe01-1824-4118-a205-87bace940e3a","actor_name":"Bonjour","actor_username":"c.fallotin@gmail.com","actor_via_sso":false,"log_type":"token"}', '2024-05-29 11:56:20.900782+00', ''),
	('00000000-0000-0000-0000-000000000000', '3440a315-20cd-414b-8365-e817f8fd484e', '{"action":"token_refreshed","actor_id":"74dffe01-1824-4118-a205-87bace940e3a","actor_name":"Bonjour","actor_username":"c.fallotin@gmail.com","actor_via_sso":false,"log_type":"token"}', '2024-05-29 13:40:18.603725+00', ''),
	('00000000-0000-0000-0000-000000000000', 'f9365a5e-3ce4-4946-960b-868f58f1cad2', '{"action":"token_revoked","actor_id":"74dffe01-1824-4118-a205-87bace940e3a","actor_name":"Bonjour","actor_username":"c.fallotin@gmail.com","actor_via_sso":false,"log_type":"token"}', '2024-05-29 13:40:18.604608+00', ''),
	('00000000-0000-0000-0000-000000000000', 'c80276f2-734c-407b-b751-c86e69e6fe47', '{"action":"token_refreshed","actor_id":"74dffe01-1824-4118-a205-87bace940e3a","actor_name":"Bonjour","actor_username":"c.fallotin@gmail.com","actor_via_sso":false,"log_type":"token"}', '2024-05-29 14:57:08.169686+00', ''),
	('00000000-0000-0000-0000-000000000000', '9705e16d-160a-4921-a6e8-59f94f8f595e', '{"action":"token_revoked","actor_id":"74dffe01-1824-4118-a205-87bace940e3a","actor_name":"Bonjour","actor_username":"c.fallotin@gmail.com","actor_via_sso":false,"log_type":"token"}', '2024-05-29 14:57:08.171247+00', ''),
	('00000000-0000-0000-0000-000000000000', '82f59d34-6995-417a-89fb-56dfd0ac7d23', '{"action":"token_refreshed","actor_id":"74dffe01-1824-4118-a205-87bace940e3a","actor_name":"Bonjour","actor_username":"c.fallotin@gmail.com","actor_via_sso":false,"log_type":"token"}', '2024-05-29 16:17:25.758702+00', ''),
	('00000000-0000-0000-0000-000000000000', '1db242ef-a212-4f05-9cc4-d0d83535129b', '{"action":"token_revoked","actor_id":"74dffe01-1824-4118-a205-87bace940e3a","actor_name":"Bonjour","actor_username":"c.fallotin@gmail.com","actor_via_sso":false,"log_type":"token"}', '2024-05-29 16:17:25.759501+00', ''),
	('00000000-0000-0000-0000-000000000000', '9a7e7f1a-64b0-4d9e-8613-9fc0d4b4eb42', '{"action":"token_refreshed","actor_id":"74dffe01-1824-4118-a205-87bace940e3a","actor_name":"Bonjour","actor_username":"c.fallotin@gmail.com","actor_via_sso":false,"log_type":"token"}', '2024-05-29 17:28:50.758644+00', ''),
	('00000000-0000-0000-0000-000000000000', 'c2ca9710-bfb0-40f8-a867-e4f47751d947', '{"action":"token_revoked","actor_id":"74dffe01-1824-4118-a205-87bace940e3a","actor_name":"Bonjour","actor_username":"c.fallotin@gmail.com","actor_via_sso":false,"log_type":"token"}', '2024-05-29 17:28:50.759475+00', ''),
	('00000000-0000-0000-0000-000000000000', '51506eb5-99c9-4223-b023-901590455ef7', '{"action":"token_refreshed","actor_id":"74dffe01-1824-4118-a205-87bace940e3a","actor_name":"Bonjour","actor_username":"c.fallotin@gmail.com","actor_via_sso":false,"log_type":"token"}', '2024-05-29 18:29:53.640034+00', ''),
	('00000000-0000-0000-0000-000000000000', '4581ff80-1089-4e93-bc6c-e2ea0292a9a0', '{"action":"token_revoked","actor_id":"74dffe01-1824-4118-a205-87bace940e3a","actor_name":"Bonjour","actor_username":"c.fallotin@gmail.com","actor_via_sso":false,"log_type":"token"}', '2024-05-29 18:29:53.64094+00', ''),
	('00000000-0000-0000-0000-000000000000', 'dc0b1f61-b206-425c-ab77-085a32e70396', '{"action":"token_refreshed","actor_id":"74dffe01-1824-4118-a205-87bace940e3a","actor_name":"Bonjour","actor_username":"c.fallotin@gmail.com","actor_via_sso":false,"log_type":"token"}', '2024-05-29 19:48:45.706376+00', ''),
	('00000000-0000-0000-0000-000000000000', 'cccd045a-c989-435d-bff8-91db2ee6d3df', '{"action":"token_revoked","actor_id":"74dffe01-1824-4118-a205-87bace940e3a","actor_name":"Bonjour","actor_username":"c.fallotin@gmail.com","actor_via_sso":false,"log_type":"token"}', '2024-05-29 19:48:45.708064+00', ''),
	('00000000-0000-0000-0000-000000000000', 'f784b51e-8429-455e-9cf9-b2f7b766339a', '{"action":"token_refreshed","actor_id":"74dffe01-1824-4118-a205-87bace940e3a","actor_name":"Bonjour","actor_username":"c.fallotin@gmail.com","actor_via_sso":false,"log_type":"token"}', '2024-05-29 21:01:31.585225+00', ''),
	('00000000-0000-0000-0000-000000000000', '46976657-e310-42f3-ab2d-29baff1cd3c9', '{"action":"token_revoked","actor_id":"74dffe01-1824-4118-a205-87bace940e3a","actor_name":"Bonjour","actor_username":"c.fallotin@gmail.com","actor_via_sso":false,"log_type":"token"}', '2024-05-29 21:01:31.586766+00', ''),
	('00000000-0000-0000-0000-000000000000', 'bf776734-9e20-47b5-96c1-548765cb9769', '{"action":"token_refreshed","actor_id":"74dffe01-1824-4118-a205-87bace940e3a","actor_name":"Bonjour","actor_username":"c.fallotin@gmail.com","actor_via_sso":false,"log_type":"token"}', '2024-05-29 22:17:19.482355+00', ''),
	('00000000-0000-0000-0000-000000000000', '57bbc9ef-b768-4add-a7e0-e661033b3ff4', '{"action":"token_revoked","actor_id":"74dffe01-1824-4118-a205-87bace940e3a","actor_name":"Bonjour","actor_username":"c.fallotin@gmail.com","actor_via_sso":false,"log_type":"token"}', '2024-05-29 22:17:19.485177+00', ''),
	('00000000-0000-0000-0000-000000000000', '4add6d6b-60ee-456c-8950-89b5549eea7b', '{"action":"token_refreshed","actor_id":"74dffe01-1824-4118-a205-87bace940e3a","actor_name":"Bonjour","actor_username":"c.fallotin@gmail.com","actor_via_sso":false,"log_type":"token"}', '2024-05-29 23:15:24.778937+00', ''),
	('00000000-0000-0000-0000-000000000000', '3b8eebbb-214e-4efd-bdbe-087cde19b10b', '{"action":"token_revoked","actor_id":"74dffe01-1824-4118-a205-87bace940e3a","actor_name":"Bonjour","actor_username":"c.fallotin@gmail.com","actor_via_sso":false,"log_type":"token"}', '2024-05-29 23:15:24.780467+00', ''),
	('00000000-0000-0000-0000-000000000000', 'eea05f83-3dbd-4a74-889f-e0a42c6b6945', '{"action":"token_refreshed","actor_id":"74dffe01-1824-4118-a205-87bace940e3a","actor_name":"Bonjour","actor_username":"c.fallotin@gmail.com","actor_via_sso":false,"log_type":"token"}', '2024-05-30 00:13:24.857724+00', ''),
	('00000000-0000-0000-0000-000000000000', 'ce02f777-40c6-4347-b70f-7a64bd74ef4d', '{"action":"token_revoked","actor_id":"74dffe01-1824-4118-a205-87bace940e3a","actor_name":"Bonjour","actor_username":"c.fallotin@gmail.com","actor_via_sso":false,"log_type":"token"}', '2024-05-30 00:13:24.858641+00', ''),
	('00000000-0000-0000-0000-000000000000', '54bc308c-5f00-4ee2-b814-9cc5982ee814', '{"action":"token_refreshed","actor_id":"74dffe01-1824-4118-a205-87bace940e3a","actor_name":"Bonjour","actor_username":"c.fallotin@gmail.com","actor_via_sso":false,"log_type":"token"}', '2024-05-30 01:11:25.122058+00', ''),
	('00000000-0000-0000-0000-000000000000', '5997b606-ddbf-4314-8d4d-82bb3209bc45', '{"action":"token_revoked","actor_id":"74dffe01-1824-4118-a205-87bace940e3a","actor_name":"Bonjour","actor_username":"c.fallotin@gmail.com","actor_via_sso":false,"log_type":"token"}', '2024-05-30 01:11:25.123693+00', ''),
	('00000000-0000-0000-0000-000000000000', '0d986b83-6d47-4a3b-8d5f-ca0ff7a6e664', '{"action":"token_refreshed","actor_id":"74dffe01-1824-4118-a205-87bace940e3a","actor_name":"Bonjour","actor_username":"c.fallotin@gmail.com","actor_via_sso":false,"log_type":"token"}', '2024-05-30 02:09:55.277317+00', ''),
	('00000000-0000-0000-0000-000000000000', '3da30e19-d24f-4142-811c-8751bb18db49', '{"action":"token_revoked","actor_id":"74dffe01-1824-4118-a205-87bace940e3a","actor_name":"Bonjour","actor_username":"c.fallotin@gmail.com","actor_via_sso":false,"log_type":"token"}', '2024-05-30 02:09:55.279364+00', ''),
	('00000000-0000-0000-0000-000000000000', '4bc74e30-888d-4e1c-87d7-eb9a3b822ea5', '{"action":"token_refreshed","actor_id":"74dffe01-1824-4118-a205-87bace940e3a","actor_name":"Bonjour","actor_username":"c.fallotin@gmail.com","actor_via_sso":false,"log_type":"token"}', '2024-05-30 03:08:25.661995+00', ''),
	('00000000-0000-0000-0000-000000000000', '5ed8d26a-6c94-4b8c-a559-77877ab3faf9', '{"action":"token_revoked","actor_id":"74dffe01-1824-4118-a205-87bace940e3a","actor_name":"Bonjour","actor_username":"c.fallotin@gmail.com","actor_via_sso":false,"log_type":"token"}', '2024-05-30 03:08:25.66545+00', ''),
	('00000000-0000-0000-0000-000000000000', '5a2867cb-3e14-4508-b131-7103cc6760dd', '{"action":"token_refreshed","actor_id":"74dffe01-1824-4118-a205-87bace940e3a","actor_name":"Bonjour","actor_username":"c.fallotin@gmail.com","actor_via_sso":false,"log_type":"token"}', '2024-05-30 04:06:45.46214+00', ''),
	('00000000-0000-0000-0000-000000000000', '23346e08-d382-4990-8949-94d588b4cd7e', '{"action":"token_revoked","actor_id":"74dffe01-1824-4118-a205-87bace940e3a","actor_name":"Bonjour","actor_username":"c.fallotin@gmail.com","actor_via_sso":false,"log_type":"token"}', '2024-05-30 04:06:45.464928+00', ''),
	('00000000-0000-0000-0000-000000000000', 'debf0e8b-b20e-4410-ba10-279d0b7ef773', '{"action":"token_refreshed","actor_id":"ddee3ea7-0d3d-4194-8ab1-5e0a36ec2026","actor_username":"6kgrw22qg8@privaterelay.appleid.com","actor_via_sso":false,"log_type":"token"}', '2024-05-30 04:42:07.697528+00', ''),
	('00000000-0000-0000-0000-000000000000', 'c6231752-4738-4835-a73a-19185b373fd4', '{"action":"token_revoked","actor_id":"ddee3ea7-0d3d-4194-8ab1-5e0a36ec2026","actor_username":"6kgrw22qg8@privaterelay.appleid.com","actor_via_sso":false,"log_type":"token"}', '2024-05-30 04:42:07.699222+00', ''),
	('00000000-0000-0000-0000-000000000000', 'b0d3b945-4e0f-4953-a965-fa83117eaf28', '{"action":"token_refreshed","actor_id":"ddee3ea7-0d3d-4194-8ab1-5e0a36ec2026","actor_username":"6kgrw22qg8@privaterelay.appleid.com","actor_via_sso":false,"log_type":"token"}', '2024-05-30 06:40:09.736328+00', ''),
	('00000000-0000-0000-0000-000000000000', 'ae7ddc12-b33c-44de-8c2f-5735e76e9656', '{"action":"token_revoked","actor_id":"ddee3ea7-0d3d-4194-8ab1-5e0a36ec2026","actor_username":"6kgrw22qg8@privaterelay.appleid.com","actor_via_sso":false,"log_type":"token"}', '2024-05-30 06:40:09.744611+00', ''),
	('00000000-0000-0000-0000-000000000000', '1b0b0879-a464-4f87-b6df-b570a0330b42', '{"action":"token_refreshed","actor_id":"ddee3ea7-0d3d-4194-8ab1-5e0a36ec2026","actor_username":"6kgrw22qg8@privaterelay.appleid.com","actor_via_sso":false,"log_type":"token"}', '2024-05-30 06:40:18.644745+00', ''),
	('00000000-0000-0000-0000-000000000000', '11346b6c-a903-4498-81bc-3e3e77eb4120', '{"action":"logout","actor_id":"ddee3ea7-0d3d-4194-8ab1-5e0a36ec2026","actor_username":"6kgrw22qg8@privaterelay.appleid.com","actor_via_sso":false,"log_type":"account"}', '2024-05-30 06:40:31.186866+00', ''),
	('00000000-0000-0000-0000-000000000000', 'e00e5fe0-f2fe-4617-a306-e21fda2367a4', '{"action":"login","actor_id":"ddee3ea7-0d3d-4194-8ab1-5e0a36ec2026","actor_username":"6kgrw22qg8@privaterelay.appleid.com","actor_via_sso":false,"log_type":"account","traits":{"provider":"apple"}}', '2024-05-30 06:41:03.665238+00', ''),
	('00000000-0000-0000-0000-000000000000', '5956ec2a-6d04-40a1-9b10-e3de46fc1780', '{"action":"token_refreshed","actor_id":"74dffe01-1824-4118-a205-87bace940e3a","actor_name":"Bonjour","actor_username":"c.fallotin@gmail.com","actor_via_sso":false,"log_type":"token"}', '2024-05-31 01:38:02.111101+00', ''),
	('00000000-0000-0000-0000-000000000000', '2c9ff47a-df99-4e25-9853-79bf8bf4836a', '{"action":"token_revoked","actor_id":"74dffe01-1824-4118-a205-87bace940e3a","actor_name":"Bonjour","actor_username":"c.fallotin@gmail.com","actor_via_sso":false,"log_type":"token"}', '2024-05-31 01:38:02.119146+00', ''),
	('00000000-0000-0000-0000-000000000000', 'c76bc4fb-93ed-493b-ad3c-1ad696fe7bc5', '{"action":"logout","actor_id":"74dffe01-1824-4118-a205-87bace940e3a","actor_name":"Bonjour","actor_username":"c.fallotin@gmail.com","actor_via_sso":false,"log_type":"account"}', '2024-05-31 01:58:08.541428+00', ''),
	('00000000-0000-0000-0000-000000000000', 'c7a0b627-ad8d-4032-96db-04639e5f72b1', '{"action":"login","actor_id":"74dffe01-1824-4118-a205-87bace940e3a","actor_name":"Bonjour","actor_username":"c.fallotin@gmail.com","actor_via_sso":false,"log_type":"account","traits":{"provider":"email"}}', '2024-05-31 01:58:17.501861+00', ''),
	('00000000-0000-0000-0000-000000000000', '3ff404bc-593b-4702-9e6d-fc973422fd88', '{"action":"logout","actor_id":"74dffe01-1824-4118-a205-87bace940e3a","actor_name":"Bonjour","actor_username":"c.fallotin@gmail.com","actor_via_sso":false,"log_type":"account"}', '2024-05-31 02:53:23.801873+00', ''),
	('00000000-0000-0000-0000-000000000000', '6696cbf9-2f7f-4966-aa4c-ab903d7dde94', '{"action":"login","actor_id":"74dffe01-1824-4118-a205-87bace940e3a","actor_name":"Bonjour","actor_username":"c.fallotin@gmail.com","actor_via_sso":false,"log_type":"account","traits":{"provider":"email"}}', '2024-05-31 02:53:36.812877+00', ''),
	('00000000-0000-0000-0000-000000000000', '686f56b7-6fcc-4554-8437-ed8f297c2f09', '{"action":"logout","actor_id":"74dffe01-1824-4118-a205-87bace940e3a","actor_name":"Bonjour","actor_username":"c.fallotin@gmail.com","actor_via_sso":false,"log_type":"account"}', '2024-05-31 03:30:21.769466+00', ''),
	('00000000-0000-0000-0000-000000000000', '8176c589-5627-4951-a9ff-fbe71b16c08e', '{"action":"login","actor_id":"74dffe01-1824-4118-a205-87bace940e3a","actor_name":"Bonjour","actor_username":"c.fallotin@gmail.com","actor_via_sso":false,"log_type":"account","traits":{"provider":"email"}}', '2024-05-31 03:30:33.016009+00', ''),
	('00000000-0000-0000-0000-000000000000', 'b55901e5-d9d2-4697-96ad-a5a69b641f78', '{"action":"token_refreshed","actor_id":"74dffe01-1824-4118-a205-87bace940e3a","actor_name":"Bonjour","actor_username":"c.fallotin@gmail.com","actor_via_sso":false,"log_type":"token"}', '2024-05-31 04:28:42.02289+00', ''),
	('00000000-0000-0000-0000-000000000000', 'e8587721-946d-41c9-a76f-bacca184a5e2', '{"action":"token_revoked","actor_id":"74dffe01-1824-4118-a205-87bace940e3a","actor_name":"Bonjour","actor_username":"c.fallotin@gmail.com","actor_via_sso":false,"log_type":"token"}', '2024-05-31 04:28:42.025523+00', ''),
	('00000000-0000-0000-0000-000000000000', '9fa15b71-83ee-415c-b4ec-c1456a854489', '{"action":"token_refreshed","actor_id":"74dffe01-1824-4118-a205-87bace940e3a","actor_name":"Bonjour","actor_username":"c.fallotin@gmail.com","actor_via_sso":false,"log_type":"token"}', '2024-05-31 05:26:44.580016+00', ''),
	('00000000-0000-0000-0000-000000000000', '819a608d-6054-42e5-8a13-b91eef6d0980', '{"action":"token_revoked","actor_id":"74dffe01-1824-4118-a205-87bace940e3a","actor_name":"Bonjour","actor_username":"c.fallotin@gmail.com","actor_via_sso":false,"log_type":"token"}', '2024-05-31 05:26:44.586883+00', ''),
	('00000000-0000-0000-0000-000000000000', '0ca92bcd-33b0-4d84-8805-4ede77d6fad6', '{"action":"token_refreshed","actor_id":"74dffe01-1824-4118-a205-87bace940e3a","actor_name":"Bonjour","actor_username":"c.fallotin@gmail.com","actor_via_sso":false,"log_type":"token"}', '2024-05-31 06:24:44.649834+00', ''),
	('00000000-0000-0000-0000-000000000000', '7e9df650-6707-4471-b947-074e95b0aa69', '{"action":"token_revoked","actor_id":"74dffe01-1824-4118-a205-87bace940e3a","actor_name":"Bonjour","actor_username":"c.fallotin@gmail.com","actor_via_sso":false,"log_type":"token"}', '2024-05-31 06:24:44.652223+00', ''),
	('00000000-0000-0000-0000-000000000000', '6cbdb84f-9000-4852-ad96-0c60ec3934d0', '{"action":"token_refreshed","actor_id":"74dffe01-1824-4118-a205-87bace940e3a","actor_name":"Bonjour","actor_username":"c.fallotin@gmail.com","actor_via_sso":false,"log_type":"token"}', '2024-05-31 07:54:37.600751+00', ''),
	('00000000-0000-0000-0000-000000000000', '9c56f6db-0cce-406c-913e-d976049a9471', '{"action":"token_revoked","actor_id":"74dffe01-1824-4118-a205-87bace940e3a","actor_name":"Bonjour","actor_username":"c.fallotin@gmail.com","actor_via_sso":false,"log_type":"token"}', '2024-05-31 07:54:37.603227+00', ''),
	('00000000-0000-0000-0000-000000000000', '472e3a91-e771-41db-b1d2-a7ccd754696b', '{"action":"token_refreshed","actor_id":"74dffe01-1824-4118-a205-87bace940e3a","actor_name":"Bonjour","actor_username":"c.fallotin@gmail.com","actor_via_sso":false,"log_type":"token"}', '2024-05-31 08:52:38.454997+00', ''),
	('00000000-0000-0000-0000-000000000000', '97a87e77-6253-40bf-8017-7435ba6b7c80', '{"action":"token_revoked","actor_id":"74dffe01-1824-4118-a205-87bace940e3a","actor_name":"Bonjour","actor_username":"c.fallotin@gmail.com","actor_via_sso":false,"log_type":"token"}', '2024-05-31 08:52:38.457511+00', ''),
	('00000000-0000-0000-0000-000000000000', '65f2d337-28b9-4767-abe2-1e7574cd9348', '{"action":"token_refreshed","actor_id":"74dffe01-1824-4118-a205-87bace940e3a","actor_name":"Bonjour","actor_username":"c.fallotin@gmail.com","actor_via_sso":false,"log_type":"token"}', '2024-05-31 09:50:38.751309+00', ''),
	('00000000-0000-0000-0000-000000000000', '3b7a25c0-6792-4395-a3bd-6247043d5de4', '{"action":"token_revoked","actor_id":"74dffe01-1824-4118-a205-87bace940e3a","actor_name":"Bonjour","actor_username":"c.fallotin@gmail.com","actor_via_sso":false,"log_type":"token"}', '2024-05-31 09:50:38.75419+00', ''),
	('00000000-0000-0000-0000-000000000000', '17f66148-1f52-4df5-a6b0-00ca7cc02f3e', '{"action":"token_refreshed","actor_id":"74dffe01-1824-4118-a205-87bace940e3a","actor_name":"Bonjour","actor_username":"c.fallotin@gmail.com","actor_via_sso":false,"log_type":"token"}', '2024-05-31 10:48:39.274627+00', ''),
	('00000000-0000-0000-0000-000000000000', 'c8b6ecb7-9d58-46a0-8949-7cddfb2da9d6', '{"action":"token_revoked","actor_id":"74dffe01-1824-4118-a205-87bace940e3a","actor_name":"Bonjour","actor_username":"c.fallotin@gmail.com","actor_via_sso":false,"log_type":"token"}', '2024-05-31 10:48:39.280442+00', ''),
	('00000000-0000-0000-0000-000000000000', '78874a1a-67b1-4c68-85ba-ac4908bc14f8', '{"action":"token_refreshed","actor_id":"74dffe01-1824-4118-a205-87bace940e3a","actor_name":"Bonjour","actor_username":"c.fallotin@gmail.com","actor_via_sso":false,"log_type":"token"}', '2024-05-31 11:53:42.907308+00', ''),
	('00000000-0000-0000-0000-000000000000', '61674486-040e-4c32-8a63-1dff7828bb55', '{"action":"token_revoked","actor_id":"74dffe01-1824-4118-a205-87bace940e3a","actor_name":"Bonjour","actor_username":"c.fallotin@gmail.com","actor_via_sso":false,"log_type":"token"}', '2024-05-31 11:53:42.91049+00', ''),
	('00000000-0000-0000-0000-000000000000', '2abf05fe-de72-47fa-9954-2c2dc0a981f4', '{"action":"token_refreshed","actor_id":"74dffe01-1824-4118-a205-87bace940e3a","actor_name":"Bonjour","actor_username":"c.fallotin@gmail.com","actor_via_sso":false,"log_type":"token"}', '2024-05-31 12:52:07.63997+00', ''),
	('00000000-0000-0000-0000-000000000000', '2bb33e50-a43f-43bf-8e6b-e0fb348ea422', '{"action":"token_revoked","actor_id":"74dffe01-1824-4118-a205-87bace940e3a","actor_name":"Bonjour","actor_username":"c.fallotin@gmail.com","actor_via_sso":false,"log_type":"token"}', '2024-05-31 12:52:07.64314+00', ''),
	('00000000-0000-0000-0000-000000000000', '9334c49e-7c8d-4c86-a816-0eb24dbac342', '{"action":"token_refreshed","actor_id":"74dffe01-1824-4118-a205-87bace940e3a","actor_name":"Bonjour","actor_username":"c.fallotin@gmail.com","actor_via_sso":false,"log_type":"token"}', '2024-06-01 01:36:24.775578+00', ''),
	('00000000-0000-0000-0000-000000000000', 'b420c9c4-1a22-4eaf-b0ff-8415673f7427', '{"action":"token_revoked","actor_id":"74dffe01-1824-4118-a205-87bace940e3a","actor_name":"Bonjour","actor_username":"c.fallotin@gmail.com","actor_via_sso":false,"log_type":"token"}', '2024-06-01 01:36:24.781735+00', ''),
	('00000000-0000-0000-0000-000000000000', '10b42eff-4bf8-4967-959e-dca966942d68', '{"action":"token_refreshed","actor_id":"74dffe01-1824-4118-a205-87bace940e3a","actor_name":"Bonjour","actor_username":"c.fallotin@gmail.com","actor_via_sso":false,"log_type":"token"}', '2024-06-01 02:34:52.723044+00', ''),
	('00000000-0000-0000-0000-000000000000', '1ee5a908-723b-4f31-be22-b1f07760928e', '{"action":"token_revoked","actor_id":"74dffe01-1824-4118-a205-87bace940e3a","actor_name":"Bonjour","actor_username":"c.fallotin@gmail.com","actor_via_sso":false,"log_type":"token"}', '2024-06-01 02:34:52.726495+00', ''),
	('00000000-0000-0000-0000-000000000000', '72b1c74c-b4e4-4ac7-832e-2fd0abc85302', '{"action":"token_refreshed","actor_id":"ddee3ea7-0d3d-4194-8ab1-5e0a36ec2026","actor_username":"6kgrw22qg8@privaterelay.appleid.com","actor_via_sso":false,"log_type":"token"}', '2024-06-01 03:02:29.719601+00', ''),
	('00000000-0000-0000-0000-000000000000', 'b41c01f4-0575-4946-bae5-86b418a89e0f', '{"action":"token_revoked","actor_id":"ddee3ea7-0d3d-4194-8ab1-5e0a36ec2026","actor_username":"6kgrw22qg8@privaterelay.appleid.com","actor_via_sso":false,"log_type":"token"}', '2024-06-01 03:02:29.725915+00', ''),
	('00000000-0000-0000-0000-000000000000', 'dca9dc1b-d276-4e53-9147-258e5d0bf817', '{"action":"token_refreshed","actor_id":"74dffe01-1824-4118-a205-87bace940e3a","actor_name":"Bonjour","actor_username":"c.fallotin@gmail.com","actor_via_sso":false,"log_type":"token"}', '2024-06-01 03:32:55.759166+00', ''),
	('00000000-0000-0000-0000-000000000000', '1cc8a40b-0a0b-4191-bf6e-67a0741630de', '{"action":"token_revoked","actor_id":"74dffe01-1824-4118-a205-87bace940e3a","actor_name":"Bonjour","actor_username":"c.fallotin@gmail.com","actor_via_sso":false,"log_type":"token"}', '2024-06-01 03:32:55.761863+00', ''),
	('00000000-0000-0000-0000-000000000000', 'b006f4cc-5916-471d-b1bc-5c23cc62edea', '{"action":"token_refreshed","actor_id":"ddee3ea7-0d3d-4194-8ab1-5e0a36ec2026","actor_username":"6kgrw22qg8@privaterelay.appleid.com","actor_via_sso":false,"log_type":"token"}', '2024-06-01 04:04:51.30064+00', ''),
	('00000000-0000-0000-0000-000000000000', '30fab0eb-49ee-4cbe-8400-b37317cf433e', '{"action":"token_revoked","actor_id":"ddee3ea7-0d3d-4194-8ab1-5e0a36ec2026","actor_username":"6kgrw22qg8@privaterelay.appleid.com","actor_via_sso":false,"log_type":"token"}', '2024-06-01 04:04:51.302556+00', ''),
	('00000000-0000-0000-0000-000000000000', 'e131d13f-e156-4ed9-8956-e2400103f15a', '{"action":"token_refreshed","actor_id":"ddee3ea7-0d3d-4194-8ab1-5e0a36ec2026","actor_username":"6kgrw22qg8@privaterelay.appleid.com","actor_via_sso":false,"log_type":"token"}', '2024-06-01 05:03:12.080649+00', ''),
	('00000000-0000-0000-0000-000000000000', '6c34eea7-37ae-4f6a-a80b-21dab04a9775', '{"action":"token_revoked","actor_id":"ddee3ea7-0d3d-4194-8ab1-5e0a36ec2026","actor_username":"6kgrw22qg8@privaterelay.appleid.com","actor_via_sso":false,"log_type":"token"}', '2024-06-01 05:03:12.083223+00', ''),
	('00000000-0000-0000-0000-000000000000', '3a146ec9-bc44-4480-9e90-d7a722d0f3f1', '{"action":"logout","actor_id":"ddee3ea7-0d3d-4194-8ab1-5e0a36ec2026","actor_username":"6kgrw22qg8@privaterelay.appleid.com","actor_via_sso":false,"log_type":"account"}', '2024-06-01 05:58:55.623009+00', ''),
	('00000000-0000-0000-0000-000000000000', '34d66bef-efb5-493e-b804-45cf4ed9ad14', '{"action":"login","actor_id":"ddee3ea7-0d3d-4194-8ab1-5e0a36ec2026","actor_username":"6kgrw22qg8@privaterelay.appleid.com","actor_via_sso":false,"log_type":"account","traits":{"provider":"apple"}}', '2024-06-01 05:59:05.535174+00', ''),
	('00000000-0000-0000-0000-000000000000', '3bff75c3-2dca-48d3-ad87-29581f6c53d3', '{"action":"logout","actor_id":"ddee3ea7-0d3d-4194-8ab1-5e0a36ec2026","actor_username":"6kgrw22qg8@privaterelay.appleid.com","actor_via_sso":false,"log_type":"account"}', '2024-06-01 06:51:52.752935+00', ''),
	('00000000-0000-0000-0000-000000000000', 'cc7a122e-201e-42cc-8c12-a41418356cf7', '{"action":"login","actor_id":"ddee3ea7-0d3d-4194-8ab1-5e0a36ec2026","actor_username":"6kgrw22qg8@privaterelay.appleid.com","actor_via_sso":false,"log_type":"account","traits":{"provider":"apple"}}', '2024-06-01 06:52:01.770717+00', ''),
	('00000000-0000-0000-0000-000000000000', '6f30b6bf-1eda-446b-9e90-dbace7742e85', '{"action":"token_refreshed","actor_id":"ddee3ea7-0d3d-4194-8ab1-5e0a36ec2026","actor_username":"6kgrw22qg8@privaterelay.appleid.com","actor_via_sso":false,"log_type":"token"}', '2024-06-01 07:50:28.516862+00', ''),
	('00000000-0000-0000-0000-000000000000', '3adcb697-3ba1-4827-b051-6391b3704e58', '{"action":"token_revoked","actor_id":"ddee3ea7-0d3d-4194-8ab1-5e0a36ec2026","actor_username":"6kgrw22qg8@privaterelay.appleid.com","actor_via_sso":false,"log_type":"token"}', '2024-06-01 07:50:28.520818+00', ''),
	('00000000-0000-0000-0000-000000000000', 'cb3421ef-ea65-4e5c-a468-465fcdbd6b4e', '{"action":"token_refreshed","actor_id":"74dffe01-1824-4118-a205-87bace940e3a","actor_name":"Bonjour","actor_username":"c.fallotin@gmail.com","actor_via_sso":false,"log_type":"token"}', '2024-06-02 08:57:20.77828+00', ''),
	('00000000-0000-0000-0000-000000000000', '35f04206-d9b7-4ff8-abe3-c7f1680af884', '{"action":"token_revoked","actor_id":"74dffe01-1824-4118-a205-87bace940e3a","actor_name":"Bonjour","actor_username":"c.fallotin@gmail.com","actor_via_sso":false,"log_type":"token"}', '2024-06-02 08:57:20.802677+00', ''),
	('00000000-0000-0000-0000-000000000000', '44f56ee0-fee0-45f4-bd24-4386503ec253', '{"action":"token_refreshed","actor_id":"74dffe01-1824-4118-a205-87bace940e3a","actor_name":"Bonjour","actor_username":"c.fallotin@gmail.com","actor_via_sso":false,"log_type":"token"}', '2024-06-02 09:55:50.383669+00', ''),
	('00000000-0000-0000-0000-000000000000', 'f761bb86-024e-4c7d-8b9c-c78460694977', '{"action":"token_revoked","actor_id":"74dffe01-1824-4118-a205-87bace940e3a","actor_name":"Bonjour","actor_username":"c.fallotin@gmail.com","actor_via_sso":false,"log_type":"token"}', '2024-06-02 09:55:50.386888+00', ''),
	('00000000-0000-0000-0000-000000000000', 'bb46cfa5-a046-494d-95d6-64e91cdf1238', '{"action":"token_refreshed","actor_id":"74dffe01-1824-4118-a205-87bace940e3a","actor_name":"Bonjour","actor_username":"c.fallotin@gmail.com","actor_via_sso":false,"log_type":"token"}', '2024-06-02 10:53:51.244678+00', ''),
	('00000000-0000-0000-0000-000000000000', '2c8dd5e7-43a5-47d6-b07b-596318a83c58', '{"action":"token_revoked","actor_id":"74dffe01-1824-4118-a205-87bace940e3a","actor_name":"Bonjour","actor_username":"c.fallotin@gmail.com","actor_via_sso":false,"log_type":"token"}', '2024-06-02 10:53:51.246958+00', ''),
	('00000000-0000-0000-0000-000000000000', '7766b184-995f-436a-9ec2-815da83e4dd8', '{"action":"token_refreshed","actor_id":"74dffe01-1824-4118-a205-87bace940e3a","actor_name":"Bonjour","actor_username":"c.fallotin@gmail.com","actor_via_sso":false,"log_type":"token"}', '2024-06-02 11:51:51.995543+00', ''),
	('00000000-0000-0000-0000-000000000000', '1091fc19-108f-436c-846b-d73e7f23b9f2', '{"action":"token_revoked","actor_id":"74dffe01-1824-4118-a205-87bace940e3a","actor_name":"Bonjour","actor_username":"c.fallotin@gmail.com","actor_via_sso":false,"log_type":"token"}', '2024-06-02 11:51:51.998194+00', ''),
	('00000000-0000-0000-0000-000000000000', 'feb65135-5b61-43a2-94f2-ff2cae000560', '{"action":"token_refreshed","actor_id":"74dffe01-1824-4118-a205-87bace940e3a","actor_name":"Bonjour","actor_username":"c.fallotin@gmail.com","actor_via_sso":false,"log_type":"token"}', '2024-06-03 01:37:37.437921+00', ''),
	('00000000-0000-0000-0000-000000000000', '946e9dd6-9a09-4e1c-b3f5-3d9bf0878c8a', '{"action":"token_revoked","actor_id":"74dffe01-1824-4118-a205-87bace940e3a","actor_name":"Bonjour","actor_username":"c.fallotin@gmail.com","actor_via_sso":false,"log_type":"token"}', '2024-06-03 01:37:37.446518+00', ''),
	('00000000-0000-0000-0000-000000000000', '0f3acd2d-42e5-4e5e-91f2-447863b10b4c', '{"action":"token_refreshed","actor_id":"ddee3ea7-0d3d-4194-8ab1-5e0a36ec2026","actor_username":"6kgrw22qg8@privaterelay.appleid.com","actor_via_sso":false,"log_type":"token"}', '2024-06-03 02:02:04.745222+00', ''),
	('00000000-0000-0000-0000-000000000000', '8df3c14d-8e43-4b6e-9f6b-62c11b433de6', '{"action":"token_revoked","actor_id":"ddee3ea7-0d3d-4194-8ab1-5e0a36ec2026","actor_username":"6kgrw22qg8@privaterelay.appleid.com","actor_via_sso":false,"log_type":"token"}', '2024-06-03 02:02:04.749236+00', ''),
	('00000000-0000-0000-0000-000000000000', '7e072dff-8c7c-4335-a9a2-8d05653bc129', '{"action":"token_refreshed","actor_id":"74dffe01-1824-4118-a205-87bace940e3a","actor_name":"Bonjour","actor_username":"c.fallotin@gmail.com","actor_via_sso":false,"log_type":"token"}', '2024-06-03 02:35:38.173256+00', ''),
	('00000000-0000-0000-0000-000000000000', '28f90f4b-11bd-4989-806e-576bd4cd856b', '{"action":"token_revoked","actor_id":"74dffe01-1824-4118-a205-87bace940e3a","actor_name":"Bonjour","actor_username":"c.fallotin@gmail.com","actor_via_sso":false,"log_type":"token"}', '2024-06-03 02:35:38.176191+00', ''),
	('00000000-0000-0000-0000-000000000000', '7308d01e-b91b-42e4-8b35-d0939a2cd4c7', '{"action":"token_refreshed","actor_id":"ddee3ea7-0d3d-4194-8ab1-5e0a36ec2026","actor_username":"6kgrw22qg8@privaterelay.appleid.com","actor_via_sso":false,"log_type":"token"}', '2024-06-03 03:00:22.631858+00', ''),
	('00000000-0000-0000-0000-000000000000', '6a428915-f997-4f34-9a7d-dc3394a026fb', '{"action":"token_revoked","actor_id":"ddee3ea7-0d3d-4194-8ab1-5e0a36ec2026","actor_username":"6kgrw22qg8@privaterelay.appleid.com","actor_via_sso":false,"log_type":"token"}', '2024-06-03 03:00:22.635354+00', ''),
	('00000000-0000-0000-0000-000000000000', '80dd25bc-32ad-41f3-a473-55ea8a85ee63', '{"action":"token_refreshed","actor_id":"74dffe01-1824-4118-a205-87bace940e3a","actor_name":"Bonjour","actor_username":"c.fallotin@gmail.com","actor_via_sso":false,"log_type":"token"}', '2024-06-03 03:33:48.854272+00', ''),
	('00000000-0000-0000-0000-000000000000', 'dce98921-4a30-40c5-a7ee-e199cdb4b3de', '{"action":"token_revoked","actor_id":"74dffe01-1824-4118-a205-87bace940e3a","actor_name":"Bonjour","actor_username":"c.fallotin@gmail.com","actor_via_sso":false,"log_type":"token"}', '2024-06-03 03:33:48.857607+00', ''),
	('00000000-0000-0000-0000-000000000000', '2554d9c2-1a43-43fc-a19d-117c7981c875', '{"action":"token_refreshed","actor_id":"ddee3ea7-0d3d-4194-8ab1-5e0a36ec2026","actor_username":"6kgrw22qg8@privaterelay.appleid.com","actor_via_sso":false,"log_type":"token"}', '2024-06-03 03:58:24.450631+00', ''),
	('00000000-0000-0000-0000-000000000000', 'eb26ec81-6459-4408-b794-42bea46263c7', '{"action":"token_revoked","actor_id":"ddee3ea7-0d3d-4194-8ab1-5e0a36ec2026","actor_username":"6kgrw22qg8@privaterelay.appleid.com","actor_via_sso":false,"log_type":"token"}', '2024-06-03 03:58:24.454497+00', ''),
	('00000000-0000-0000-0000-000000000000', 'a76948b5-9cd0-4548-ba2f-70994bb1102b', '{"action":"token_refreshed","actor_id":"74dffe01-1824-4118-a205-87bace940e3a","actor_name":"Bonjour","actor_username":"c.fallotin@gmail.com","actor_via_sso":false,"log_type":"token"}', '2024-06-03 04:31:48.964285+00', ''),
	('00000000-0000-0000-0000-000000000000', 'fff7d875-1d3b-41a7-b1bd-f2780cf4937d', '{"action":"token_revoked","actor_id":"74dffe01-1824-4118-a205-87bace940e3a","actor_name":"Bonjour","actor_username":"c.fallotin@gmail.com","actor_via_sso":false,"log_type":"token"}', '2024-06-03 04:31:48.966866+00', ''),
	('00000000-0000-0000-0000-000000000000', 'c4f08ee3-7528-49af-94de-b30f645a3c07', '{"action":"token_refreshed","actor_id":"ddee3ea7-0d3d-4194-8ab1-5e0a36ec2026","actor_username":"6kgrw22qg8@privaterelay.appleid.com","actor_via_sso":false,"log_type":"token"}', '2024-06-03 05:25:47.881197+00', ''),
	('00000000-0000-0000-0000-000000000000', 'c8ae448a-7f80-42df-85fe-864e59cb7b2b', '{"action":"token_revoked","actor_id":"ddee3ea7-0d3d-4194-8ab1-5e0a36ec2026","actor_username":"6kgrw22qg8@privaterelay.appleid.com","actor_via_sso":false,"log_type":"token"}', '2024-06-03 05:25:47.888202+00', ''),
	('00000000-0000-0000-0000-000000000000', '2b950837-c790-4b7d-84d8-021f8b19ae38', '{"action":"token_refreshed","actor_id":"74dffe01-1824-4118-a205-87bace940e3a","actor_name":"Bonjour","actor_username":"c.fallotin@gmail.com","actor_via_sso":false,"log_type":"token"}', '2024-06-03 05:29:49.134372+00', ''),
	('00000000-0000-0000-0000-000000000000', '709d6b82-d749-4ff2-acca-62d340d4d8f9', '{"action":"token_revoked","actor_id":"74dffe01-1824-4118-a205-87bace940e3a","actor_name":"Bonjour","actor_username":"c.fallotin@gmail.com","actor_via_sso":false,"log_type":"token"}', '2024-06-03 05:29:49.138913+00', ''),
	('00000000-0000-0000-0000-000000000000', '022f6e6f-c269-408b-91bb-0a11082dbcb3', '{"action":"token_refreshed","actor_id":"ddee3ea7-0d3d-4194-8ab1-5e0a36ec2026","actor_username":"6kgrw22qg8@privaterelay.appleid.com","actor_via_sso":false,"log_type":"token"}', '2024-06-03 06:23:51.544247+00', ''),
	('00000000-0000-0000-0000-000000000000', 'a378427d-abb5-4cb4-8211-efdd84d9d95f', '{"action":"token_revoked","actor_id":"ddee3ea7-0d3d-4194-8ab1-5e0a36ec2026","actor_username":"6kgrw22qg8@privaterelay.appleid.com","actor_via_sso":false,"log_type":"token"}', '2024-06-03 06:23:51.547066+00', ''),
	('00000000-0000-0000-0000-000000000000', 'e972aa9d-2d00-494d-b219-5ba6eaa34bf1', '{"action":"token_refreshed","actor_id":"74dffe01-1824-4118-a205-87bace940e3a","actor_name":"Bonjour","actor_username":"c.fallotin@gmail.com","actor_via_sso":false,"log_type":"token"}', '2024-06-03 06:28:19.444682+00', ''),
	('00000000-0000-0000-0000-000000000000', '0354a715-2d5f-4eaa-819c-d4854a8289b5', '{"action":"token_revoked","actor_id":"74dffe01-1824-4118-a205-87bace940e3a","actor_name":"Bonjour","actor_username":"c.fallotin@gmail.com","actor_via_sso":false,"log_type":"token"}', '2024-06-03 06:28:19.448223+00', ''),
	('00000000-0000-0000-0000-000000000000', 'be8a40f0-8afe-4355-bc94-88b8112090ed', '{"action":"token_refreshed","actor_id":"ddee3ea7-0d3d-4194-8ab1-5e0a36ec2026","actor_username":"6kgrw22qg8@privaterelay.appleid.com","actor_via_sso":false,"log_type":"token"}', '2024-06-03 07:27:12.551197+00', ''),
	('00000000-0000-0000-0000-000000000000', '5d45d586-d0f8-47a5-a85d-70bcb4d04edc', '{"action":"token_revoked","actor_id":"ddee3ea7-0d3d-4194-8ab1-5e0a36ec2026","actor_username":"6kgrw22qg8@privaterelay.appleid.com","actor_via_sso":false,"log_type":"token"}', '2024-06-03 07:27:12.558146+00', ''),
	('00000000-0000-0000-0000-000000000000', 'ec52a850-831f-4c61-8cc7-08c2afe7ace3', '{"action":"token_refreshed","actor_id":"ddee3ea7-0d3d-4194-8ab1-5e0a36ec2026","actor_username":"6kgrw22qg8@privaterelay.appleid.com","actor_via_sso":false,"log_type":"token"}', '2024-06-03 08:25:14.800848+00', ''),
	('00000000-0000-0000-0000-000000000000', 'aba0fcfe-dd59-4b2d-92b4-2a90f4fcc3f9', '{"action":"token_revoked","actor_id":"ddee3ea7-0d3d-4194-8ab1-5e0a36ec2026","actor_username":"6kgrw22qg8@privaterelay.appleid.com","actor_via_sso":false,"log_type":"token"}', '2024-06-03 08:25:14.807325+00', ''),
	('00000000-0000-0000-0000-000000000000', '2f5accb8-0c1a-4fce-89a1-b0f32e33acb5', '{"action":"logout","actor_id":"ddee3ea7-0d3d-4194-8ab1-5e0a36ec2026","actor_username":"6kgrw22qg8@privaterelay.appleid.com","actor_via_sso":false,"log_type":"account"}', '2024-06-03 08:47:19.02353+00', ''),
	('00000000-0000-0000-0000-000000000000', '6bb1791c-13de-4330-ad9f-f0fac81f9ab9', '{"action":"login","actor_id":"ddee3ea7-0d3d-4194-8ab1-5e0a36ec2026","actor_username":"6kgrw22qg8@privaterelay.appleid.com","actor_via_sso":false,"log_type":"account","traits":{"provider":"apple"}}', '2024-06-03 08:47:27.139367+00', ''),
	('00000000-0000-0000-0000-000000000000', '58af0fab-dadc-4ccf-8b8e-67ce9dc25eb4', '{"action":"token_refreshed","actor_id":"74dffe01-1824-4118-a205-87bace940e3a","actor_name":"Bonjour","actor_username":"c.fallotin@gmail.com","actor_via_sso":false,"log_type":"token"}', '2024-06-04 00:50:33.272313+00', ''),
	('00000000-0000-0000-0000-000000000000', '0c90175c-1ebb-43f9-afe8-86e42493ab64', '{"action":"token_revoked","actor_id":"74dffe01-1824-4118-a205-87bace940e3a","actor_name":"Bonjour","actor_username":"c.fallotin@gmail.com","actor_via_sso":false,"log_type":"token"}', '2024-06-04 00:50:33.280899+00', ''),
	('00000000-0000-0000-0000-000000000000', 'b04684a7-ca5f-4a6a-a6b8-2f263ec9edaf', '{"action":"token_refreshed","actor_id":"74dffe01-1824-4118-a205-87bace940e3a","actor_name":"Bonjour","actor_username":"c.fallotin@gmail.com","actor_via_sso":false,"log_type":"token"}', '2024-06-04 01:48:37.788922+00', ''),
	('00000000-0000-0000-0000-000000000000', '51d2deee-cc56-4969-99b3-8aa807b836a0', '{"action":"token_revoked","actor_id":"74dffe01-1824-4118-a205-87bace940e3a","actor_name":"Bonjour","actor_username":"c.fallotin@gmail.com","actor_via_sso":false,"log_type":"token"}', '2024-06-04 01:48:37.792487+00', ''),
	('00000000-0000-0000-0000-000000000000', '2987488d-a59e-4161-a0d9-9b00bb71b8ca', '{"action":"token_refreshed","actor_id":"ddee3ea7-0d3d-4194-8ab1-5e0a36ec2026","actor_username":"6kgrw22qg8@privaterelay.appleid.com","actor_via_sso":false,"log_type":"token"}', '2024-06-04 02:26:04.270999+00', ''),
	('00000000-0000-0000-0000-000000000000', '243ad2f1-2a7a-4765-a2ea-0d0fd9ebf6dc', '{"action":"token_revoked","actor_id":"ddee3ea7-0d3d-4194-8ab1-5e0a36ec2026","actor_username":"6kgrw22qg8@privaterelay.appleid.com","actor_via_sso":false,"log_type":"token"}', '2024-06-04 02:26:04.274415+00', ''),
	('00000000-0000-0000-0000-000000000000', 'bc52a9cb-a2fe-43f1-a104-0795485291a4', '{"action":"token_refreshed","actor_id":"74dffe01-1824-4118-a205-87bace940e3a","actor_name":"Bonjour","actor_username":"c.fallotin@gmail.com","actor_via_sso":false,"log_type":"token"}', '2024-06-04 02:46:39.631411+00', ''),
	('00000000-0000-0000-0000-000000000000', 'f0fb7db3-4d13-4f2c-8085-02250afa935c', '{"action":"token_revoked","actor_id":"74dffe01-1824-4118-a205-87bace940e3a","actor_name":"Bonjour","actor_username":"c.fallotin@gmail.com","actor_via_sso":false,"log_type":"token"}', '2024-06-04 02:46:39.633951+00', ''),
	('00000000-0000-0000-0000-000000000000', '7e50caba-ebf8-4ce9-8dc3-d4748dfd0a19', '{"action":"token_refreshed","actor_id":"ddee3ea7-0d3d-4194-8ab1-5e0a36ec2026","actor_username":"6kgrw22qg8@privaterelay.appleid.com","actor_via_sso":false,"log_type":"token"}', '2024-06-04 03:24:13.579234+00', ''),
	('00000000-0000-0000-0000-000000000000', 'd640a051-d44c-44fd-9091-298d267330e0', '{"action":"token_revoked","actor_id":"ddee3ea7-0d3d-4194-8ab1-5e0a36ec2026","actor_username":"6kgrw22qg8@privaterelay.appleid.com","actor_via_sso":false,"log_type":"token"}', '2024-06-04 03:24:13.58125+00', ''),
	('00000000-0000-0000-0000-000000000000', 'c72d90ab-60cb-4552-b68a-b5ae7426eb3c', '{"action":"token_refreshed","actor_id":"74dffe01-1824-4118-a205-87bace940e3a","actor_name":"Bonjour","actor_username":"c.fallotin@gmail.com","actor_via_sso":false,"log_type":"token"}', '2024-06-04 03:45:07.02951+00', ''),
	('00000000-0000-0000-0000-000000000000', '444d69f8-0292-4bf1-b878-95c798973aa1', '{"action":"token_revoked","actor_id":"74dffe01-1824-4118-a205-87bace940e3a","actor_name":"Bonjour","actor_username":"c.fallotin@gmail.com","actor_via_sso":false,"log_type":"token"}', '2024-06-04 03:45:07.038859+00', ''),
	('00000000-0000-0000-0000-000000000000', '1cf2f5c0-56a6-4bfc-a627-b4a32968459d', '{"action":"token_refreshed","actor_id":"ddee3ea7-0d3d-4194-8ab1-5e0a36ec2026","actor_username":"6kgrw22qg8@privaterelay.appleid.com","actor_via_sso":false,"log_type":"token"}', '2024-06-04 04:35:34.913538+00', ''),
	('00000000-0000-0000-0000-000000000000', '8ff4f278-6221-4925-a316-69f9ce03b5f1', '{"action":"token_revoked","actor_id":"ddee3ea7-0d3d-4194-8ab1-5e0a36ec2026","actor_username":"6kgrw22qg8@privaterelay.appleid.com","actor_via_sso":false,"log_type":"token"}', '2024-06-04 04:35:34.917469+00', ''),
	('00000000-0000-0000-0000-000000000000', '4adafb3c-3efb-441f-86c3-c12d8e3c6822', '{"action":"token_refreshed","actor_id":"ddee3ea7-0d3d-4194-8ab1-5e0a36ec2026","actor_username":"6kgrw22qg8@privaterelay.appleid.com","actor_via_sso":false,"log_type":"token"}', '2024-06-04 05:34:00.433166+00', ''),
	('00000000-0000-0000-0000-000000000000', '1d63c590-d141-4fc6-a108-155fd44a3400', '{"action":"token_revoked","actor_id":"ddee3ea7-0d3d-4194-8ab1-5e0a36ec2026","actor_username":"6kgrw22qg8@privaterelay.appleid.com","actor_via_sso":false,"log_type":"token"}', '2024-06-04 05:34:00.436197+00', ''),
	('00000000-0000-0000-0000-000000000000', '1ad9f22e-1214-414a-87ed-c3f48eb8baee', '{"action":"token_refreshed","actor_id":"ddee3ea7-0d3d-4194-8ab1-5e0a36ec2026","actor_username":"6kgrw22qg8@privaterelay.appleid.com","actor_via_sso":false,"log_type":"token"}', '2024-06-04 06:36:17.516896+00', ''),
	('00000000-0000-0000-0000-000000000000', '9d7734b3-8458-4200-a1e7-9103cdecc64d', '{"action":"token_revoked","actor_id":"ddee3ea7-0d3d-4194-8ab1-5e0a36ec2026","actor_username":"6kgrw22qg8@privaterelay.appleid.com","actor_via_sso":false,"log_type":"token"}', '2024-06-04 06:36:17.521015+00', ''),
	('00000000-0000-0000-0000-000000000000', '64e3d835-5d30-4896-9c04-2726ce4b2e7d', '{"action":"token_refreshed","actor_id":"ddee3ea7-0d3d-4194-8ab1-5e0a36ec2026","actor_username":"6kgrw22qg8@privaterelay.appleid.com","actor_via_sso":false,"log_type":"token"}', '2024-06-04 07:34:17.517306+00', ''),
	('00000000-0000-0000-0000-000000000000', 'b932acf5-3612-40ec-901a-ef10e84bb876', '{"action":"token_revoked","actor_id":"ddee3ea7-0d3d-4194-8ab1-5e0a36ec2026","actor_username":"6kgrw22qg8@privaterelay.appleid.com","actor_via_sso":false,"log_type":"token"}', '2024-06-04 07:34:17.520414+00', ''),
	('00000000-0000-0000-0000-000000000000', '58eeeaa6-a5fd-4f01-b81b-e2aea9011c47', '{"action":"token_refreshed","actor_id":"74dffe01-1824-4118-a205-87bace940e3a","actor_name":"Bonjour","actor_username":"c.fallotin@gmail.com","actor_via_sso":false,"log_type":"token"}', '2024-06-04 07:37:18.168619+00', ''),
	('00000000-0000-0000-0000-000000000000', '280f9277-c521-447c-8c47-3eaa5f7b4354', '{"action":"token_revoked","actor_id":"74dffe01-1824-4118-a205-87bace940e3a","actor_name":"Bonjour","actor_username":"c.fallotin@gmail.com","actor_via_sso":false,"log_type":"token"}', '2024-06-04 07:37:18.171717+00', ''),
	('00000000-0000-0000-0000-000000000000', '941cce2c-c7fc-4068-8084-7e66ea4f8c1f', '{"action":"token_refreshed","actor_id":"ddee3ea7-0d3d-4194-8ab1-5e0a36ec2026","actor_username":"6kgrw22qg8@privaterelay.appleid.com","actor_via_sso":false,"log_type":"token"}', '2024-06-04 08:32:46.698466+00', ''),
	('00000000-0000-0000-0000-000000000000', 'd7889872-d070-4d53-b80d-15baeb260b7a', '{"action":"token_revoked","actor_id":"ddee3ea7-0d3d-4194-8ab1-5e0a36ec2026","actor_username":"6kgrw22qg8@privaterelay.appleid.com","actor_via_sso":false,"log_type":"token"}', '2024-06-04 08:32:46.701381+00', ''),
	('00000000-0000-0000-0000-000000000000', '0a939f3a-9c37-4fec-b87e-e083aafd72f8', '{"action":"token_refreshed","actor_id":"74dffe01-1824-4118-a205-87bace940e3a","actor_name":"Bonjour","actor_username":"c.fallotin@gmail.com","actor_via_sso":false,"log_type":"token"}', '2024-06-04 08:35:18.82271+00', ''),
	('00000000-0000-0000-0000-000000000000', '03463f05-99c6-4300-a305-357fc1b7e0d4', '{"action":"token_revoked","actor_id":"74dffe01-1824-4118-a205-87bace940e3a","actor_name":"Bonjour","actor_username":"c.fallotin@gmail.com","actor_via_sso":false,"log_type":"token"}', '2024-06-04 08:35:18.823593+00', ''),
	('00000000-0000-0000-0000-000000000000', 'f5d77d22-23ef-43cb-a70d-6638a9c0d180', '{"action":"token_refreshed","actor_id":"74dffe01-1824-4118-a205-87bace940e3a","actor_name":"Bonjour","actor_username":"c.fallotin@gmail.com","actor_via_sso":false,"log_type":"token"}', '2024-06-04 09:33:19.264415+00', ''),
	('00000000-0000-0000-0000-000000000000', '64f63c05-4d8e-4fe0-996d-95e96d565e64', '{"action":"token_revoked","actor_id":"74dffe01-1824-4118-a205-87bace940e3a","actor_name":"Bonjour","actor_username":"c.fallotin@gmail.com","actor_via_sso":false,"log_type":"token"}', '2024-06-04 09:33:19.270229+00', ''),
	('00000000-0000-0000-0000-000000000000', '363cb27c-fee5-4ae2-9c10-80b28abaa53a', '{"action":"token_refreshed","actor_id":"ddee3ea7-0d3d-4194-8ab1-5e0a36ec2026","actor_username":"6kgrw22qg8@privaterelay.appleid.com","actor_via_sso":false,"log_type":"token"}', '2024-06-04 09:50:23.457591+00', ''),
	('00000000-0000-0000-0000-000000000000', '9831dabf-88c9-4a56-a699-8024dd97f204', '{"action":"token_revoked","actor_id":"ddee3ea7-0d3d-4194-8ab1-5e0a36ec2026","actor_username":"6kgrw22qg8@privaterelay.appleid.com","actor_via_sso":false,"log_type":"token"}', '2024-06-04 09:50:23.464533+00', ''),
	('00000000-0000-0000-0000-000000000000', '76b25a8d-5227-4009-9697-ac328a6bef64', '{"action":"token_refreshed","actor_id":"74dffe01-1824-4118-a205-87bace940e3a","actor_name":"Bonjour","actor_username":"c.fallotin@gmail.com","actor_via_sso":false,"log_type":"token"}', '2024-06-04 10:31:45.515677+00', ''),
	('00000000-0000-0000-0000-000000000000', '4a576bcf-80fd-4bc3-9afe-245799591388', '{"action":"token_revoked","actor_id":"74dffe01-1824-4118-a205-87bace940e3a","actor_name":"Bonjour","actor_username":"c.fallotin@gmail.com","actor_via_sso":false,"log_type":"token"}', '2024-06-04 10:31:45.518717+00', ''),
	('00000000-0000-0000-0000-000000000000', 'bde59726-fcc5-4ba4-bbb0-881b77ca5403', '{"action":"logout","actor_id":"ddee3ea7-0d3d-4194-8ab1-5e0a36ec2026","actor_username":"6kgrw22qg8@privaterelay.appleid.com","actor_via_sso":false,"log_type":"account"}', '2024-06-04 10:32:44.337612+00', ''),
	('00000000-0000-0000-0000-000000000000', '8f0e7041-68f6-4980-8e03-c36117a56821', '{"action":"login","actor_id":"ddee3ea7-0d3d-4194-8ab1-5e0a36ec2026","actor_username":"6kgrw22qg8@privaterelay.appleid.com","actor_via_sso":false,"log_type":"account","traits":{"provider":"apple"}}', '2024-06-04 10:32:56.642065+00', ''),
	('00000000-0000-0000-0000-000000000000', '08501b1a-06da-44a2-b8d0-cadbe34e646b', '{"action":"token_refreshed","actor_id":"74dffe01-1824-4118-a205-87bace940e3a","actor_name":"Bonjour","actor_username":"c.fallotin@gmail.com","actor_via_sso":false,"log_type":"token"}', '2024-06-04 23:09:11.649975+00', ''),
	('00000000-0000-0000-0000-000000000000', '26572fd8-53f1-46ec-8d3c-049a5b9537cc', '{"action":"token_revoked","actor_id":"74dffe01-1824-4118-a205-87bace940e3a","actor_name":"Bonjour","actor_username":"c.fallotin@gmail.com","actor_via_sso":false,"log_type":"token"}', '2024-06-04 23:09:11.662719+00', ''),
	('00000000-0000-0000-0000-000000000000', 'a554a323-9577-47c2-8e0c-b967f58bfaee', '{"action":"token_refreshed","actor_id":"74dffe01-1824-4118-a205-87bace940e3a","actor_name":"Bonjour","actor_username":"c.fallotin@gmail.com","actor_via_sso":false,"log_type":"token"}', '2024-06-05 00:07:25.210676+00', ''),
	('00000000-0000-0000-0000-000000000000', 'a0c9533d-363b-4847-80f9-05c48664847a', '{"action":"token_revoked","actor_id":"74dffe01-1824-4118-a205-87bace940e3a","actor_name":"Bonjour","actor_username":"c.fallotin@gmail.com","actor_via_sso":false,"log_type":"token"}', '2024-06-05 00:07:25.214334+00', ''),
	('00000000-0000-0000-0000-000000000000', '1d99862d-d88a-4397-9964-f48c415fae2f', '{"action":"token_refreshed","actor_id":"ddee3ea7-0d3d-4194-8ab1-5e0a36ec2026","actor_username":"6kgrw22qg8@privaterelay.appleid.com","actor_via_sso":false,"log_type":"token"}', '2024-06-05 00:51:28.27648+00', ''),
	('00000000-0000-0000-0000-000000000000', '3b63ea9d-6ea6-4282-b880-034d762709c9', '{"action":"token_revoked","actor_id":"ddee3ea7-0d3d-4194-8ab1-5e0a36ec2026","actor_username":"6kgrw22qg8@privaterelay.appleid.com","actor_via_sso":false,"log_type":"token"}', '2024-06-05 00:51:28.284746+00', ''),
	('00000000-0000-0000-0000-000000000000', '61a602c7-f0b4-403a-ba21-5864b2689dee', '{"action":"token_refreshed","actor_id":"74dffe01-1824-4118-a205-87bace940e3a","actor_name":"Bonjour","actor_username":"c.fallotin@gmail.com","actor_via_sso":false,"log_type":"token"}', '2024-06-05 01:05:25.817615+00', ''),
	('00000000-0000-0000-0000-000000000000', 'b13290dd-7d83-42ff-9b21-915bccc313c5', '{"action":"token_revoked","actor_id":"74dffe01-1824-4118-a205-87bace940e3a","actor_name":"Bonjour","actor_username":"c.fallotin@gmail.com","actor_via_sso":false,"log_type":"token"}', '2024-06-05 01:05:25.820428+00', ''),
	('00000000-0000-0000-0000-000000000000', 'a1446594-6405-4d61-9d01-347e9c16f1f2', '{"action":"token_refreshed","actor_id":"74dffe01-1824-4118-a205-87bace940e3a","actor_name":"Bonjour","actor_username":"c.fallotin@gmail.com","actor_via_sso":false,"log_type":"token"}', '2024-06-05 02:03:36.947804+00', ''),
	('00000000-0000-0000-0000-000000000000', '7f9eb53d-602a-40df-9cb2-859ae653e508', '{"action":"token_revoked","actor_id":"74dffe01-1824-4118-a205-87bace940e3a","actor_name":"Bonjour","actor_username":"c.fallotin@gmail.com","actor_via_sso":false,"log_type":"token"}', '2024-06-05 02:03:36.950836+00', ''),
	('00000000-0000-0000-0000-000000000000', 'a3e6cee8-981b-4fc5-9b34-eee2a7c6fe85', '{"action":"token_refreshed","actor_id":"ddee3ea7-0d3d-4194-8ab1-5e0a36ec2026","actor_username":"6kgrw22qg8@privaterelay.appleid.com","actor_via_sso":false,"log_type":"token"}', '2024-06-05 02:09:06.839454+00', ''),
	('00000000-0000-0000-0000-000000000000', '625dc804-ee85-4185-a11b-05037fdd00f8', '{"action":"token_revoked","actor_id":"ddee3ea7-0d3d-4194-8ab1-5e0a36ec2026","actor_username":"6kgrw22qg8@privaterelay.appleid.com","actor_via_sso":false,"log_type":"token"}', '2024-06-05 02:09:06.842702+00', ''),
	('00000000-0000-0000-0000-000000000000', 'bc77802d-4186-4a7d-8e6a-45aeaa9c341a', '{"action":"token_refreshed","actor_id":"74dffe01-1824-4118-a205-87bace940e3a","actor_name":"Bonjour","actor_username":"c.fallotin@gmail.com","actor_via_sso":false,"log_type":"token"}', '2024-06-05 03:31:18.044438+00', ''),
	('00000000-0000-0000-0000-000000000000', '513696d7-f3e0-4c28-9f1b-bcfcaf53ae8d', '{"action":"token_revoked","actor_id":"74dffe01-1824-4118-a205-87bace940e3a","actor_name":"Bonjour","actor_username":"c.fallotin@gmail.com","actor_via_sso":false,"log_type":"token"}', '2024-06-05 03:31:18.047426+00', ''),
	('00000000-0000-0000-0000-000000000000', 'd1a1c630-7f17-4430-9378-eb3db1f269f0', '{"action":"token_refreshed","actor_id":"ddee3ea7-0d3d-4194-8ab1-5e0a36ec2026","actor_username":"6kgrw22qg8@privaterelay.appleid.com","actor_via_sso":false,"log_type":"token"}', '2024-06-05 04:29:10.100143+00', ''),
	('00000000-0000-0000-0000-000000000000', '0d555829-bac4-41d9-a15e-48aa4f07f661', '{"action":"token_revoked","actor_id":"ddee3ea7-0d3d-4194-8ab1-5e0a36ec2026","actor_username":"6kgrw22qg8@privaterelay.appleid.com","actor_via_sso":false,"log_type":"token"}', '2024-06-05 04:29:10.103078+00', ''),
	('00000000-0000-0000-0000-000000000000', 'f8cf73c7-66d4-4e7e-bf5f-3ca74c0e9975', '{"action":"token_refreshed","actor_id":"74dffe01-1824-4118-a205-87bace940e3a","actor_name":"Bonjour","actor_username":"c.fallotin@gmail.com","actor_via_sso":false,"log_type":"token"}', '2024-06-05 04:29:47.848231+00', ''),
	('00000000-0000-0000-0000-000000000000', 'd9241b21-05db-452c-921b-f4d45233a77f', '{"action":"token_revoked","actor_id":"74dffe01-1824-4118-a205-87bace940e3a","actor_name":"Bonjour","actor_username":"c.fallotin@gmail.com","actor_via_sso":false,"log_type":"token"}', '2024-06-05 04:29:47.848779+00', ''),
	('00000000-0000-0000-0000-000000000000', 'b1ed0816-22ba-488f-829d-ef182f229445', '{"action":"token_refreshed","actor_id":"ddee3ea7-0d3d-4194-8ab1-5e0a36ec2026","actor_username":"6kgrw22qg8@privaterelay.appleid.com","actor_via_sso":false,"log_type":"token"}', '2024-06-05 06:09:43.602745+00', ''),
	('00000000-0000-0000-0000-000000000000', '608f9e33-f74c-44fa-8944-e663c69608af', '{"action":"token_revoked","actor_id":"ddee3ea7-0d3d-4194-8ab1-5e0a36ec2026","actor_username":"6kgrw22qg8@privaterelay.appleid.com","actor_via_sso":false,"log_type":"token"}', '2024-06-05 06:09:43.607521+00', ''),
	('00000000-0000-0000-0000-000000000000', '525e527f-322f-4251-84a8-21ab3236d2e5', '{"action":"token_refreshed","actor_id":"74dffe01-1824-4118-a205-87bace940e3a","actor_name":"Bonjour","actor_username":"c.fallotin@gmail.com","actor_via_sso":false,"log_type":"token"}', '2024-06-05 06:39:48.119246+00', ''),
	('00000000-0000-0000-0000-000000000000', '478efcee-49ef-4e27-9255-c9f44f4ad7d4', '{"action":"token_revoked","actor_id":"74dffe01-1824-4118-a205-87bace940e3a","actor_name":"Bonjour","actor_username":"c.fallotin@gmail.com","actor_via_sso":false,"log_type":"token"}', '2024-06-05 06:39:48.131259+00', ''),
	('00000000-0000-0000-0000-000000000000', 'e55a03a2-8b88-4259-817a-e14c29f96dbb', '{"action":"token_refreshed","actor_id":"ddee3ea7-0d3d-4194-8ab1-5e0a36ec2026","actor_username":"6kgrw22qg8@privaterelay.appleid.com","actor_via_sso":false,"log_type":"token"}', '2024-06-05 07:08:02.34542+00', ''),
	('00000000-0000-0000-0000-000000000000', 'bdb26eb1-e63a-4cbc-bb9f-55caec01dc0f', '{"action":"token_revoked","actor_id":"ddee3ea7-0d3d-4194-8ab1-5e0a36ec2026","actor_username":"6kgrw22qg8@privaterelay.appleid.com","actor_via_sso":false,"log_type":"token"}', '2024-06-05 07:08:02.349253+00', ''),
	('00000000-0000-0000-0000-000000000000', '05d5c092-7f19-428d-82ce-60dddfaf8b01', '{"action":"token_refreshed","actor_id":"74dffe01-1824-4118-a205-87bace940e3a","actor_name":"Bonjour","actor_username":"c.fallotin@gmail.com","actor_via_sso":false,"log_type":"token"}', '2024-06-05 07:37:53.51213+00', ''),
	('00000000-0000-0000-0000-000000000000', 'e7feba11-8be9-44ba-b381-83f686224550', '{"action":"token_revoked","actor_id":"74dffe01-1824-4118-a205-87bace940e3a","actor_name":"Bonjour","actor_username":"c.fallotin@gmail.com","actor_via_sso":false,"log_type":"token"}', '2024-06-05 07:37:53.515506+00', ''),
	('00000000-0000-0000-0000-000000000000', 'fa79886b-601d-4362-b221-fe9005cf6f99', '{"action":"token_refreshed","actor_id":"ddee3ea7-0d3d-4194-8ab1-5e0a36ec2026","actor_username":"6kgrw22qg8@privaterelay.appleid.com","actor_via_sso":false,"log_type":"token"}', '2024-06-05 08:16:55.579098+00', ''),
	('00000000-0000-0000-0000-000000000000', '2898a613-02f6-4a87-b090-3a0e7c9de6de', '{"action":"token_revoked","actor_id":"ddee3ea7-0d3d-4194-8ab1-5e0a36ec2026","actor_username":"6kgrw22qg8@privaterelay.appleid.com","actor_via_sso":false,"log_type":"token"}', '2024-06-05 08:16:55.582247+00', ''),
	('00000000-0000-0000-0000-000000000000', '8e8f4cdf-7228-4dc9-abed-4b96ded023fe', '{"action":"token_refreshed","actor_id":"74dffe01-1824-4118-a205-87bace940e3a","actor_name":"Bonjour","actor_username":"c.fallotin@gmail.com","actor_via_sso":false,"log_type":"token"}', '2024-06-05 08:35:53.87798+00', ''),
	('00000000-0000-0000-0000-000000000000', 'a47a0b35-b044-4d23-85a4-0bc49e1dce31', '{"action":"token_revoked","actor_id":"74dffe01-1824-4118-a205-87bace940e3a","actor_name":"Bonjour","actor_username":"c.fallotin@gmail.com","actor_via_sso":false,"log_type":"token"}', '2024-06-05 08:35:53.879621+00', ''),
	('00000000-0000-0000-0000-000000000000', '5a6a50bf-51e2-47c0-9bfb-50200b82c523', '{"action":"token_refreshed","actor_id":"74dffe01-1824-4118-a205-87bace940e3a","actor_name":"Bonjour","actor_username":"c.fallotin@gmail.com","actor_via_sso":false,"log_type":"token"}', '2024-06-05 09:33:54.177354+00', ''),
	('00000000-0000-0000-0000-000000000000', 'c3b34ef8-ed22-4a2b-be95-7cb5ef072996', '{"action":"token_revoked","actor_id":"74dffe01-1824-4118-a205-87bace940e3a","actor_name":"Bonjour","actor_username":"c.fallotin@gmail.com","actor_via_sso":false,"log_type":"token"}', '2024-06-05 09:33:54.180688+00', ''),
	('00000000-0000-0000-0000-000000000000', '5f0b18ea-a962-4f2c-bf8e-491110d66dd6', '{"action":"token_refreshed","actor_id":"ddee3ea7-0d3d-4194-8ab1-5e0a36ec2026","actor_username":"6kgrw22qg8@privaterelay.appleid.com","actor_via_sso":false,"log_type":"token"}', '2024-06-05 10:20:29.868124+00', ''),
	('00000000-0000-0000-0000-000000000000', 'f56ab959-8701-4738-97ad-7859df3510e2', '{"action":"token_revoked","actor_id":"ddee3ea7-0d3d-4194-8ab1-5e0a36ec2026","actor_username":"6kgrw22qg8@privaterelay.appleid.com","actor_via_sso":false,"log_type":"token"}', '2024-06-05 10:20:29.870909+00', ''),
	('00000000-0000-0000-0000-000000000000', '13e30719-a72c-406b-ab59-31f28edc6044', '{"action":"token_refreshed","actor_id":"74dffe01-1824-4118-a205-87bace940e3a","actor_name":"Bonjour","actor_username":"c.fallotin@gmail.com","actor_via_sso":false,"log_type":"token"}', '2024-06-05 10:41:40.262244+00', ''),
	('00000000-0000-0000-0000-000000000000', 'fd57a142-8ebc-45ae-8cd7-b634e8e2b401', '{"action":"token_revoked","actor_id":"74dffe01-1824-4118-a205-87bace940e3a","actor_name":"Bonjour","actor_username":"c.fallotin@gmail.com","actor_via_sso":false,"log_type":"token"}', '2024-06-05 10:41:40.264298+00', ''),
	('00000000-0000-0000-0000-000000000000', '49d58e49-386b-4245-b556-6dd0fe71b088', '{"action":"token_refreshed","actor_id":"74dffe01-1824-4118-a205-87bace940e3a","actor_name":"Bonjour","actor_username":"c.fallotin@gmail.com","actor_via_sso":false,"log_type":"token"}', '2024-06-05 11:42:48.065609+00', ''),
	('00000000-0000-0000-0000-000000000000', '9399a7ef-756b-443c-8b85-563eed3081d8', '{"action":"token_revoked","actor_id":"74dffe01-1824-4118-a205-87bace940e3a","actor_name":"Bonjour","actor_username":"c.fallotin@gmail.com","actor_via_sso":false,"log_type":"token"}', '2024-06-05 11:42:48.06812+00', ''),
	('00000000-0000-0000-0000-000000000000', 'ff750402-5bc5-4248-a001-2228b9f08ea2', '{"action":"token_refreshed","actor_id":"ddee3ea7-0d3d-4194-8ab1-5e0a36ec2026","actor_username":"6kgrw22qg8@privaterelay.appleid.com","actor_via_sso":false,"log_type":"token"}', '2024-06-05 12:05:30.567947+00', ''),
	('00000000-0000-0000-0000-000000000000', '2cac2b7d-7732-4306-abf8-19aacd2ff0c0', '{"action":"token_revoked","actor_id":"ddee3ea7-0d3d-4194-8ab1-5e0a36ec2026","actor_username":"6kgrw22qg8@privaterelay.appleid.com","actor_via_sso":false,"log_type":"token"}', '2024-06-05 12:05:30.56998+00', ''),
	('00000000-0000-0000-0000-000000000000', '8f88d49f-866d-40e6-8ff0-f74f27cd833e', '{"action":"token_refreshed","actor_id":"74dffe01-1824-4118-a205-87bace940e3a","actor_name":"Bonjour","actor_username":"c.fallotin@gmail.com","actor_via_sso":false,"log_type":"token"}', '2024-06-05 13:05:08.037311+00', ''),
	('00000000-0000-0000-0000-000000000000', '3c157c21-3f9c-4914-9e8d-af71bcef0c92', '{"action":"token_revoked","actor_id":"74dffe01-1824-4118-a205-87bace940e3a","actor_name":"Bonjour","actor_username":"c.fallotin@gmail.com","actor_via_sso":false,"log_type":"token"}', '2024-06-05 13:05:08.041095+00', ''),
	('00000000-0000-0000-0000-000000000000', '1ca38eff-a7a3-4db6-82f6-4df57b6cf02c', '{"action":"token_refreshed","actor_id":"ddee3ea7-0d3d-4194-8ab1-5e0a36ec2026","actor_username":"6kgrw22qg8@privaterelay.appleid.com","actor_via_sso":false,"log_type":"token"}', '2024-06-05 14:14:36.7426+00', ''),
	('00000000-0000-0000-0000-000000000000', '75172b7f-2e82-4951-adef-26fabf36a2c8', '{"action":"token_revoked","actor_id":"ddee3ea7-0d3d-4194-8ab1-5e0a36ec2026","actor_username":"6kgrw22qg8@privaterelay.appleid.com","actor_via_sso":false,"log_type":"token"}', '2024-06-05 14:14:36.744139+00', ''),
	('00000000-0000-0000-0000-000000000000', 'a1eccd4b-b34d-461c-9665-089d74e0b161', '{"action":"logout","actor_id":"ddee3ea7-0d3d-4194-8ab1-5e0a36ec2026","actor_username":"6kgrw22qg8@privaterelay.appleid.com","actor_via_sso":false,"log_type":"account"}', '2024-06-05 14:17:37.058195+00', ''),
	('00000000-0000-0000-0000-000000000000', '7d6007d9-ccdf-4ffa-9e9a-cd75d9fd5efd', '{"action":"login","actor_id":"ddee3ea7-0d3d-4194-8ab1-5e0a36ec2026","actor_username":"6kgrw22qg8@privaterelay.appleid.com","actor_via_sso":false,"log_type":"account","traits":{"provider":"apple"}}', '2024-06-05 14:17:47.025604+00', ''),
	('00000000-0000-0000-0000-000000000000', 'be858bef-8615-49b4-8a0a-b6e5bf7e5708', '{"action":"token_refreshed","actor_id":"74dffe01-1824-4118-a205-87bace940e3a","actor_name":"Bonjour","actor_username":"c.fallotin@gmail.com","actor_via_sso":false,"log_type":"token"}', '2024-06-05 15:16:06.980233+00', ''),
	('00000000-0000-0000-0000-000000000000', '94c6bb2a-1727-44a6-9b46-d60c656f925b', '{"action":"token_revoked","actor_id":"74dffe01-1824-4118-a205-87bace940e3a","actor_name":"Bonjour","actor_username":"c.fallotin@gmail.com","actor_via_sso":false,"log_type":"token"}', '2024-06-05 15:16:06.981805+00', ''),
	('00000000-0000-0000-0000-000000000000', '21f68c40-63db-4eaf-a82b-06ed537e83c8', '{"action":"token_refreshed","actor_id":"74dffe01-1824-4118-a205-87bace940e3a","actor_name":"Bonjour","actor_username":"c.fallotin@gmail.com","actor_via_sso":false,"log_type":"token"}', '2024-06-05 17:01:13.809952+00', ''),
	('00000000-0000-0000-0000-000000000000', '0d6ddb74-4dd6-4454-b0ee-44e4cdad0183', '{"action":"token_revoked","actor_id":"74dffe01-1824-4118-a205-87bace940e3a","actor_name":"Bonjour","actor_username":"c.fallotin@gmail.com","actor_via_sso":false,"log_type":"token"}', '2024-06-05 17:01:13.811878+00', ''),
	('00000000-0000-0000-0000-000000000000', '3b855367-cddd-4005-bc1a-add8251dca7d', '{"action":"token_refreshed","actor_id":"74dffe01-1824-4118-a205-87bace940e3a","actor_name":"Bonjour","actor_username":"c.fallotin@gmail.com","actor_via_sso":false,"log_type":"token"}', '2024-06-05 18:03:28.927672+00', ''),
	('00000000-0000-0000-0000-000000000000', '1862aee6-5982-4ffc-bfe3-90450b17b1f5', '{"action":"token_revoked","actor_id":"74dffe01-1824-4118-a205-87bace940e3a","actor_name":"Bonjour","actor_username":"c.fallotin@gmail.com","actor_via_sso":false,"log_type":"token"}', '2024-06-05 18:03:28.930044+00', ''),
	('00000000-0000-0000-0000-000000000000', '97291312-1b6b-4885-a5a6-935a4ef93c77', '{"action":"token_refreshed","actor_id":"74dffe01-1824-4118-a205-87bace940e3a","actor_name":"Bonjour","actor_username":"c.fallotin@gmail.com","actor_via_sso":false,"log_type":"token"}', '2024-06-05 19:03:19.28421+00', ''),
	('00000000-0000-0000-0000-000000000000', '3e0c4440-5f09-4f5c-95f2-06b1b2c711ce', '{"action":"token_revoked","actor_id":"74dffe01-1824-4118-a205-87bace940e3a","actor_name":"Bonjour","actor_username":"c.fallotin@gmail.com","actor_via_sso":false,"log_type":"token"}', '2024-06-05 19:03:19.286997+00', ''),
	('00000000-0000-0000-0000-000000000000', '3fac4f19-1ee9-4ce4-befd-f63b0ca5e826', '{"action":"token_refreshed","actor_id":"74dffe01-1824-4118-a205-87bace940e3a","actor_name":"Bonjour","actor_username":"c.fallotin@gmail.com","actor_via_sso":false,"log_type":"token"}', '2024-06-05 20:56:40.975046+00', ''),
	('00000000-0000-0000-0000-000000000000', '4fcbb8ef-0877-4911-92d7-951fd12477cb', '{"action":"token_revoked","actor_id":"74dffe01-1824-4118-a205-87bace940e3a","actor_name":"Bonjour","actor_username":"c.fallotin@gmail.com","actor_via_sso":false,"log_type":"token"}', '2024-06-05 20:56:40.977666+00', ''),
	('00000000-0000-0000-0000-000000000000', 'a3917559-28a5-42ac-af6d-cd447873abc6', '{"action":"token_refreshed","actor_id":"74dffe01-1824-4118-a205-87bace940e3a","actor_name":"Bonjour","actor_username":"c.fallotin@gmail.com","actor_via_sso":false,"log_type":"token"}', '2024-06-05 22:16:14.172019+00', ''),
	('00000000-0000-0000-0000-000000000000', '82555a9d-7ee6-4717-9bde-1df41a7ea85f', '{"action":"token_revoked","actor_id":"74dffe01-1824-4118-a205-87bace940e3a","actor_name":"Bonjour","actor_username":"c.fallotin@gmail.com","actor_via_sso":false,"log_type":"token"}', '2024-06-05 22:16:14.175418+00', ''),
	('00000000-0000-0000-0000-000000000000', 'e7af5914-6426-42b7-8d51-2f1276f4d5d8', '{"action":"token_refreshed","actor_id":"74dffe01-1824-4118-a205-87bace940e3a","actor_name":"Bonjour","actor_username":"c.fallotin@gmail.com","actor_via_sso":false,"log_type":"token"}', '2024-06-05 23:17:13.011325+00', ''),
	('00000000-0000-0000-0000-000000000000', 'c7573776-4cc4-4031-9089-a52da0c2beab', '{"action":"token_revoked","actor_id":"74dffe01-1824-4118-a205-87bace940e3a","actor_name":"Bonjour","actor_username":"c.fallotin@gmail.com","actor_via_sso":false,"log_type":"token"}', '2024-06-05 23:17:13.018991+00', ''),
	('00000000-0000-0000-0000-000000000000', '89d37bcd-d7bc-457b-8890-eba352d9410e', '{"action":"token_refreshed","actor_id":"74dffe01-1824-4118-a205-87bace940e3a","actor_name":"Bonjour","actor_username":"c.fallotin@gmail.com","actor_via_sso":false,"log_type":"token"}', '2024-06-06 00:15:41.230137+00', ''),
	('00000000-0000-0000-0000-000000000000', '0fea6bf1-9a2d-4173-ae7e-d09a3cb7e4ad', '{"action":"token_revoked","actor_id":"74dffe01-1824-4118-a205-87bace940e3a","actor_name":"Bonjour","actor_username":"c.fallotin@gmail.com","actor_via_sso":false,"log_type":"token"}', '2024-06-06 00:15:41.233651+00', ''),
	('00000000-0000-0000-0000-000000000000', '2266f0c9-cf51-4738-af88-6a975c4028f5', '{"action":"token_refreshed","actor_id":"74dffe01-1824-4118-a205-87bace940e3a","actor_name":"Bonjour","actor_username":"c.fallotin@gmail.com","actor_via_sso":false,"log_type":"token"}', '2024-06-06 01:14:11.614998+00', ''),
	('00000000-0000-0000-0000-000000000000', '13eb0b49-4168-48b8-b3b2-b63b4853b8c0', '{"action":"token_revoked","actor_id":"74dffe01-1824-4118-a205-87bace940e3a","actor_name":"Bonjour","actor_username":"c.fallotin@gmail.com","actor_via_sso":false,"log_type":"token"}', '2024-06-06 01:14:11.625199+00', ''),
	('00000000-0000-0000-0000-000000000000', 'fe72e437-a827-4341-8e88-c139e54115e2', '{"action":"user_signedup","actor_id":"9d0346e8-d342-4ea5-9af3-5aa9754ade76","actor_username":"64b9tvf5h7@privaterelay.appleid.com","actor_via_sso":false,"log_type":"team","traits":{"provider":"apple"}}', '2024-06-06 01:55:24.3682+00', ''),
	('00000000-0000-0000-0000-000000000000', '4481028f-c057-4fca-b2ee-d5e5cde1916d', '{"action":"token_refreshed","actor_id":"74dffe01-1824-4118-a205-87bace940e3a","actor_name":"Bonjour","actor_username":"c.fallotin@gmail.com","actor_via_sso":false,"log_type":"token"}', '2024-06-06 02:12:11.664462+00', ''),
	('00000000-0000-0000-0000-000000000000', '33f293f3-1d94-4498-bba8-912159e52c36', '{"action":"token_revoked","actor_id":"74dffe01-1824-4118-a205-87bace940e3a","actor_name":"Bonjour","actor_username":"c.fallotin@gmail.com","actor_via_sso":false,"log_type":"token"}', '2024-06-06 02:12:11.665952+00', ''),
	('00000000-0000-0000-0000-000000000000', '74829910-6903-4525-af32-0488aa2b0108', '{"action":"token_refreshed","actor_id":"ddee3ea7-0d3d-4194-8ab1-5e0a36ec2026","actor_username":"6kgrw22qg8@privaterelay.appleid.com","actor_via_sso":false,"log_type":"token"}', '2024-06-06 02:48:04.718284+00', ''),
	('00000000-0000-0000-0000-000000000000', '34af02f1-6907-4d80-9079-8190efc17c50', '{"action":"token_revoked","actor_id":"ddee3ea7-0d3d-4194-8ab1-5e0a36ec2026","actor_username":"6kgrw22qg8@privaterelay.appleid.com","actor_via_sso":false,"log_type":"token"}', '2024-06-06 02:48:04.724667+00', ''),
	('00000000-0000-0000-0000-000000000000', '75cd50c8-1ded-4a34-9e1c-b8372a9df6e4', '{"action":"token_refreshed","actor_id":"74dffe01-1824-4118-a205-87bace940e3a","actor_name":"Bonjour","actor_username":"c.fallotin@gmail.com","actor_via_sso":false,"log_type":"token"}', '2024-06-06 03:10:11.813766+00', ''),
	('00000000-0000-0000-0000-000000000000', '2599c6c2-6191-4184-87e1-00912f6033e5', '{"action":"token_revoked","actor_id":"74dffe01-1824-4118-a205-87bace940e3a","actor_name":"Bonjour","actor_username":"c.fallotin@gmail.com","actor_via_sso":false,"log_type":"token"}', '2024-06-06 03:10:11.81619+00', ''),
	('00000000-0000-0000-0000-000000000000', '3c390b3e-7cd1-4429-b808-8d7bab578981', '{"action":"token_revoked","actor_id":"ddee3ea7-0d3d-4194-8ab1-5e0a36ec2026","actor_username":"6kgrw22qg8@privaterelay.appleid.com","actor_via_sso":false,"log_type":"token"}', '2024-06-07 03:59:14.717158+00', ''),
	('00000000-0000-0000-0000-000000000000', '1280c5ac-2708-4435-b4d7-4aa6ee6006fa', '{"action":"token_refreshed","actor_id":"74dffe01-1824-4118-a205-87bace940e3a","actor_name":"Bonjour","actor_username":"c.fallotin@gmail.com","actor_via_sso":false,"log_type":"token"}', '2024-06-06 04:08:12.099215+00', ''),
	('00000000-0000-0000-0000-000000000000', '1cb5895d-8054-448c-8e7c-e1febc1c637a', '{"action":"token_revoked","actor_id":"74dffe01-1824-4118-a205-87bace940e3a","actor_name":"Bonjour","actor_username":"c.fallotin@gmail.com","actor_via_sso":false,"log_type":"token"}', '2024-06-06 04:08:12.102041+00', ''),
	('00000000-0000-0000-0000-000000000000', 'fc308420-fe39-429a-b793-022a47ccae0d', '{"action":"token_refreshed","actor_id":"74dffe01-1824-4118-a205-87bace940e3a","actor_name":"Bonjour","actor_username":"c.fallotin@gmail.com","actor_via_sso":false,"log_type":"token"}', '2024-06-06 05:06:42.326664+00', ''),
	('00000000-0000-0000-0000-000000000000', '3bcc15b7-442b-4fe3-9017-4edfc4de634b', '{"action":"token_revoked","actor_id":"74dffe01-1824-4118-a205-87bace940e3a","actor_name":"Bonjour","actor_username":"c.fallotin@gmail.com","actor_via_sso":false,"log_type":"token"}', '2024-06-06 05:06:42.330365+00', ''),
	('00000000-0000-0000-0000-000000000000', '1b115da9-d961-4aae-936b-f4f6d0bef271', '{"action":"token_refreshed","actor_id":"74dffe01-1824-4118-a205-87bace940e3a","actor_name":"Bonjour","actor_username":"c.fallotin@gmail.com","actor_via_sso":false,"log_type":"token"}', '2024-06-06 06:05:12.569695+00', ''),
	('00000000-0000-0000-0000-000000000000', 'dca2ff69-5d15-492b-a2b5-a9dce13e3e96', '{"action":"token_revoked","actor_id":"74dffe01-1824-4118-a205-87bace940e3a","actor_name":"Bonjour","actor_username":"c.fallotin@gmail.com","actor_via_sso":false,"log_type":"token"}', '2024-06-06 06:05:12.571609+00', ''),
	('00000000-0000-0000-0000-000000000000', 'b4bf247a-b456-4671-81f5-d3d88bf2a492', '{"action":"token_refreshed","actor_id":"74dffe01-1824-4118-a205-87bace940e3a","actor_name":"Bonjour","actor_username":"c.fallotin@gmail.com","actor_via_sso":false,"log_type":"token"}', '2024-06-06 07:03:12.882898+00', ''),
	('00000000-0000-0000-0000-000000000000', '70768f09-dd01-4eef-8675-7ece39ed135d', '{"action":"token_revoked","actor_id":"74dffe01-1824-4118-a205-87bace940e3a","actor_name":"Bonjour","actor_username":"c.fallotin@gmail.com","actor_via_sso":false,"log_type":"token"}', '2024-06-06 07:03:12.889194+00', ''),
	('00000000-0000-0000-0000-000000000000', '16beb8d3-6d18-41f9-9d83-dbd3d26ac924', '{"action":"token_refreshed","actor_id":"9d0346e8-d342-4ea5-9af3-5aa9754ade76","actor_username":"64b9tvf5h7@privaterelay.appleid.com","actor_via_sso":false,"log_type":"token"}', '2024-06-06 07:24:27.273644+00', ''),
	('00000000-0000-0000-0000-000000000000', 'b6f19af1-a844-42c4-b093-0c12be01b12d', '{"action":"token_revoked","actor_id":"9d0346e8-d342-4ea5-9af3-5aa9754ade76","actor_username":"64b9tvf5h7@privaterelay.appleid.com","actor_via_sso":false,"log_type":"token"}', '2024-06-06 07:24:27.276577+00', ''),
	('00000000-0000-0000-0000-000000000000', '60192522-58ef-4b53-8687-54bda483401e', '{"action":"token_refreshed","actor_id":"74dffe01-1824-4118-a205-87bace940e3a","actor_name":"Bonjour","actor_username":"c.fallotin@gmail.com","actor_via_sso":false,"log_type":"token"}', '2024-06-06 08:01:13.072297+00', ''),
	('00000000-0000-0000-0000-000000000000', 'd5e5764c-8892-477d-a54c-c04e7e35807c', '{"action":"token_revoked","actor_id":"74dffe01-1824-4118-a205-87bace940e3a","actor_name":"Bonjour","actor_username":"c.fallotin@gmail.com","actor_via_sso":false,"log_type":"token"}', '2024-06-06 08:01:13.074174+00', ''),
	('00000000-0000-0000-0000-000000000000', 'b0ce3858-6fba-4a21-87b4-80eed5c3fd98', '{"action":"token_refreshed","actor_id":"74dffe01-1824-4118-a205-87bace940e3a","actor_name":"Bonjour","actor_username":"c.fallotin@gmail.com","actor_via_sso":false,"log_type":"token"}', '2024-06-06 08:59:43.32553+00', ''),
	('00000000-0000-0000-0000-000000000000', 'e8010410-cb4d-4cc2-b966-674ca3df0102', '{"action":"token_revoked","actor_id":"74dffe01-1824-4118-a205-87bace940e3a","actor_name":"Bonjour","actor_username":"c.fallotin@gmail.com","actor_via_sso":false,"log_type":"token"}', '2024-06-06 08:59:43.332305+00', ''),
	('00000000-0000-0000-0000-000000000000', 'af84a3c3-e162-40eb-95c6-b5e3a90f3472', '{"action":"token_refreshed","actor_id":"74dffe01-1824-4118-a205-87bace940e3a","actor_name":"Bonjour","actor_username":"c.fallotin@gmail.com","actor_via_sso":false,"log_type":"token"}', '2024-06-06 09:57:43.627863+00', ''),
	('00000000-0000-0000-0000-000000000000', 'c6c05fcb-fc6a-4a25-b28e-4e34b925fe0c', '{"action":"token_revoked","actor_id":"74dffe01-1824-4118-a205-87bace940e3a","actor_name":"Bonjour","actor_username":"c.fallotin@gmail.com","actor_via_sso":false,"log_type":"token"}', '2024-06-06 09:57:43.630224+00', ''),
	('00000000-0000-0000-0000-000000000000', '2451097c-c6d9-4161-871c-772d3bd012d1', '{"action":"token_refreshed","actor_id":"74dffe01-1824-4118-a205-87bace940e3a","actor_name":"Bonjour","actor_username":"c.fallotin@gmail.com","actor_via_sso":false,"log_type":"token"}', '2024-06-06 10:55:43.914191+00', ''),
	('00000000-0000-0000-0000-000000000000', '1cf3b621-7045-4865-8513-a717d4cb198b', '{"action":"token_revoked","actor_id":"74dffe01-1824-4118-a205-87bace940e3a","actor_name":"Bonjour","actor_username":"c.fallotin@gmail.com","actor_via_sso":false,"log_type":"token"}', '2024-06-06 10:55:43.916799+00', ''),
	('00000000-0000-0000-0000-000000000000', '1bcce541-9ff4-4fb1-8b5c-204a56a4af1b', '{"action":"token_refreshed","actor_id":"74dffe01-1824-4118-a205-87bace940e3a","actor_name":"Bonjour","actor_username":"c.fallotin@gmail.com","actor_via_sso":false,"log_type":"token"}', '2024-06-06 11:53:44.15107+00', ''),
	('00000000-0000-0000-0000-000000000000', '3a753a67-141c-470b-97b6-d7f3ae8153d7', '{"action":"token_revoked","actor_id":"74dffe01-1824-4118-a205-87bace940e3a","actor_name":"Bonjour","actor_username":"c.fallotin@gmail.com","actor_via_sso":false,"log_type":"token"}', '2024-06-06 11:53:44.153644+00', ''),
	('00000000-0000-0000-0000-000000000000', '2c1b2594-1f90-411c-8bc0-421e674381f0', '{"action":"token_refreshed","actor_id":"74dffe01-1824-4118-a205-87bace940e3a","actor_name":"Bonjour","actor_username":"c.fallotin@gmail.com","actor_via_sso":false,"log_type":"token"}', '2024-06-07 01:48:19.82+00', ''),
	('00000000-0000-0000-0000-000000000000', 'ada2f42a-a60f-44c1-be02-09e5c989c9b6', '{"action":"token_revoked","actor_id":"74dffe01-1824-4118-a205-87bace940e3a","actor_name":"Bonjour","actor_username":"c.fallotin@gmail.com","actor_via_sso":false,"log_type":"token"}', '2024-06-07 01:48:19.838134+00', ''),
	('00000000-0000-0000-0000-000000000000', '6e7b45d9-48a3-415e-a985-7a40fa897e8c', '{"action":"token_refreshed","actor_id":"74dffe01-1824-4118-a205-87bace940e3a","actor_name":"Bonjour","actor_username":"c.fallotin@gmail.com","actor_via_sso":false,"log_type":"token"}', '2024-06-07 02:46:19.660392+00', ''),
	('00000000-0000-0000-0000-000000000000', '56481a44-756f-4af6-85c5-c593d2f6e4fd', '{"action":"token_revoked","actor_id":"74dffe01-1824-4118-a205-87bace940e3a","actor_name":"Bonjour","actor_username":"c.fallotin@gmail.com","actor_via_sso":false,"log_type":"token"}', '2024-06-07 02:46:19.663344+00', ''),
	('00000000-0000-0000-0000-000000000000', '762e3dd3-539a-4668-9ba8-15446e22ca66', '{"action":"token_refreshed","actor_id":"9d0346e8-d342-4ea5-9af3-5aa9754ade76","actor_username":"64b9tvf5h7@privaterelay.appleid.com","actor_via_sso":false,"log_type":"token"}', '2024-06-07 03:08:39.243941+00', ''),
	('00000000-0000-0000-0000-000000000000', 'b7174a64-22ae-4260-998b-d51c25e9a40e', '{"action":"token_revoked","actor_id":"9d0346e8-d342-4ea5-9af3-5aa9754ade76","actor_username":"64b9tvf5h7@privaterelay.appleid.com","actor_via_sso":false,"log_type":"token"}', '2024-06-07 03:08:39.249767+00', ''),
	('00000000-0000-0000-0000-000000000000', '0b036159-a665-487a-828f-e9b6d6d539ff', '{"action":"token_refreshed","actor_id":"74dffe01-1824-4118-a205-87bace940e3a","actor_name":"Bonjour","actor_username":"c.fallotin@gmail.com","actor_via_sso":false,"log_type":"token"}', '2024-06-07 03:44:33.008389+00', ''),
	('00000000-0000-0000-0000-000000000000', '46294508-3a32-44c9-96c5-ebc5ad42bf3c', '{"action":"token_revoked","actor_id":"74dffe01-1824-4118-a205-87bace940e3a","actor_name":"Bonjour","actor_username":"c.fallotin@gmail.com","actor_via_sso":false,"log_type":"token"}', '2024-06-07 03:44:33.010808+00', ''),
	('00000000-0000-0000-0000-000000000000', '28d0a118-784b-46fd-a300-8fa34c36922c', '{"action":"logout","actor_id":"9d0346e8-d342-4ea5-9af3-5aa9754ade76","actor_username":"64b9tvf5h7@privaterelay.appleid.com","actor_via_sso":false,"log_type":"account"}', '2024-06-07 03:55:12.363796+00', ''),
	('00000000-0000-0000-0000-000000000000', '8261cbb1-7cb4-407e-8af4-7fabff003166', '{"action":"login","actor_id":"9d0346e8-d342-4ea5-9af3-5aa9754ade76","actor_username":"64b9tvf5h7@privaterelay.appleid.com","actor_via_sso":false,"log_type":"account","traits":{"provider":"apple"}}', '2024-06-07 03:55:19.990837+00', ''),
	('00000000-0000-0000-0000-000000000000', '8ffdffae-d6f0-4f90-98db-3e0c4fa77b34', '{"action":"token_refreshed","actor_id":"ddee3ea7-0d3d-4194-8ab1-5e0a36ec2026","actor_username":"6kgrw22qg8@privaterelay.appleid.com","actor_via_sso":false,"log_type":"token"}', '2024-06-07 03:59:14.71411+00', ''),
	('00000000-0000-0000-0000-000000000000', '60cf877d-6237-40b5-a9d0-4a8d4b5b98d1', '{"action":"logout","actor_id":"9d0346e8-d342-4ea5-9af3-5aa9754ade76","actor_username":"64b9tvf5h7@privaterelay.appleid.com","actor_via_sso":false,"log_type":"account"}', '2024-06-07 04:01:09.11142+00', ''),
	('00000000-0000-0000-0000-000000000000', '394a3a49-a284-47a5-a59d-fc5bfcd3371d', '{"action":"login","actor_id":"74dffe01-1824-4118-a205-87bace940e3a","actor_name":"Bonjour","actor_username":"c.fallotin@gmail.com","actor_via_sso":false,"log_type":"account","traits":{"provider":"email"}}', '2024-06-07 04:01:27.392634+00', ''),
	('00000000-0000-0000-0000-000000000000', 'c27cc92a-984a-4ad9-8f1e-9bfa00486c98', '{"action":"login","actor_id":"9d0346e8-d342-4ea5-9af3-5aa9754ade76","actor_username":"64b9tvf5h7@privaterelay.appleid.com","actor_via_sso":false,"log_type":"account","traits":{"provider":"apple"}}', '2024-06-07 04:33:48.130754+00', ''),
	('00000000-0000-0000-0000-000000000000', 'a0b87ce9-2811-43c8-8e98-96f111a28c55', '{"action":"token_refreshed","actor_id":"74dffe01-1824-4118-a205-87bace940e3a","actor_name":"Bonjour","actor_username":"c.fallotin@gmail.com","actor_via_sso":false,"log_type":"token"}', '2024-06-07 04:43:03.28583+00', ''),
	('00000000-0000-0000-0000-000000000000', '4bf15f13-bc64-452d-a098-6c8ef1b68a7b', '{"action":"token_revoked","actor_id":"74dffe01-1824-4118-a205-87bace940e3a","actor_name":"Bonjour","actor_username":"c.fallotin@gmail.com","actor_via_sso":false,"log_type":"token"}', '2024-06-07 04:43:03.287331+00', ''),
	('00000000-0000-0000-0000-000000000000', '1aace870-78e7-4f0b-8267-c45d006e35d2', '{"action":"token_refreshed","actor_id":"74dffe01-1824-4118-a205-87bace940e3a","actor_name":"Bonjour","actor_username":"c.fallotin@gmail.com","actor_via_sso":false,"log_type":"token"}', '2024-06-07 05:41:05.57424+00', ''),
	('00000000-0000-0000-0000-000000000000', '768ff693-3813-4e4f-953d-f843f97d9bea', '{"action":"token_revoked","actor_id":"74dffe01-1824-4118-a205-87bace940e3a","actor_name":"Bonjour","actor_username":"c.fallotin@gmail.com","actor_via_sso":false,"log_type":"token"}', '2024-06-07 05:41:05.575667+00', ''),
	('00000000-0000-0000-0000-000000000000', 'f0a04670-0495-4afa-bb76-636d41f88f43', '{"action":"token_refreshed","actor_id":"ddee3ea7-0d3d-4194-8ab1-5e0a36ec2026","actor_username":"6kgrw22qg8@privaterelay.appleid.com","actor_via_sso":false,"log_type":"token"}', '2024-06-07 05:57:40.690953+00', ''),
	('00000000-0000-0000-0000-000000000000', '98d27126-2cfc-40cc-a006-49868476c08e', '{"action":"token_revoked","actor_id":"ddee3ea7-0d3d-4194-8ab1-5e0a36ec2026","actor_username":"6kgrw22qg8@privaterelay.appleid.com","actor_via_sso":false,"log_type":"token"}', '2024-06-07 05:57:40.692693+00', ''),
	('00000000-0000-0000-0000-000000000000', '0856758e-f2bf-417c-bbcb-47c6d8f5bfef', '{"action":"token_refreshed","actor_id":"74dffe01-1824-4118-a205-87bace940e3a","actor_name":"Bonjour","actor_username":"c.fallotin@gmail.com","actor_via_sso":false,"log_type":"token"}', '2024-06-07 06:39:27.696569+00', ''),
	('00000000-0000-0000-0000-000000000000', '0aaad892-93f5-49b8-b88a-10ae5d5d1df9', '{"action":"token_revoked","actor_id":"74dffe01-1824-4118-a205-87bace940e3a","actor_name":"Bonjour","actor_username":"c.fallotin@gmail.com","actor_via_sso":false,"log_type":"token"}', '2024-06-07 06:39:27.70222+00', ''),
	('00000000-0000-0000-0000-000000000000', 'a4a67f5c-6bc2-4cbc-9188-8b83c4e94699', '{"action":"token_refreshed","actor_id":"ddee3ea7-0d3d-4194-8ab1-5e0a36ec2026","actor_username":"6kgrw22qg8@privaterelay.appleid.com","actor_via_sso":false,"log_type":"token"}', '2024-06-07 07:21:01.622304+00', ''),
	('00000000-0000-0000-0000-000000000000', '6cc72718-372e-4321-b340-78770ee3218e', '{"action":"token_revoked","actor_id":"ddee3ea7-0d3d-4194-8ab1-5e0a36ec2026","actor_username":"6kgrw22qg8@privaterelay.appleid.com","actor_via_sso":false,"log_type":"token"}', '2024-06-07 07:21:01.623823+00', ''),
	('00000000-0000-0000-0000-000000000000', 'a8c9875a-0e37-4ea4-b519-17a78050a674', '{"action":"token_refreshed","actor_id":"74dffe01-1824-4118-a205-87bace940e3a","actor_name":"Bonjour","actor_username":"c.fallotin@gmail.com","actor_via_sso":false,"log_type":"token"}', '2024-06-07 07:37:52.839833+00', ''),
	('00000000-0000-0000-0000-000000000000', 'f0f2564a-db79-4ecd-ac15-b2072fa8abf3', '{"action":"token_revoked","actor_id":"74dffe01-1824-4118-a205-87bace940e3a","actor_name":"Bonjour","actor_username":"c.fallotin@gmail.com","actor_via_sso":false,"log_type":"token"}', '2024-06-07 07:37:52.842105+00', ''),
	('00000000-0000-0000-0000-000000000000', '3139e71b-9b98-4faf-83d8-705e0bf02dd3', '{"action":"token_refreshed","actor_id":"ddee3ea7-0d3d-4194-8ab1-5e0a36ec2026","actor_username":"6kgrw22qg8@privaterelay.appleid.com","actor_via_sso":false,"log_type":"token"}', '2024-06-07 08:19:21.333894+00', ''),
	('00000000-0000-0000-0000-000000000000', '90be716c-4a37-4ce7-b275-6cf81f1847f2', '{"action":"token_revoked","actor_id":"ddee3ea7-0d3d-4194-8ab1-5e0a36ec2026","actor_username":"6kgrw22qg8@privaterelay.appleid.com","actor_via_sso":false,"log_type":"token"}', '2024-06-07 08:19:21.336733+00', ''),
	('00000000-0000-0000-0000-000000000000', '1b95b755-7fab-465e-a6b4-bd34bd7b4253', '{"action":"token_refreshed","actor_id":"74dffe01-1824-4118-a205-87bace940e3a","actor_name":"Bonjour","actor_username":"c.fallotin@gmail.com","actor_via_sso":false,"log_type":"token"}', '2024-06-07 08:35:53.462236+00', ''),
	('00000000-0000-0000-0000-000000000000', '7aaa3f9e-e394-4e7a-a6e7-816586c774c3', '{"action":"token_revoked","actor_id":"74dffe01-1824-4118-a205-87bace940e3a","actor_name":"Bonjour","actor_username":"c.fallotin@gmail.com","actor_via_sso":false,"log_type":"token"}', '2024-06-07 08:35:53.463857+00', ''),
	('00000000-0000-0000-0000-000000000000', 'ff6af4bb-1572-4e82-8036-80b8bb92862b', '{"action":"token_refreshed","actor_id":"ddee3ea7-0d3d-4194-8ab1-5e0a36ec2026","actor_username":"6kgrw22qg8@privaterelay.appleid.com","actor_via_sso":false,"log_type":"token"}', '2024-06-07 09:23:53.103075+00', ''),
	('00000000-0000-0000-0000-000000000000', '064e14b6-65b5-4fa2-b1df-77a95a35a770', '{"action":"token_revoked","actor_id":"ddee3ea7-0d3d-4194-8ab1-5e0a36ec2026","actor_username":"6kgrw22qg8@privaterelay.appleid.com","actor_via_sso":false,"log_type":"token"}', '2024-06-07 09:23:53.104806+00', ''),
	('00000000-0000-0000-0000-000000000000', 'c8b79cf9-d348-4195-97e7-eeffb1b1d660', '{"action":"token_refreshed","actor_id":"74dffe01-1824-4118-a205-87bace940e3a","actor_name":"Bonjour","actor_username":"c.fallotin@gmail.com","actor_via_sso":false,"log_type":"token"}', '2024-06-07 09:34:15.801677+00', ''),
	('00000000-0000-0000-0000-000000000000', 'ee971513-5cac-4875-94b5-b73ea4c2077b', '{"action":"token_revoked","actor_id":"74dffe01-1824-4118-a205-87bace940e3a","actor_name":"Bonjour","actor_username":"c.fallotin@gmail.com","actor_via_sso":false,"log_type":"token"}', '2024-06-07 09:34:15.804197+00', ''),
	('00000000-0000-0000-0000-000000000000', '40dac935-61dd-4bec-80d8-b339161a8aa9', '{"action":"token_refreshed","actor_id":"74dffe01-1824-4118-a205-87bace940e3a","actor_name":"Bonjour","actor_username":"c.fallotin@gmail.com","actor_via_sso":false,"log_type":"token"}', '2024-06-07 10:32:16.025976+00', ''),
	('00000000-0000-0000-0000-000000000000', 'b33432de-a7c8-445c-b81a-129dc07b019e', '{"action":"token_revoked","actor_id":"74dffe01-1824-4118-a205-87bace940e3a","actor_name":"Bonjour","actor_username":"c.fallotin@gmail.com","actor_via_sso":false,"log_type":"token"}', '2024-06-07 10:32:16.027249+00', ''),
	('00000000-0000-0000-0000-000000000000', '1fe5ce15-43ae-4b21-a471-78a922128cc4', '{"action":"token_refreshed","actor_id":"74dffe01-1824-4118-a205-87bace940e3a","actor_name":"Bonjour","actor_username":"c.fallotin@gmail.com","actor_via_sso":false,"log_type":"token"}', '2024-06-07 11:30:47.258061+00', ''),
	('00000000-0000-0000-0000-000000000000', '1df6e641-d8e8-482a-8a0a-7b7f89cbf6f2', '{"action":"token_revoked","actor_id":"74dffe01-1824-4118-a205-87bace940e3a","actor_name":"Bonjour","actor_username":"c.fallotin@gmail.com","actor_via_sso":false,"log_type":"token"}', '2024-06-07 11:30:47.260667+00', ''),
	('00000000-0000-0000-0000-000000000000', '82578ed2-8d03-4786-a0a9-3c188a303684', '{"action":"login","actor_id":"9d0346e8-d342-4ea5-9af3-5aa9754ade76","actor_username":"64b9tvf5h7@privaterelay.appleid.com","actor_via_sso":false,"log_type":"account","traits":{"provider":"apple"}}', '2024-06-07 11:45:07.109736+00', ''),
	('00000000-0000-0000-0000-000000000000', '93c45a46-3d43-4c26-b7d6-55e74b0d2779', '{"action":"token_refreshed","actor_id":"ddee3ea7-0d3d-4194-8ab1-5e0a36ec2026","actor_username":"6kgrw22qg8@privaterelay.appleid.com","actor_via_sso":false,"log_type":"token"}', '2024-06-07 12:03:51.20093+00', ''),
	('00000000-0000-0000-0000-000000000000', '12112133-b183-4ec0-b06e-85ea2e35c76c', '{"action":"token_revoked","actor_id":"ddee3ea7-0d3d-4194-8ab1-5e0a36ec2026","actor_username":"6kgrw22qg8@privaterelay.appleid.com","actor_via_sso":false,"log_type":"token"}', '2024-06-07 12:03:51.202985+00', ''),
	('00000000-0000-0000-0000-000000000000', '2ee183cd-3c8e-48b8-99a0-ba8c3bd7351d', '{"action":"token_refreshed","actor_id":"74dffe01-1824-4118-a205-87bace940e3a","actor_name":"Bonjour","actor_username":"c.fallotin@gmail.com","actor_via_sso":false,"log_type":"token"}', '2024-06-07 12:29:15.517069+00', ''),
	('00000000-0000-0000-0000-000000000000', '6b06a127-df2b-4d12-bfe9-1eff011c5449', '{"action":"token_revoked","actor_id":"74dffe01-1824-4118-a205-87bace940e3a","actor_name":"Bonjour","actor_username":"c.fallotin@gmail.com","actor_via_sso":false,"log_type":"token"}', '2024-06-07 12:29:15.519777+00', ''),
	('00000000-0000-0000-0000-000000000000', 'bf39e827-4d97-41ce-b226-c968e5623ddf', '{"action":"token_refreshed","actor_id":"74dffe01-1824-4118-a205-87bace940e3a","actor_name":"Bonjour","actor_username":"c.fallotin@gmail.com","actor_via_sso":false,"log_type":"token"}', '2024-06-07 13:27:15.769234+00', ''),
	('00000000-0000-0000-0000-000000000000', '05e7f5f0-a326-4cc6-8608-ec6278a1dc69', '{"action":"token_revoked","actor_id":"74dffe01-1824-4118-a205-87bace940e3a","actor_name":"Bonjour","actor_username":"c.fallotin@gmail.com","actor_via_sso":false,"log_type":"token"}', '2024-06-07 13:27:15.770532+00', ''),
	('00000000-0000-0000-0000-000000000000', '2fc6481c-7fe1-4b34-b7a4-d89c0b1e3e99', '{"action":"token_refreshed","actor_id":"74dffe01-1824-4118-a205-87bace940e3a","actor_name":"Bonjour","actor_username":"c.fallotin@gmail.com","actor_via_sso":false,"log_type":"token"}', '2024-06-07 14:25:15.925147+00', ''),
	('00000000-0000-0000-0000-000000000000', '897b9fad-f185-46ca-8717-eef0436061df', '{"action":"token_revoked","actor_id":"74dffe01-1824-4118-a205-87bace940e3a","actor_name":"Bonjour","actor_username":"c.fallotin@gmail.com","actor_via_sso":false,"log_type":"token"}', '2024-06-07 14:25:15.927427+00', ''),
	('00000000-0000-0000-0000-000000000000', '7450826d-3651-45a9-9ba8-7df2a013419e', '{"action":"login","actor_id":"9d0346e8-d342-4ea5-9af3-5aa9754ade76","actor_username":"64b9tvf5h7@privaterelay.appleid.com","actor_via_sso":false,"log_type":"account","traits":{"provider":"apple"}}', '2024-06-08 03:40:43.878612+00', ''),
	('00000000-0000-0000-0000-000000000000', 'bfdda7bb-6654-45f1-a005-03f2c418b25d', '{"action":"login","actor_id":"9d0346e8-d342-4ea5-9af3-5aa9754ade76","actor_username":"64b9tvf5h7@privaterelay.appleid.com","actor_via_sso":false,"log_type":"account","traits":{"provider":"apple"}}', '2024-06-08 03:58:03.802852+00', ''),
	('00000000-0000-0000-0000-000000000000', 'd80df56b-3d23-4814-90f4-7c2296c4a207', '{"action":"token_refreshed","actor_id":"74dffe01-1824-4118-a205-87bace940e3a","actor_name":"Bonjour","actor_username":"c.fallotin@gmail.com","actor_via_sso":false,"log_type":"token"}', '2024-06-08 04:31:05.733605+00', ''),
	('00000000-0000-0000-0000-000000000000', '45186126-3f81-4e73-80bb-5de46bae80bb', '{"action":"token_revoked","actor_id":"74dffe01-1824-4118-a205-87bace940e3a","actor_name":"Bonjour","actor_username":"c.fallotin@gmail.com","actor_via_sso":false,"log_type":"token"}', '2024-06-08 04:31:05.735855+00', ''),
	('00000000-0000-0000-0000-000000000000', '2cc9b659-54ca-4aae-9219-979360d79f0b', '{"action":"token_refreshed","actor_id":"74dffe01-1824-4118-a205-87bace940e3a","actor_name":"Bonjour","actor_username":"c.fallotin@gmail.com","actor_via_sso":false,"log_type":"token"}', '2024-06-08 05:29:06.663265+00', ''),
	('00000000-0000-0000-0000-000000000000', '05d497e1-57b1-4464-bd22-5ae40814eaa4', '{"action":"token_revoked","actor_id":"74dffe01-1824-4118-a205-87bace940e3a","actor_name":"Bonjour","actor_username":"c.fallotin@gmail.com","actor_via_sso":false,"log_type":"token"}', '2024-06-08 05:29:06.668401+00', ''),
	('00000000-0000-0000-0000-000000000000', '904b52fd-bc08-45ba-bd73-acc2ff4b90e0', '{"action":"token_refreshed","actor_id":"74dffe01-1824-4118-a205-87bace940e3a","actor_name":"Bonjour","actor_username":"c.fallotin@gmail.com","actor_via_sso":false,"log_type":"token"}', '2024-06-08 06:27:07.403828+00', ''),
	('00000000-0000-0000-0000-000000000000', 'db9cfced-f2ac-44b5-a443-23b7c048d5b0', '{"action":"token_revoked","actor_id":"74dffe01-1824-4118-a205-87bace940e3a","actor_name":"Bonjour","actor_username":"c.fallotin@gmail.com","actor_via_sso":false,"log_type":"token"}', '2024-06-08 06:27:07.410895+00', ''),
	('00000000-0000-0000-0000-000000000000', '357ee264-eb43-47ee-abc1-c4061be8d88b', '{"action":"token_refreshed","actor_id":"ddee3ea7-0d3d-4194-8ab1-5e0a36ec2026","actor_username":"6kgrw22qg8@privaterelay.appleid.com","actor_via_sso":false,"log_type":"token"}', '2024-06-08 06:30:59.65074+00', ''),
	('00000000-0000-0000-0000-000000000000', '4d5296a4-c837-47b8-aa07-68b4387a96e1', '{"action":"token_revoked","actor_id":"ddee3ea7-0d3d-4194-8ab1-5e0a36ec2026","actor_username":"6kgrw22qg8@privaterelay.appleid.com","actor_via_sso":false,"log_type":"token"}', '2024-06-08 06:30:59.654637+00', ''),
	('00000000-0000-0000-0000-000000000000', '405df38f-2e66-43db-a0cb-d8c25bc05065', '{"action":"login","actor_id":"9d0346e8-d342-4ea5-9af3-5aa9754ade76","actor_username":"64b9tvf5h7@privaterelay.appleid.com","actor_via_sso":false,"log_type":"account","traits":{"provider":"apple"}}', '2024-06-11 10:39:42.039456+00', ''),
	('00000000-0000-0000-0000-000000000000', 'd69f3dfb-b28e-4153-bc34-75551bd28cb9', '{"action":"user_signedup","actor_id":"76c8cee0-7630-46ea-a697-88d813c1688c","actor_username":"hateleylisa@gmail.com","actor_via_sso":false,"log_type":"team","traits":{"provider":"apple"}}', '2024-06-11 10:43:38.554676+00', ''),
	('00000000-0000-0000-0000-000000000000', 'b46b9205-dabe-45a5-82ff-7df08fb3e36f', '{"action":"login","actor_id":"74dffe01-1824-4118-a205-87bace940e3a","actor_name":"Bonjour","actor_username":"c.fallotin@gmail.com","actor_via_sso":false,"log_type":"account","traits":{"provider":"email"}}', '2024-06-11 11:21:03.061585+00', ''),
	('00000000-0000-0000-0000-000000000000', '70d2f0de-4a78-4c43-9eed-0f01608d59d0', '{"action":"token_refreshed","actor_id":"9d0346e8-d342-4ea5-9af3-5aa9754ade76","actor_username":"64b9tvf5h7@privaterelay.appleid.com","actor_via_sso":false,"log_type":"token"}', '2024-06-11 11:37:45.310597+00', ''),
	('00000000-0000-0000-0000-000000000000', '6e569eb1-1925-41b6-aa95-0cf5faedae7f', '{"action":"token_revoked","actor_id":"9d0346e8-d342-4ea5-9af3-5aa9754ade76","actor_username":"64b9tvf5h7@privaterelay.appleid.com","actor_via_sso":false,"log_type":"token"}', '2024-06-11 11:37:45.312707+00', ''),
	('00000000-0000-0000-0000-000000000000', 'c467614f-1616-4c03-a9a3-53c9c4e5b9ab', '{"action":"token_refreshed","actor_id":"76c8cee0-7630-46ea-a697-88d813c1688c","actor_username":"hateleylisa@gmail.com","actor_via_sso":false,"log_type":"token"}', '2024-06-11 11:50:44.829178+00', ''),
	('00000000-0000-0000-0000-000000000000', '6fb95ba9-95f3-4ed1-9cf8-3eb42d0b5aef', '{"action":"token_revoked","actor_id":"76c8cee0-7630-46ea-a697-88d813c1688c","actor_username":"hateleylisa@gmail.com","actor_via_sso":false,"log_type":"token"}', '2024-06-11 11:50:44.831909+00', ''),
	('00000000-0000-0000-0000-000000000000', '425b05f3-0e5c-4e1a-abcf-3d85e8a06a3c', '{"action":"token_refreshed","actor_id":"9d0346e8-d342-4ea5-9af3-5aa9754ade76","actor_username":"64b9tvf5h7@privaterelay.appleid.com","actor_via_sso":false,"log_type":"token"}', '2024-06-11 23:45:09.435697+00', ''),
	('00000000-0000-0000-0000-000000000000', '71d444ae-2b2f-4513-8191-8eb614e2dd62', '{"action":"token_revoked","actor_id":"9d0346e8-d342-4ea5-9af3-5aa9754ade76","actor_username":"64b9tvf5h7@privaterelay.appleid.com","actor_via_sso":false,"log_type":"token"}', '2024-06-11 23:45:09.440515+00', ''),
	('00000000-0000-0000-0000-000000000000', '496674b0-f9ff-491d-806b-6c3b10d911ff', '{"action":"token_refreshed","actor_id":"9d0346e8-d342-4ea5-9af3-5aa9754ade76","actor_username":"64b9tvf5h7@privaterelay.appleid.com","actor_via_sso":false,"log_type":"token"}', '2024-06-12 01:15:13.512099+00', ''),
	('00000000-0000-0000-0000-000000000000', '3980acc3-08ae-4d20-85a5-a56b10796f8c', '{"action":"token_revoked","actor_id":"9d0346e8-d342-4ea5-9af3-5aa9754ade76","actor_username":"64b9tvf5h7@privaterelay.appleid.com","actor_via_sso":false,"log_type":"token"}', '2024-06-12 01:15:13.515742+00', ''),
	('00000000-0000-0000-0000-000000000000', '9e4b611d-f80d-4fdc-acc3-911d02c56ef1', '{"action":"token_refreshed","actor_id":"9d0346e8-d342-4ea5-9af3-5aa9754ade76","actor_username":"64b9tvf5h7@privaterelay.appleid.com","actor_via_sso":false,"log_type":"token"}', '2024-06-12 02:15:02.877534+00', ''),
	('00000000-0000-0000-0000-000000000000', 'f96286de-81b9-4f7c-b0bf-054d51a3fc17', '{"action":"token_revoked","actor_id":"9d0346e8-d342-4ea5-9af3-5aa9754ade76","actor_username":"64b9tvf5h7@privaterelay.appleid.com","actor_via_sso":false,"log_type":"token"}', '2024-06-12 02:15:02.881045+00', ''),
	('00000000-0000-0000-0000-000000000000', 'cd3a3ac9-9f56-4ce8-8861-5a91eb8beaad', '{"action":"token_refreshed","actor_id":"74dffe01-1824-4118-a205-87bace940e3a","actor_name":"Bonjour","actor_username":"c.fallotin@gmail.com","actor_via_sso":false,"log_type":"token"}', '2024-06-12 04:55:36.144787+00', ''),
	('00000000-0000-0000-0000-000000000000', '9051d3b3-50c4-4aee-992c-d49f50d7fe3b', '{"action":"token_revoked","actor_id":"74dffe01-1824-4118-a205-87bace940e3a","actor_name":"Bonjour","actor_username":"c.fallotin@gmail.com","actor_via_sso":false,"log_type":"token"}', '2024-06-12 04:55:36.147001+00', ''),
	('00000000-0000-0000-0000-000000000000', '49933b29-2ba4-41d0-997c-893935742723', '{"action":"token_refreshed","actor_id":"74dffe01-1824-4118-a205-87bace940e3a","actor_name":"Bonjour","actor_username":"c.fallotin@gmail.com","actor_via_sso":false,"log_type":"token"}', '2024-06-12 05:53:52.407409+00', ''),
	('00000000-0000-0000-0000-000000000000', '8c0aef8d-cf96-4c46-ad82-896cfb3733c8', '{"action":"token_revoked","actor_id":"74dffe01-1824-4118-a205-87bace940e3a","actor_name":"Bonjour","actor_username":"c.fallotin@gmail.com","actor_via_sso":false,"log_type":"token"}', '2024-06-12 05:53:52.408802+00', ''),
	('00000000-0000-0000-0000-000000000000', '12ae37e5-2942-478e-b00d-24304595e652', '{"action":"token_refreshed","actor_id":"9d0346e8-d342-4ea5-9af3-5aa9754ade76","actor_username":"64b9tvf5h7@privaterelay.appleid.com","actor_via_sso":false,"log_type":"token"}', '2024-06-12 05:54:35.682502+00', ''),
	('00000000-0000-0000-0000-000000000000', '8bdcc238-48ae-43e1-9cfb-64dae00d52ee', '{"action":"token_revoked","actor_id":"9d0346e8-d342-4ea5-9af3-5aa9754ade76","actor_username":"64b9tvf5h7@privaterelay.appleid.com","actor_via_sso":false,"log_type":"token"}', '2024-06-12 05:54:35.683972+00', ''),
	('00000000-0000-0000-0000-000000000000', 'e1e269eb-f031-4424-a0cd-d61f3a9db7eb', '{"action":"token_refreshed","actor_id":"74dffe01-1824-4118-a205-87bace940e3a","actor_name":"Bonjour","actor_username":"c.fallotin@gmail.com","actor_via_sso":false,"log_type":"token"}', '2024-06-12 06:52:19.256411+00', ''),
	('00000000-0000-0000-0000-000000000000', '5e61d896-ec2a-47f4-9b9a-723d85a82daa', '{"action":"token_revoked","actor_id":"74dffe01-1824-4118-a205-87bace940e3a","actor_name":"Bonjour","actor_username":"c.fallotin@gmail.com","actor_via_sso":false,"log_type":"token"}', '2024-06-12 06:52:19.258718+00', ''),
	('00000000-0000-0000-0000-000000000000', '246264b3-19ab-4b23-8942-dab2a34ff5e2', '{"action":"login","actor_id":"74dffe01-1824-4118-a205-87bace940e3a","actor_name":"Bonjour","actor_username":"c.fallotin@gmail.com","actor_via_sso":false,"log_type":"account","traits":{"provider":"email"}}', '2024-06-12 07:01:22.649938+00', ''),
	('00000000-0000-0000-0000-000000000000', '0bf31abc-4fff-4d34-a6e7-a4722bd72116', '{"action":"token_refreshed","actor_id":"74dffe01-1824-4118-a205-87bace940e3a","actor_name":"Bonjour","actor_username":"c.fallotin@gmail.com","actor_via_sso":false,"log_type":"token"}', '2024-06-12 07:59:26.932111+00', ''),
	('00000000-0000-0000-0000-000000000000', '0edee204-83d0-4a07-b973-5f5fd4f35cd5', '{"action":"token_revoked","actor_id":"74dffe01-1824-4118-a205-87bace940e3a","actor_name":"Bonjour","actor_username":"c.fallotin@gmail.com","actor_via_sso":false,"log_type":"token"}', '2024-06-12 07:59:26.935981+00', ''),
	('00000000-0000-0000-0000-000000000000', 'bd7be86a-3aa5-4969-891f-94aae69d5eb7', '{"action":"token_refreshed","actor_id":"74dffe01-1824-4118-a205-87bace940e3a","actor_name":"Bonjour","actor_username":"c.fallotin@gmail.com","actor_via_sso":false,"log_type":"token"}', '2024-06-12 08:57:46.555763+00', ''),
	('00000000-0000-0000-0000-000000000000', 'ac781403-8378-4e65-994b-a1ca028712c6', '{"action":"token_revoked","actor_id":"74dffe01-1824-4118-a205-87bace940e3a","actor_name":"Bonjour","actor_username":"c.fallotin@gmail.com","actor_via_sso":false,"log_type":"token"}', '2024-06-12 08:57:46.558348+00', ''),
	('00000000-0000-0000-0000-000000000000', '2f73b682-bf68-424c-b064-259de157a5eb', '{"action":"login","actor_id":"9d0346e8-d342-4ea5-9af3-5aa9754ade76","actor_username":"64b9tvf5h7@privaterelay.appleid.com","actor_via_sso":false,"log_type":"account","traits":{"provider":"apple"}}', '2024-06-12 09:10:20.367717+00', ''),
	('00000000-0000-0000-0000-000000000000', '510f7fb5-f98b-4e37-bc15-59989e143f6b', '{"action":"token_refreshed","actor_id":"76c8cee0-7630-46ea-a697-88d813c1688c","actor_username":"hateleylisa@gmail.com","actor_via_sso":false,"log_type":"token"}', '2024-06-12 09:11:00.131155+00', ''),
	('00000000-0000-0000-0000-000000000000', 'e9d57b40-2020-4576-a3a2-84ce19e014f2', '{"action":"token_revoked","actor_id":"76c8cee0-7630-46ea-a697-88d813c1688c","actor_username":"hateleylisa@gmail.com","actor_via_sso":false,"log_type":"token"}', '2024-06-12 09:11:00.131725+00', ''),
	('00000000-0000-0000-0000-000000000000', '56927f53-1626-4a16-826c-d01384f7d977', '{"action":"login","actor_id":"76c8cee0-7630-46ea-a697-88d813c1688c","actor_username":"hateleylisa@gmail.com","actor_via_sso":false,"log_type":"account","traits":{"provider":"apple"}}', '2024-06-12 09:12:43.908586+00', ''),
	('00000000-0000-0000-0000-000000000000', 'cb319ffa-4b79-4cd0-b352-130423217ead', '{"action":"token_refreshed","actor_id":"9d0346e8-d342-4ea5-9af3-5aa9754ade76","actor_username":"64b9tvf5h7@privaterelay.appleid.com","actor_via_sso":false,"log_type":"token"}', '2024-06-12 10:32:29.785412+00', ''),
	('00000000-0000-0000-0000-000000000000', '650bbf41-61fc-49f6-84e8-6a95e8a8af67', '{"action":"token_revoked","actor_id":"9d0346e8-d342-4ea5-9af3-5aa9754ade76","actor_username":"64b9tvf5h7@privaterelay.appleid.com","actor_via_sso":false,"log_type":"token"}', '2024-06-12 10:32:29.798997+00', ''),
	('00000000-0000-0000-0000-000000000000', '361b2b93-623c-4b83-a4bb-955085a8c38f', '{"action":"token_refreshed","actor_id":"76c8cee0-7630-46ea-a697-88d813c1688c","actor_username":"hateleylisa@gmail.com","actor_via_sso":false,"log_type":"token"}', '2024-06-12 10:39:53.843583+00', ''),
	('00000000-0000-0000-0000-000000000000', 'b5c74ae6-d15f-4fbe-ab17-69aeac0907cd', '{"action":"token_revoked","actor_id":"76c8cee0-7630-46ea-a697-88d813c1688c","actor_username":"hateleylisa@gmail.com","actor_via_sso":false,"log_type":"token"}', '2024-06-12 10:39:53.846227+00', ''),
	('00000000-0000-0000-0000-000000000000', '2e65a765-501a-4619-9827-c941b93341f1', '{"action":"token_refreshed","actor_id":"74dffe01-1824-4118-a205-87bace940e3a","actor_name":"Bonjour","actor_username":"c.fallotin@gmail.com","actor_via_sso":false,"log_type":"token"}', '2024-06-12 10:52:03.666879+00', ''),
	('00000000-0000-0000-0000-000000000000', '32973fdb-dc33-4074-82b1-a0ccba52fb1b', '{"action":"token_revoked","actor_id":"74dffe01-1824-4118-a205-87bace940e3a","actor_name":"Bonjour","actor_username":"c.fallotin@gmail.com","actor_via_sso":false,"log_type":"token"}', '2024-06-12 10:52:03.668575+00', ''),
	('00000000-0000-0000-0000-000000000000', 'c205d767-4516-48d6-83f6-385e26af423b', '{"action":"token_refreshed","actor_id":"9d0346e8-d342-4ea5-9af3-5aa9754ade76","actor_username":"64b9tvf5h7@privaterelay.appleid.com","actor_via_sso":false,"log_type":"token"}', '2024-06-12 11:55:15.571605+00', ''),
	('00000000-0000-0000-0000-000000000000', '780147f0-db6a-4c7d-be00-2e85e2f6801b', '{"action":"token_revoked","actor_id":"9d0346e8-d342-4ea5-9af3-5aa9754ade76","actor_username":"64b9tvf5h7@privaterelay.appleid.com","actor_via_sso":false,"log_type":"token"}', '2024-06-12 11:55:15.575718+00', ''),
	('00000000-0000-0000-0000-000000000000', '9f4bd5fb-1305-41c8-aff1-fbd7a9e58fd9', '{"action":"token_refreshed","actor_id":"74dffe01-1824-4118-a205-87bace940e3a","actor_name":"Bonjour","actor_username":"c.fallotin@gmail.com","actor_via_sso":false,"log_type":"token"}', '2024-06-12 12:44:59.744443+00', ''),
	('00000000-0000-0000-0000-000000000000', '40c2dbcc-7e67-40a6-8333-8f397b9a0539', '{"action":"token_revoked","actor_id":"74dffe01-1824-4118-a205-87bace940e3a","actor_name":"Bonjour","actor_username":"c.fallotin@gmail.com","actor_via_sso":false,"log_type":"token"}', '2024-06-12 12:44:59.747817+00', ''),
	('00000000-0000-0000-0000-000000000000', 'f333894e-5d4b-4982-bd71-9549891ec567', '{"action":"token_refreshed","actor_id":"74dffe01-1824-4118-a205-87bace940e3a","actor_name":"Bonjour","actor_username":"c.fallotin@gmail.com","actor_via_sso":false,"log_type":"token"}', '2024-06-12 13:43:24.696711+00', ''),
	('00000000-0000-0000-0000-000000000000', '2f965577-c776-4cbe-bcab-078fd6b452a4', '{"action":"token_revoked","actor_id":"74dffe01-1824-4118-a205-87bace940e3a","actor_name":"Bonjour","actor_username":"c.fallotin@gmail.com","actor_via_sso":false,"log_type":"token"}', '2024-06-12 13:43:24.699243+00', ''),
	('00000000-0000-0000-0000-000000000000', 'f87a3a5f-b178-4a4c-8848-49b63f17abbf', '{"action":"token_refreshed","actor_id":"74dffe01-1824-4118-a205-87bace940e3a","actor_name":"Bonjour","actor_username":"c.fallotin@gmail.com","actor_via_sso":false,"log_type":"token"}', '2024-06-12 14:46:59.691379+00', ''),
	('00000000-0000-0000-0000-000000000000', 'b65d9915-456a-4c48-ba20-b5ef4b8981ce', '{"action":"token_revoked","actor_id":"74dffe01-1824-4118-a205-87bace940e3a","actor_name":"Bonjour","actor_username":"c.fallotin@gmail.com","actor_via_sso":false,"log_type":"token"}', '2024-06-12 14:46:59.69374+00', ''),
	('00000000-0000-0000-0000-000000000000', 'fd00e2f6-9f21-4fbb-b65f-3873bf8c525e', '{"action":"token_refreshed","actor_id":"74dffe01-1824-4118-a205-87bace940e3a","actor_name":"Bonjour","actor_username":"c.fallotin@gmail.com","actor_via_sso":false,"log_type":"token"}', '2024-06-12 16:48:36.763527+00', ''),
	('00000000-0000-0000-0000-000000000000', '54d2ba1a-a62a-4a8e-b8eb-7178028796d0', '{"action":"token_revoked","actor_id":"74dffe01-1824-4118-a205-87bace940e3a","actor_name":"Bonjour","actor_username":"c.fallotin@gmail.com","actor_via_sso":false,"log_type":"token"}', '2024-06-12 16:48:36.76559+00', ''),
	('00000000-0000-0000-0000-000000000000', '13a420e7-aeb9-4fb9-b2c2-fef1be1edbb3', '{"action":"token_refreshed","actor_id":"74dffe01-1824-4118-a205-87bace940e3a","actor_name":"Bonjour","actor_username":"c.fallotin@gmail.com","actor_via_sso":false,"log_type":"token"}', '2024-06-12 17:49:36.960459+00', ''),
	('00000000-0000-0000-0000-000000000000', 'ee71c5bc-8577-407e-8c76-4605533e03a6', '{"action":"token_revoked","actor_id":"74dffe01-1824-4118-a205-87bace940e3a","actor_name":"Bonjour","actor_username":"c.fallotin@gmail.com","actor_via_sso":false,"log_type":"token"}', '2024-06-12 17:49:36.963741+00', ''),
	('00000000-0000-0000-0000-000000000000', '67504705-9542-4e6b-93d6-6686634ec53f', '{"action":"token_refreshed","actor_id":"74dffe01-1824-4118-a205-87bace940e3a","actor_name":"Bonjour","actor_username":"c.fallotin@gmail.com","actor_via_sso":false,"log_type":"token"}', '2024-06-12 18:50:36.449266+00', ''),
	('00000000-0000-0000-0000-000000000000', '14e4d44c-fc60-4c49-becc-84cdc397631e', '{"action":"token_revoked","actor_id":"74dffe01-1824-4118-a205-87bace940e3a","actor_name":"Bonjour","actor_username":"c.fallotin@gmail.com","actor_via_sso":false,"log_type":"token"}', '2024-06-12 18:50:36.450606+00', ''),
	('00000000-0000-0000-0000-000000000000', '7356cba4-74f0-4d0b-b240-b98bb7c4a134', '{"action":"token_refreshed","actor_id":"74dffe01-1824-4118-a205-87bace940e3a","actor_name":"Bonjour","actor_username":"c.fallotin@gmail.com","actor_via_sso":false,"log_type":"token"}', '2024-06-12 19:51:36.855714+00', ''),
	('00000000-0000-0000-0000-000000000000', 'f4526f2b-0391-455b-a06c-34f554edecc5', '{"action":"token_revoked","actor_id":"74dffe01-1824-4118-a205-87bace940e3a","actor_name":"Bonjour","actor_username":"c.fallotin@gmail.com","actor_via_sso":false,"log_type":"token"}', '2024-06-12 19:51:36.85781+00', ''),
	('00000000-0000-0000-0000-000000000000', '30a13c73-54f1-47d2-9f98-8cb6b430bb2d', '{"action":"token_refreshed","actor_id":"74dffe01-1824-4118-a205-87bace940e3a","actor_name":"Bonjour","actor_username":"c.fallotin@gmail.com","actor_via_sso":false,"log_type":"token"}', '2024-06-12 20:52:36.544533+00', ''),
	('00000000-0000-0000-0000-000000000000', 'fc36908d-c2a0-429d-8ff9-8f6269be3899', '{"action":"token_revoked","actor_id":"74dffe01-1824-4118-a205-87bace940e3a","actor_name":"Bonjour","actor_username":"c.fallotin@gmail.com","actor_via_sso":false,"log_type":"token"}', '2024-06-12 20:52:36.546529+00', ''),
	('00000000-0000-0000-0000-000000000000', 'd633ec48-436f-44a6-a05a-00c9aa34eb7a', '{"action":"token_refreshed","actor_id":"74dffe01-1824-4118-a205-87bace940e3a","actor_name":"Bonjour","actor_username":"c.fallotin@gmail.com","actor_via_sso":false,"log_type":"token"}', '2024-06-12 21:53:36.691174+00', ''),
	('00000000-0000-0000-0000-000000000000', 'e043ec42-97df-451a-b0f1-442ace14098a', '{"action":"token_revoked","actor_id":"74dffe01-1824-4118-a205-87bace940e3a","actor_name":"Bonjour","actor_username":"c.fallotin@gmail.com","actor_via_sso":false,"log_type":"token"}', '2024-06-12 21:53:36.694247+00', ''),
	('00000000-0000-0000-0000-000000000000', '46a6ec52-aba0-4767-aa98-33699a57739f', '{"action":"token_refreshed","actor_id":"9d0346e8-d342-4ea5-9af3-5aa9754ade76","actor_username":"64b9tvf5h7@privaterelay.appleid.com","actor_via_sso":false,"log_type":"token"}', '2024-06-12 22:09:10.316393+00', ''),
	('00000000-0000-0000-0000-000000000000', '223c2fb3-85ee-400f-9f2e-91e6727895c0', '{"action":"token_revoked","actor_id":"9d0346e8-d342-4ea5-9af3-5aa9754ade76","actor_username":"64b9tvf5h7@privaterelay.appleid.com","actor_via_sso":false,"log_type":"token"}', '2024-06-12 22:09:10.317778+00', ''),
	('00000000-0000-0000-0000-000000000000', '49e025b2-e708-4d7c-8d23-ecf1575d0aec', '{"action":"token_refreshed","actor_id":"74dffe01-1824-4118-a205-87bace940e3a","actor_name":"Bonjour","actor_username":"c.fallotin@gmail.com","actor_via_sso":false,"log_type":"token"}', '2024-06-12 22:54:37.04066+00', ''),
	('00000000-0000-0000-0000-000000000000', '1e73291a-dd17-4391-a2ca-ce606e712e54', '{"action":"token_revoked","actor_id":"74dffe01-1824-4118-a205-87bace940e3a","actor_name":"Bonjour","actor_username":"c.fallotin@gmail.com","actor_via_sso":false,"log_type":"token"}', '2024-06-12 22:54:37.042461+00', ''),
	('00000000-0000-0000-0000-000000000000', '8251a246-6290-4211-9158-cfd17f5f0e25', '{"action":"token_refreshed","actor_id":"74dffe01-1824-4118-a205-87bace940e3a","actor_name":"Bonjour","actor_username":"c.fallotin@gmail.com","actor_via_sso":false,"log_type":"token"}', '2024-06-12 23:52:50.516272+00', ''),
	('00000000-0000-0000-0000-000000000000', 'cb47321f-b865-43d3-9119-b2e8b3a5f3d4', '{"action":"token_revoked","actor_id":"74dffe01-1824-4118-a205-87bace940e3a","actor_name":"Bonjour","actor_username":"c.fallotin@gmail.com","actor_via_sso":false,"log_type":"token"}', '2024-06-12 23:52:50.518629+00', ''),
	('00000000-0000-0000-0000-000000000000', '35423494-b182-4bfa-bbd7-b955734aa50b', '{"action":"token_refreshed","actor_id":"74dffe01-1824-4118-a205-87bace940e3a","actor_name":"Bonjour","actor_username":"c.fallotin@gmail.com","actor_via_sso":false,"log_type":"token"}', '2024-06-13 00:55:11.852628+00', ''),
	('00000000-0000-0000-0000-000000000000', '3d7d0cfe-a23b-4d15-9b82-5649aa0b0bc3', '{"action":"token_revoked","actor_id":"74dffe01-1824-4118-a205-87bace940e3a","actor_name":"Bonjour","actor_username":"c.fallotin@gmail.com","actor_via_sso":false,"log_type":"token"}', '2024-06-13 00:55:11.856729+00', ''),
	('00000000-0000-0000-0000-000000000000', '95ea5d75-69a4-4a5f-881c-e67d36246762', '{"action":"token_refreshed","actor_id":"74dffe01-1824-4118-a205-87bace940e3a","actor_name":"Bonjour","actor_username":"c.fallotin@gmail.com","actor_via_sso":false,"log_type":"token"}', '2024-06-13 01:53:12.133481+00', ''),
	('00000000-0000-0000-0000-000000000000', '00f7354d-4576-4812-8c88-0e0a99aba1e5', '{"action":"token_revoked","actor_id":"74dffe01-1824-4118-a205-87bace940e3a","actor_name":"Bonjour","actor_username":"c.fallotin@gmail.com","actor_via_sso":false,"log_type":"token"}', '2024-06-13 01:53:12.134692+00', ''),
	('00000000-0000-0000-0000-000000000000', 'a1f5f0d1-57d7-4915-b0fc-91a2d31b4cd4', '{"action":"token_refreshed","actor_id":"76c8cee0-7630-46ea-a697-88d813c1688c","actor_username":"hateleylisa@gmail.com","actor_via_sso":false,"log_type":"token"}', '2024-06-13 03:29:23.304247+00', ''),
	('00000000-0000-0000-0000-000000000000', '0c47a996-7083-43d1-9db7-9cc78e323207', '{"action":"token_revoked","actor_id":"76c8cee0-7630-46ea-a697-88d813c1688c","actor_username":"hateleylisa@gmail.com","actor_via_sso":false,"log_type":"token"}', '2024-06-13 03:29:23.305929+00', ''),
	('00000000-0000-0000-0000-000000000000', '032fc514-8447-44b3-a211-79648b3f7c6f', '{"action":"token_refreshed","actor_id":"9d0346e8-d342-4ea5-9af3-5aa9754ade76","actor_username":"64b9tvf5h7@privaterelay.appleid.com","actor_via_sso":false,"log_type":"token"}', '2024-06-13 07:15:06.062696+00', ''),
	('00000000-0000-0000-0000-000000000000', '8dcb21ca-c2d6-422f-b7eb-6ac8c13cd654', '{"action":"token_revoked","actor_id":"9d0346e8-d342-4ea5-9af3-5aa9754ade76","actor_username":"64b9tvf5h7@privaterelay.appleid.com","actor_via_sso":false,"log_type":"token"}', '2024-06-13 07:15:06.075867+00', ''),
	('00000000-0000-0000-0000-000000000000', 'cc644fc0-4252-4a79-a929-3a125a414897', '{"action":"token_refreshed","actor_id":"76c8cee0-7630-46ea-a697-88d813c1688c","actor_username":"hateleylisa@gmail.com","actor_via_sso":false,"log_type":"token"}', '2024-06-13 07:26:33.036598+00', ''),
	('00000000-0000-0000-0000-000000000000', 'da4c666a-74b2-4503-88e8-aa7159838b40', '{"action":"token_revoked","actor_id":"76c8cee0-7630-46ea-a697-88d813c1688c","actor_username":"hateleylisa@gmail.com","actor_via_sso":false,"log_type":"token"}', '2024-06-13 07:26:33.041135+00', ''),
	('00000000-0000-0000-0000-000000000000', 'bd93090a-e567-4d0b-9e82-0a793b823fb9', '{"action":"token_refreshed","actor_id":"9d0346e8-d342-4ea5-9af3-5aa9754ade76","actor_username":"64b9tvf5h7@privaterelay.appleid.com","actor_via_sso":false,"log_type":"token"}', '2024-06-13 08:38:09.781323+00', ''),
	('00000000-0000-0000-0000-000000000000', '983c50b7-332a-4b57-8f83-4bfd9a773f11', '{"action":"token_revoked","actor_id":"9d0346e8-d342-4ea5-9af3-5aa9754ade76","actor_username":"64b9tvf5h7@privaterelay.appleid.com","actor_via_sso":false,"log_type":"token"}', '2024-06-13 08:38:09.783418+00', ''),
	('00000000-0000-0000-0000-000000000000', '65be7bca-f36f-4230-b5ae-f0f8005ba5f1', '{"action":"token_refreshed","actor_id":"9d0346e8-d342-4ea5-9af3-5aa9754ade76","actor_username":"64b9tvf5h7@privaterelay.appleid.com","actor_via_sso":false,"log_type":"token"}', '2024-06-13 12:03:00.637101+00', ''),
	('00000000-0000-0000-0000-000000000000', '7685ea17-07ba-43cd-b224-6fa1acf3276b', '{"action":"token_revoked","actor_id":"9d0346e8-d342-4ea5-9af3-5aa9754ade76","actor_username":"64b9tvf5h7@privaterelay.appleid.com","actor_via_sso":false,"log_type":"token"}', '2024-06-13 12:03:00.641708+00', ''),
	('00000000-0000-0000-0000-000000000000', '95d0ac45-36c2-4a3e-8c47-a4ee7b10e9c3', '{"action":"token_refreshed","actor_id":"76c8cee0-7630-46ea-a697-88d813c1688c","actor_username":"hateleylisa@gmail.com","actor_via_sso":false,"log_type":"token"}', '2024-06-13 22:00:18.974721+00', ''),
	('00000000-0000-0000-0000-000000000000', '0307f9c1-effa-4bb7-b64f-a72c9dbf1756', '{"action":"token_revoked","actor_id":"76c8cee0-7630-46ea-a697-88d813c1688c","actor_username":"hateleylisa@gmail.com","actor_via_sso":false,"log_type":"token"}', '2024-06-13 22:00:18.976076+00', ''),
	('00000000-0000-0000-0000-000000000000', 'c40803b0-3499-4ff7-a17d-ff8bf0ff0e89', '{"action":"token_refreshed","actor_id":"74dffe01-1824-4118-a205-87bace940e3a","actor_name":"Bonjour","actor_username":"c.fallotin@gmail.com","actor_via_sso":false,"log_type":"token"}', '2024-06-14 04:02:45.496781+00', ''),
	('00000000-0000-0000-0000-000000000000', '7e19c3d6-6845-4003-862b-fbd02c28e28b', '{"action":"token_revoked","actor_id":"74dffe01-1824-4118-a205-87bace940e3a","actor_name":"Bonjour","actor_username":"c.fallotin@gmail.com","actor_via_sso":false,"log_type":"token"}', '2024-06-14 04:02:45.501684+00', ''),
	('00000000-0000-0000-0000-000000000000', 'db3ebec9-684a-4f9f-9508-c1435156d827', '{"action":"token_refreshed","actor_id":"9d0346e8-d342-4ea5-9af3-5aa9754ade76","actor_username":"64b9tvf5h7@privaterelay.appleid.com","actor_via_sso":false,"log_type":"token"}', '2024-06-14 04:47:02.044654+00', ''),
	('00000000-0000-0000-0000-000000000000', '53d1c10e-5fda-47e8-99ed-5b3b6b15db34', '{"action":"token_revoked","actor_id":"9d0346e8-d342-4ea5-9af3-5aa9754ade76","actor_username":"64b9tvf5h7@privaterelay.appleid.com","actor_via_sso":false,"log_type":"token"}', '2024-06-14 04:47:02.047472+00', ''),
	('00000000-0000-0000-0000-000000000000', '5e31cd37-7e87-4056-9c37-dba91b8c951b', '{"action":"token_refreshed","actor_id":"74dffe01-1824-4118-a205-87bace940e3a","actor_name":"Bonjour","actor_username":"c.fallotin@gmail.com","actor_via_sso":false,"log_type":"token"}', '2024-06-14 05:00:49.591467+00', ''),
	('00000000-0000-0000-0000-000000000000', '7d020dd4-c4c2-40e2-922f-87ad4b2e5977', '{"action":"token_revoked","actor_id":"74dffe01-1824-4118-a205-87bace940e3a","actor_name":"Bonjour","actor_username":"c.fallotin@gmail.com","actor_via_sso":false,"log_type":"token"}', '2024-06-14 05:00:49.593309+00', ''),
	('00000000-0000-0000-0000-000000000000', '1625d883-e386-41c6-9ac9-960abea95268', '{"action":"token_refreshed","actor_id":"9d0346e8-d342-4ea5-9af3-5aa9754ade76","actor_username":"64b9tvf5h7@privaterelay.appleid.com","actor_via_sso":false,"log_type":"token"}', '2024-06-14 05:47:14.939259+00', ''),
	('00000000-0000-0000-0000-000000000000', '13255e55-c6b2-4345-b470-39c93d4403b0', '{"action":"token_revoked","actor_id":"9d0346e8-d342-4ea5-9af3-5aa9754ade76","actor_username":"64b9tvf5h7@privaterelay.appleid.com","actor_via_sso":false,"log_type":"token"}', '2024-06-14 05:47:14.941419+00', ''),
	('00000000-0000-0000-0000-000000000000', '739ea2c9-c116-432c-a740-c28f56a60bcc', '{"action":"token_refreshed","actor_id":"74dffe01-1824-4118-a205-87bace940e3a","actor_name":"Bonjour","actor_username":"c.fallotin@gmail.com","actor_via_sso":false,"log_type":"token"}', '2024-06-14 05:59:19.077329+00', ''),
	('00000000-0000-0000-0000-000000000000', 'f9f34ae0-9c6a-4c59-a226-39286857c131', '{"action":"token_revoked","actor_id":"74dffe01-1824-4118-a205-87bace940e3a","actor_name":"Bonjour","actor_username":"c.fallotin@gmail.com","actor_via_sso":false,"log_type":"token"}', '2024-06-14 05:59:19.079605+00', ''),
	('00000000-0000-0000-0000-000000000000', '9e1cc209-9faa-4e39-9729-74c3ee6cf24b', '{"action":"token_refreshed","actor_id":"74dffe01-1824-4118-a205-87bace940e3a","actor_name":"Bonjour","actor_username":"c.fallotin@gmail.com","actor_via_sso":false,"log_type":"token"}', '2024-06-14 06:57:19.609595+00', ''),
	('00000000-0000-0000-0000-000000000000', '2ce32319-b966-4401-9ca5-713f2792884c', '{"action":"token_revoked","actor_id":"74dffe01-1824-4118-a205-87bace940e3a","actor_name":"Bonjour","actor_username":"c.fallotin@gmail.com","actor_via_sso":false,"log_type":"token"}', '2024-06-14 06:57:19.61161+00', ''),
	('00000000-0000-0000-0000-000000000000', '47aa834f-9ab2-431d-af1b-0a87536b05a5', '{"action":"token_refreshed","actor_id":"74dffe01-1824-4118-a205-87bace940e3a","actor_name":"Bonjour","actor_username":"c.fallotin@gmail.com","actor_via_sso":false,"log_type":"token"}', '2024-06-14 07:55:20.224183+00', ''),
	('00000000-0000-0000-0000-000000000000', '818c1d81-a8e4-462f-9d79-06d611f7a2d2', '{"action":"token_revoked","actor_id":"74dffe01-1824-4118-a205-87bace940e3a","actor_name":"Bonjour","actor_username":"c.fallotin@gmail.com","actor_via_sso":false,"log_type":"token"}', '2024-06-14 07:55:20.226423+00', ''),
	('00000000-0000-0000-0000-000000000000', 'a962b5eb-6c5f-487b-b5a2-6a5cb10f3924', '{"action":"token_refreshed","actor_id":"74dffe01-1824-4118-a205-87bace940e3a","actor_name":"Bonjour","actor_username":"c.fallotin@gmail.com","actor_via_sso":false,"log_type":"token"}', '2024-06-14 08:53:21.121768+00', ''),
	('00000000-0000-0000-0000-000000000000', 'ce56a562-17bd-468e-8968-cd2e70c8a62d', '{"action":"token_revoked","actor_id":"74dffe01-1824-4118-a205-87bace940e3a","actor_name":"Bonjour","actor_username":"c.fallotin@gmail.com","actor_via_sso":false,"log_type":"token"}', '2024-06-14 08:53:21.123955+00', ''),
	('00000000-0000-0000-0000-000000000000', 'c9893b8f-1437-4290-8814-f9eb4ecb033f', '{"action":"token_refreshed","actor_id":"9d0346e8-d342-4ea5-9af3-5aa9754ade76","actor_username":"64b9tvf5h7@privaterelay.appleid.com","actor_via_sso":false,"log_type":"token"}', '2024-06-14 12:06:03.529067+00', ''),
	('00000000-0000-0000-0000-000000000000', '8379ca86-fc1b-4a06-8e6a-b9804a95feab', '{"action":"token_revoked","actor_id":"9d0346e8-d342-4ea5-9af3-5aa9754ade76","actor_username":"64b9tvf5h7@privaterelay.appleid.com","actor_via_sso":false,"log_type":"token"}', '2024-06-14 12:06:03.531472+00', ''),
	('00000000-0000-0000-0000-000000000000', 'ad7dff5e-0b2c-4d6d-8482-3f388f6756e6', '{"action":"token_refreshed","actor_id":"76c8cee0-7630-46ea-a697-88d813c1688c","actor_username":"hateleylisa@gmail.com","actor_via_sso":false,"log_type":"token"}', '2024-06-14 20:12:57.275971+00', ''),
	('00000000-0000-0000-0000-000000000000', '25a5fd7b-9b74-4266-8813-055b94e0914f', '{"action":"token_revoked","actor_id":"76c8cee0-7630-46ea-a697-88d813c1688c","actor_username":"hateleylisa@gmail.com","actor_via_sso":false,"log_type":"token"}', '2024-06-14 20:12:57.286744+00', ''),
	('00000000-0000-0000-0000-000000000000', 'acd25e43-93db-4669-8acc-3ec1b263bf7a', '{"action":"token_refreshed","actor_id":"9d0346e8-d342-4ea5-9af3-5aa9754ade76","actor_username":"64b9tvf5h7@privaterelay.appleid.com","actor_via_sso":false,"log_type":"token"}', '2024-06-14 20:56:50.235536+00', ''),
	('00000000-0000-0000-0000-000000000000', 'fa2dc8be-e013-40b3-869d-76168ea90bf1', '{"action":"token_revoked","actor_id":"9d0346e8-d342-4ea5-9af3-5aa9754ade76","actor_username":"64b9tvf5h7@privaterelay.appleid.com","actor_via_sso":false,"log_type":"token"}', '2024-06-14 20:56:50.237184+00', ''),
	('00000000-0000-0000-0000-000000000000', '5e44e4d0-971c-4c39-8637-601ffbb215c8', '{"action":"token_refreshed","actor_id":"9d0346e8-d342-4ea5-9af3-5aa9754ade76","actor_username":"64b9tvf5h7@privaterelay.appleid.com","actor_via_sso":false,"log_type":"token"}', '2024-06-15 00:10:32.058971+00', ''),
	('00000000-0000-0000-0000-000000000000', '2b92550f-8073-4aac-af0d-a95622d60e34', '{"action":"token_revoked","actor_id":"9d0346e8-d342-4ea5-9af3-5aa9754ade76","actor_username":"64b9tvf5h7@privaterelay.appleid.com","actor_via_sso":false,"log_type":"token"}', '2024-06-15 00:10:32.061622+00', ''),
	('00000000-0000-0000-0000-000000000000', '82afb7f5-03dc-4688-af32-62778708693d', '{"action":"token_refreshed","actor_id":"9d0346e8-d342-4ea5-9af3-5aa9754ade76","actor_username":"64b9tvf5h7@privaterelay.appleid.com","actor_via_sso":false,"log_type":"token"}', '2024-06-15 02:07:29.118171+00', ''),
	('00000000-0000-0000-0000-000000000000', '3cd95242-f82a-496e-be48-d60c0abba44c', '{"action":"token_revoked","actor_id":"9d0346e8-d342-4ea5-9af3-5aa9754ade76","actor_username":"64b9tvf5h7@privaterelay.appleid.com","actor_via_sso":false,"log_type":"token"}', '2024-06-15 02:07:29.120866+00', ''),
	('00000000-0000-0000-0000-000000000000', 'bee24528-1360-44d7-b63d-af8119a7812c', '{"action":"token_refreshed","actor_id":"74dffe01-1824-4118-a205-87bace940e3a","actor_name":"Bonjour","actor_username":"c.fallotin@gmail.com","actor_via_sso":false,"log_type":"token"}', '2024-06-15 02:59:37.388254+00', ''),
	('00000000-0000-0000-0000-000000000000', '668c805d-103a-4316-9cb5-5fb99b09b9d8', '{"action":"token_revoked","actor_id":"74dffe01-1824-4118-a205-87bace940e3a","actor_name":"Bonjour","actor_username":"c.fallotin@gmail.com","actor_via_sso":false,"log_type":"token"}', '2024-06-15 02:59:37.389694+00', ''),
	('00000000-0000-0000-0000-000000000000', '775a54cd-cbaf-4d67-a403-5317d2f4f50c', '{"action":"token_refreshed","actor_id":"9d0346e8-d342-4ea5-9af3-5aa9754ade76","actor_username":"64b9tvf5h7@privaterelay.appleid.com","actor_via_sso":false,"log_type":"token"}', '2024-06-15 03:05:55.328162+00', ''),
	('00000000-0000-0000-0000-000000000000', 'a687da22-861e-4628-9c21-80d28d84700f', '{"action":"token_revoked","actor_id":"9d0346e8-d342-4ea5-9af3-5aa9754ade76","actor_username":"64b9tvf5h7@privaterelay.appleid.com","actor_via_sso":false,"log_type":"token"}', '2024-06-15 03:05:55.331075+00', ''),
	('00000000-0000-0000-0000-000000000000', 'c8759a33-8064-41e2-b756-d13ea4f2de9a', '{"action":"token_refreshed","actor_id":"74dffe01-1824-4118-a205-87bace940e3a","actor_name":"Bonjour","actor_username":"c.fallotin@gmail.com","actor_via_sso":false,"log_type":"token"}', '2024-06-15 03:57:51.877952+00', ''),
	('00000000-0000-0000-0000-000000000000', '73f044de-4c68-421d-983e-605c1298642d', '{"action":"token_revoked","actor_id":"74dffe01-1824-4118-a205-87bace940e3a","actor_name":"Bonjour","actor_username":"c.fallotin@gmail.com","actor_via_sso":false,"log_type":"token"}', '2024-06-15 03:57:51.880228+00', ''),
	('00000000-0000-0000-0000-000000000000', 'e4c38ab8-a493-4ca6-bfa9-9386fc2bb97e', '{"action":"token_refreshed","actor_id":"9d0346e8-d342-4ea5-9af3-5aa9754ade76","actor_username":"64b9tvf5h7@privaterelay.appleid.com","actor_via_sso":false,"log_type":"token"}', '2024-06-15 04:10:22.469477+00', ''),
	('00000000-0000-0000-0000-000000000000', '3186a62f-c953-40b9-8d45-900e5a9c2d57', '{"action":"token_revoked","actor_id":"9d0346e8-d342-4ea5-9af3-5aa9754ade76","actor_username":"64b9tvf5h7@privaterelay.appleid.com","actor_via_sso":false,"log_type":"token"}', '2024-06-15 04:10:22.470884+00', ''),
	('00000000-0000-0000-0000-000000000000', 'd02db71a-cf65-47bf-8ba5-fd4d5d46f62e', '{"action":"logout","actor_id":"9d0346e8-d342-4ea5-9af3-5aa9754ade76","actor_username":"64b9tvf5h7@privaterelay.appleid.com","actor_via_sso":false,"log_type":"account"}', '2024-06-15 04:10:29.386678+00', ''),
	('00000000-0000-0000-0000-000000000000', '444e71b0-ec01-455e-9e55-e8f064231b4d', '{"action":"login","actor_id":"9d0346e8-d342-4ea5-9af3-5aa9754ade76","actor_username":"64b9tvf5h7@privaterelay.appleid.com","actor_via_sso":false,"log_type":"account","traits":{"provider":"apple"}}', '2024-06-15 04:10:38.705361+00', ''),
	('00000000-0000-0000-0000-000000000000', '4634f99e-d412-4a87-b33a-993441139c02', '{"action":"token_refreshed","actor_id":"76c8cee0-7630-46ea-a697-88d813c1688c","actor_username":"hateleylisa@gmail.com","actor_via_sso":false,"log_type":"token"}', '2024-06-15 04:20:43.517395+00', ''),
	('00000000-0000-0000-0000-000000000000', 'a680b57b-c9f2-47a6-bff4-e965da828cd7', '{"action":"token_revoked","actor_id":"76c8cee0-7630-46ea-a697-88d813c1688c","actor_username":"hateleylisa@gmail.com","actor_via_sso":false,"log_type":"token"}', '2024-06-15 04:20:43.519203+00', ''),
	('00000000-0000-0000-0000-000000000000', 'be5ebc90-0af4-4664-9d25-48b6465e5b7c', '{"action":"token_refreshed","actor_id":"74dffe01-1824-4118-a205-87bace940e3a","actor_name":"Bonjour","actor_username":"c.fallotin@gmail.com","actor_via_sso":false,"log_type":"token"}', '2024-06-15 04:55:52.536067+00', ''),
	('00000000-0000-0000-0000-000000000000', '95267026-4f09-4a98-b1bf-8a7ca428827e', '{"action":"token_revoked","actor_id":"74dffe01-1824-4118-a205-87bace940e3a","actor_name":"Bonjour","actor_username":"c.fallotin@gmail.com","actor_via_sso":false,"log_type":"token"}', '2024-06-15 04:55:52.53812+00', ''),
	('00000000-0000-0000-0000-000000000000', 'e984c2ae-30f4-4c5a-9c04-73fa549a88f0', '{"action":"token_refreshed","actor_id":"74dffe01-1824-4118-a205-87bace940e3a","actor_name":"Bonjour","actor_username":"c.fallotin@gmail.com","actor_via_sso":false,"log_type":"token"}', '2024-06-15 07:29:19.443285+00', ''),
	('00000000-0000-0000-0000-000000000000', '25074e66-1188-4847-8cfd-6a9687348e35', '{"action":"token_revoked","actor_id":"74dffe01-1824-4118-a205-87bace940e3a","actor_name":"Bonjour","actor_username":"c.fallotin@gmail.com","actor_via_sso":false,"log_type":"token"}', '2024-06-15 07:29:19.445922+00', ''),
	('00000000-0000-0000-0000-000000000000', 'df7481ed-ba81-431f-b8dd-a0b1c434d8f3', '{"action":"token_refreshed","actor_id":"9d0346e8-d342-4ea5-9af3-5aa9754ade76","actor_username":"64b9tvf5h7@privaterelay.appleid.com","actor_via_sso":false,"log_type":"token"}', '2024-06-15 07:36:54.895988+00', ''),
	('00000000-0000-0000-0000-000000000000', '9226cb47-3366-4d3b-8b6a-2b9ccbba4157', '{"action":"token_revoked","actor_id":"9d0346e8-d342-4ea5-9af3-5aa9754ade76","actor_username":"64b9tvf5h7@privaterelay.appleid.com","actor_via_sso":false,"log_type":"token"}', '2024-06-15 07:36:54.897194+00', ''),
	('00000000-0000-0000-0000-000000000000', 'f8404490-c9ab-4362-b034-bd057d027ecd', '{"action":"token_refreshed","actor_id":"74dffe01-1824-4118-a205-87bace940e3a","actor_name":"Bonjour","actor_username":"c.fallotin@gmail.com","actor_via_sso":false,"log_type":"token"}', '2024-06-15 08:27:24.670947+00', ''),
	('00000000-0000-0000-0000-000000000000', '6bc69700-8e7e-4b2f-b48b-b25cbb5963bf', '{"action":"token_revoked","actor_id":"74dffe01-1824-4118-a205-87bace940e3a","actor_name":"Bonjour","actor_username":"c.fallotin@gmail.com","actor_via_sso":false,"log_type":"token"}', '2024-06-15 08:27:24.672701+00', ''),
	('00000000-0000-0000-0000-000000000000', '377e85cb-5425-46e4-90ee-5fa796ea7cf6', '{"action":"token_refreshed","actor_id":"9d0346e8-d342-4ea5-9af3-5aa9754ade76","actor_username":"64b9tvf5h7@privaterelay.appleid.com","actor_via_sso":false,"log_type":"token"}', '2024-06-15 09:18:13.926321+00', ''),
	('00000000-0000-0000-0000-000000000000', '024fd63e-f686-490f-9082-8f8d882fb23a', '{"action":"token_revoked","actor_id":"9d0346e8-d342-4ea5-9af3-5aa9754ade76","actor_username":"64b9tvf5h7@privaterelay.appleid.com","actor_via_sso":false,"log_type":"token"}', '2024-06-15 09:18:13.927871+00', ''),
	('00000000-0000-0000-0000-000000000000', 'ae1e0ad0-a6e9-4f27-84ab-959b04cbe9f3', '{"action":"token_refreshed","actor_id":"74dffe01-1824-4118-a205-87bace940e3a","actor_name":"Bonjour","actor_username":"c.fallotin@gmail.com","actor_via_sso":false,"log_type":"token"}', '2024-06-15 09:25:24.877833+00', ''),
	('00000000-0000-0000-0000-000000000000', '62a37fda-76e1-41b7-93c1-475092102d6e', '{"action":"token_revoked","actor_id":"74dffe01-1824-4118-a205-87bace940e3a","actor_name":"Bonjour","actor_username":"c.fallotin@gmail.com","actor_via_sso":false,"log_type":"token"}', '2024-06-15 09:25:24.880216+00', ''),
	('00000000-0000-0000-0000-000000000000', '3a7adf84-8a2c-4aea-b405-ae276e73a1cc', '{"action":"token_refreshed","actor_id":"74dffe01-1824-4118-a205-87bace940e3a","actor_name":"Bonjour","actor_username":"c.fallotin@gmail.com","actor_via_sso":false,"log_type":"token"}', '2024-06-15 10:24:47.672483+00', ''),
	('00000000-0000-0000-0000-000000000000', '3b727922-bad0-454b-b618-b4677b8cb7c5', '{"action":"token_revoked","actor_id":"74dffe01-1824-4118-a205-87bace940e3a","actor_name":"Bonjour","actor_username":"c.fallotin@gmail.com","actor_via_sso":false,"log_type":"token"}', '2024-06-15 10:24:47.675613+00', ''),
	('00000000-0000-0000-0000-000000000000', 'd76f09e7-5a81-4fb4-a555-0708633c1a44', '{"action":"token_refreshed","actor_id":"74dffe01-1824-4118-a205-87bace940e3a","actor_name":"Bonjour","actor_username":"c.fallotin@gmail.com","actor_via_sso":false,"log_type":"token"}', '2024-06-15 11:58:25.112288+00', ''),
	('00000000-0000-0000-0000-000000000000', '03d92c19-2ec9-431d-a3fc-f9cc0a60509d', '{"action":"token_revoked","actor_id":"74dffe01-1824-4118-a205-87bace940e3a","actor_name":"Bonjour","actor_username":"c.fallotin@gmail.com","actor_via_sso":false,"log_type":"token"}', '2024-06-15 11:58:25.114627+00', ''),
	('00000000-0000-0000-0000-000000000000', 'ff6a149b-8d88-4ad2-955b-0382b542251c', '{"action":"token_refreshed","actor_id":"74dffe01-1824-4118-a205-87bace940e3a","actor_name":"Bonjour","actor_username":"c.fallotin@gmail.com","actor_via_sso":false,"log_type":"token"}', '2024-06-15 13:39:00.456611+00', ''),
	('00000000-0000-0000-0000-000000000000', 'f9171f88-86ff-4dc2-a05d-189ee69b8cca', '{"action":"token_revoked","actor_id":"74dffe01-1824-4118-a205-87bace940e3a","actor_name":"Bonjour","actor_username":"c.fallotin@gmail.com","actor_via_sso":false,"log_type":"token"}', '2024-06-15 13:39:00.46064+00', ''),
	('00000000-0000-0000-0000-000000000000', '2289619e-1622-47e0-8e75-1f6691b094c6', '{"action":"token_refreshed","actor_id":"74dffe01-1824-4118-a205-87bace940e3a","actor_name":"Bonjour","actor_username":"c.fallotin@gmail.com","actor_via_sso":false,"log_type":"token"}', '2024-06-15 14:39:59.960645+00', ''),
	('00000000-0000-0000-0000-000000000000', '26206a1d-0206-45b1-8d23-0b14ac7ec7e3', '{"action":"token_revoked","actor_id":"74dffe01-1824-4118-a205-87bace940e3a","actor_name":"Bonjour","actor_username":"c.fallotin@gmail.com","actor_via_sso":false,"log_type":"token"}', '2024-06-15 14:39:59.964418+00', ''),
	('00000000-0000-0000-0000-000000000000', '0b904cdc-3876-4447-a542-2063b21f2478', '{"action":"token_refreshed","actor_id":"74dffe01-1824-4118-a205-87bace940e3a","actor_name":"Bonjour","actor_username":"c.fallotin@gmail.com","actor_via_sso":false,"log_type":"token"}', '2024-06-15 15:41:01.274881+00', ''),
	('00000000-0000-0000-0000-000000000000', 'bf34c301-a95f-40d9-b277-efefccceaabb', '{"action":"token_revoked","actor_id":"74dffe01-1824-4118-a205-87bace940e3a","actor_name":"Bonjour","actor_username":"c.fallotin@gmail.com","actor_via_sso":false,"log_type":"token"}', '2024-06-15 15:41:01.277037+00', ''),
	('00000000-0000-0000-0000-000000000000', 'eeb660c5-7c12-45b9-bce1-d7e607be1b83', '{"action":"token_refreshed","actor_id":"74dffe01-1824-4118-a205-87bace940e3a","actor_name":"Bonjour","actor_username":"c.fallotin@gmail.com","actor_via_sso":false,"log_type":"token"}', '2024-06-15 16:42:00.871552+00', ''),
	('00000000-0000-0000-0000-000000000000', '12f6f6d4-63bc-4f76-93c7-f9d85f52b688', '{"action":"token_revoked","actor_id":"74dffe01-1824-4118-a205-87bace940e3a","actor_name":"Bonjour","actor_username":"c.fallotin@gmail.com","actor_via_sso":false,"log_type":"token"}', '2024-06-15 16:42:00.874316+00', ''),
	('00000000-0000-0000-0000-000000000000', '28d53915-5bd4-4529-8afb-33989cd635a9', '{"action":"token_refreshed","actor_id":"74dffe01-1824-4118-a205-87bace940e3a","actor_name":"Bonjour","actor_username":"c.fallotin@gmail.com","actor_via_sso":false,"log_type":"token"}', '2024-06-15 17:43:02.170514+00', ''),
	('00000000-0000-0000-0000-000000000000', 'ee9e1ad1-f4b7-40e4-a448-56b3e65c21e1', '{"action":"token_revoked","actor_id":"74dffe01-1824-4118-a205-87bace940e3a","actor_name":"Bonjour","actor_username":"c.fallotin@gmail.com","actor_via_sso":false,"log_type":"token"}', '2024-06-15 17:43:02.17423+00', ''),
	('00000000-0000-0000-0000-000000000000', 'f0a9806d-f572-4a87-b623-c415547283d8', '{"action":"token_refreshed","actor_id":"74dffe01-1824-4118-a205-87bace940e3a","actor_name":"Bonjour","actor_username":"c.fallotin@gmail.com","actor_via_sso":false,"log_type":"token"}', '2024-06-15 18:44:01.95966+00', ''),
	('00000000-0000-0000-0000-000000000000', '5283f6bf-93d5-4a0e-a20e-efa3cbcb8205', '{"action":"token_revoked","actor_id":"74dffe01-1824-4118-a205-87bace940e3a","actor_name":"Bonjour","actor_username":"c.fallotin@gmail.com","actor_via_sso":false,"log_type":"token"}', '2024-06-15 18:44:01.961555+00', ''),
	('00000000-0000-0000-0000-000000000000', 'ed0e3218-351b-4fa9-aa33-ebfe8912b863', '{"action":"token_refreshed","actor_id":"74dffe01-1824-4118-a205-87bace940e3a","actor_name":"Bonjour","actor_username":"c.fallotin@gmail.com","actor_via_sso":false,"log_type":"token"}', '2024-06-15 19:45:02.231232+00', ''),
	('00000000-0000-0000-0000-000000000000', '5ef31013-d00b-45d6-b401-3efff4ef28bc', '{"action":"token_revoked","actor_id":"74dffe01-1824-4118-a205-87bace940e3a","actor_name":"Bonjour","actor_username":"c.fallotin@gmail.com","actor_via_sso":false,"log_type":"token"}', '2024-06-15 19:45:02.233108+00', ''),
	('00000000-0000-0000-0000-000000000000', '92b2878b-b8b8-4acb-8744-d6d92e997445', '{"action":"token_refreshed","actor_id":"74dffe01-1824-4118-a205-87bace940e3a","actor_name":"Bonjour","actor_username":"c.fallotin@gmail.com","actor_via_sso":false,"log_type":"token"}', '2024-06-15 20:46:03.187427+00', ''),
	('00000000-0000-0000-0000-000000000000', 'd12c7337-0e1c-44f8-a65d-718516d423d4', '{"action":"token_revoked","actor_id":"74dffe01-1824-4118-a205-87bace940e3a","actor_name":"Bonjour","actor_username":"c.fallotin@gmail.com","actor_via_sso":false,"log_type":"token"}', '2024-06-15 20:46:03.189104+00', ''),
	('00000000-0000-0000-0000-000000000000', '922bb4e9-076c-42a7-9322-755cb910cabb', '{"action":"token_refreshed","actor_id":"74dffe01-1824-4118-a205-87bace940e3a","actor_name":"Bonjour","actor_username":"c.fallotin@gmail.com","actor_via_sso":false,"log_type":"token"}', '2024-06-15 21:47:02.378874+00', ''),
	('00000000-0000-0000-0000-000000000000', '245d6b8d-9ce0-40aa-a50d-63a409768290', '{"action":"token_revoked","actor_id":"74dffe01-1824-4118-a205-87bace940e3a","actor_name":"Bonjour","actor_username":"c.fallotin@gmail.com","actor_via_sso":false,"log_type":"token"}', '2024-06-15 21:47:02.381416+00', ''),
	('00000000-0000-0000-0000-000000000000', '1bf5202e-0c96-4939-b847-ce64b60f571c', '{"action":"token_refreshed","actor_id":"74dffe01-1824-4118-a205-87bace940e3a","actor_name":"Bonjour","actor_username":"c.fallotin@gmail.com","actor_via_sso":false,"log_type":"token"}', '2024-06-15 22:48:03.318827+00', ''),
	('00000000-0000-0000-0000-000000000000', '2a9e4870-8e86-4cf3-8d96-f65d5715dc67', '{"action":"token_revoked","actor_id":"74dffe01-1824-4118-a205-87bace940e3a","actor_name":"Bonjour","actor_username":"c.fallotin@gmail.com","actor_via_sso":false,"log_type":"token"}', '2024-06-15 22:48:03.321023+00', ''),
	('00000000-0000-0000-0000-000000000000', '7260c624-8012-4d32-98f2-7bffc3f0cb41', '{"action":"token_refreshed","actor_id":"74dffe01-1824-4118-a205-87bace940e3a","actor_name":"Bonjour","actor_username":"c.fallotin@gmail.com","actor_via_sso":false,"log_type":"token"}', '2024-06-15 23:46:34.627408+00', ''),
	('00000000-0000-0000-0000-000000000000', '43b1ee31-ea42-4ca8-89bf-99aa94d80e0f', '{"action":"token_revoked","actor_id":"74dffe01-1824-4118-a205-87bace940e3a","actor_name":"Bonjour","actor_username":"c.fallotin@gmail.com","actor_via_sso":false,"log_type":"token"}', '2024-06-15 23:46:34.629446+00', ''),
	('00000000-0000-0000-0000-000000000000', '8fd17694-1ebf-434f-92b3-69d571e8cd13', '{"action":"token_refreshed","actor_id":"76c8cee0-7630-46ea-a697-88d813c1688c","actor_username":"hateleylisa@gmail.com","actor_via_sso":false,"log_type":"token"}', '2024-06-16 00:40:31.418187+00', ''),
	('00000000-0000-0000-0000-000000000000', '55ff959e-4585-4361-8016-6ce72d84a3fd', '{"action":"token_revoked","actor_id":"76c8cee0-7630-46ea-a697-88d813c1688c","actor_username":"hateleylisa@gmail.com","actor_via_sso":false,"log_type":"token"}', '2024-06-16 00:40:31.420688+00', ''),
	('00000000-0000-0000-0000-000000000000', 'd97dab67-039c-4510-b17d-243cc78f0630', '{"action":"token_refreshed","actor_id":"74dffe01-1824-4118-a205-87bace940e3a","actor_name":"Bonjour","actor_username":"c.fallotin@gmail.com","actor_via_sso":false,"log_type":"token"}', '2024-06-16 00:44:45.557392+00', ''),
	('00000000-0000-0000-0000-000000000000', '4d13f579-f78e-4fa7-84f3-53927d26293c', '{"action":"token_revoked","actor_id":"74dffe01-1824-4118-a205-87bace940e3a","actor_name":"Bonjour","actor_username":"c.fallotin@gmail.com","actor_via_sso":false,"log_type":"token"}', '2024-06-16 00:44:45.55972+00', ''),
	('00000000-0000-0000-0000-000000000000', '33918900-7fa5-4a65-be43-ef86dcddc0ca', '{"action":"token_refreshed","actor_id":"9d0346e8-d342-4ea5-9af3-5aa9754ade76","actor_username":"64b9tvf5h7@privaterelay.appleid.com","actor_via_sso":false,"log_type":"token"}', '2024-06-16 01:45:36.665337+00', ''),
	('00000000-0000-0000-0000-000000000000', '8208c5b2-5f8e-4c4d-a2b0-8e479669893a', '{"action":"token_revoked","actor_id":"9d0346e8-d342-4ea5-9af3-5aa9754ade76","actor_username":"64b9tvf5h7@privaterelay.appleid.com","actor_via_sso":false,"log_type":"token"}', '2024-06-16 01:45:36.668216+00', ''),
	('00000000-0000-0000-0000-000000000000', '35509915-d7c6-4127-b408-2d37a26c2e8d', '{"action":"token_refreshed","actor_id":"74dffe01-1824-4118-a205-87bace940e3a","actor_name":"Bonjour","actor_username":"c.fallotin@gmail.com","actor_via_sso":false,"log_type":"token"}', '2024-06-16 02:30:49.086275+00', ''),
	('00000000-0000-0000-0000-000000000000', 'bb006821-a76e-4dfb-858b-b097381cabae', '{"action":"token_revoked","actor_id":"74dffe01-1824-4118-a205-87bace940e3a","actor_name":"Bonjour","actor_username":"c.fallotin@gmail.com","actor_via_sso":false,"log_type":"token"}', '2024-06-16 02:30:49.08914+00', ''),
	('00000000-0000-0000-0000-000000000000', '1b1bbb76-c523-4aaa-9979-fb58d33ec8bc', '{"action":"token_refreshed","actor_id":"74dffe01-1824-4118-a205-87bace940e3a","actor_name":"Bonjour","actor_username":"c.fallotin@gmail.com","actor_via_sso":false,"log_type":"token"}', '2024-06-16 03:28:49.922431+00', ''),
	('00000000-0000-0000-0000-000000000000', '81e27054-47ba-4706-a4f2-718a2df35b46', '{"action":"token_revoked","actor_id":"74dffe01-1824-4118-a205-87bace940e3a","actor_name":"Bonjour","actor_username":"c.fallotin@gmail.com","actor_via_sso":false,"log_type":"token"}', '2024-06-16 03:28:49.925053+00', ''),
	('00000000-0000-0000-0000-000000000000', '0f21e3ea-3c32-464c-acd3-952410c06b39', '{"action":"token_refreshed","actor_id":"74dffe01-1824-4118-a205-87bace940e3a","actor_name":"Bonjour","actor_username":"c.fallotin@gmail.com","actor_via_sso":false,"log_type":"token"}', '2024-06-16 04:26:50.357385+00', ''),
	('00000000-0000-0000-0000-000000000000', '2e8b890e-d5dd-45b9-8a73-ab434d6e2575', '{"action":"token_revoked","actor_id":"74dffe01-1824-4118-a205-87bace940e3a","actor_name":"Bonjour","actor_username":"c.fallotin@gmail.com","actor_via_sso":false,"log_type":"token"}', '2024-06-16 04:26:50.361636+00', ''),
	('00000000-0000-0000-0000-000000000000', 'f012dd27-5ee8-4793-a0ca-42eb2293d48f', '{"action":"token_refreshed","actor_id":"9d0346e8-d342-4ea5-9af3-5aa9754ade76","actor_username":"64b9tvf5h7@privaterelay.appleid.com","actor_via_sso":false,"log_type":"token"}', '2024-06-16 04:55:15.568773+00', ''),
	('00000000-0000-0000-0000-000000000000', 'ea7b8cd6-0351-494a-9bf4-a4c367fb8377', '{"action":"token_revoked","actor_id":"9d0346e8-d342-4ea5-9af3-5aa9754ade76","actor_username":"64b9tvf5h7@privaterelay.appleid.com","actor_via_sso":false,"log_type":"token"}', '2024-06-16 04:55:15.5705+00', ''),
	('00000000-0000-0000-0000-000000000000', 'db3c7180-409a-48ef-908d-c144c3e40525', '{"action":"logout","actor_id":"74dffe01-1824-4118-a205-87bace940e3a","actor_name":"Bonjour","actor_username":"c.fallotin@gmail.com","actor_via_sso":false,"log_type":"account"}', '2024-06-16 05:24:58.629729+00', ''),
	('00000000-0000-0000-0000-000000000000', 'c72e8182-f986-4450-b62b-b08a65da92fa', '{"action":"login","actor_id":"74dffe01-1824-4118-a205-87bace940e3a","actor_name":"Bonjour","actor_username":"c.fallotin@gmail.com","actor_via_sso":false,"log_type":"account","traits":{"provider":"email"}}', '2024-06-16 05:25:11.297679+00', ''),
	('00000000-0000-0000-0000-000000000000', '698b8e21-3c40-4549-8591-c2f3caa3dd3d', '{"action":"login","actor_id":"74dffe01-1824-4118-a205-87bace940e3a","actor_name":"Bonjour","actor_username":"c.fallotin@gmail.com","actor_via_sso":false,"log_type":"account","traits":{"provider":"email"}}', '2024-06-16 05:37:26.034996+00', ''),
	('00000000-0000-0000-0000-000000000000', 'b97e0843-e2da-4342-bbd9-c0bd43d91ef8', '{"action":"token_refreshed","actor_id":"74dffe01-1824-4118-a205-87bace940e3a","actor_name":"Bonjour","actor_username":"c.fallotin@gmail.com","actor_via_sso":false,"log_type":"token"}', '2024-06-16 06:23:12.741306+00', ''),
	('00000000-0000-0000-0000-000000000000', 'f6cd7a19-18bd-429b-94b1-f74453b3965a', '{"action":"token_revoked","actor_id":"74dffe01-1824-4118-a205-87bace940e3a","actor_name":"Bonjour","actor_username":"c.fallotin@gmail.com","actor_via_sso":false,"log_type":"token"}', '2024-06-16 06:23:12.744668+00', ''),
	('00000000-0000-0000-0000-000000000000', 'f5b8de1c-a5e4-4f42-93a3-1e17cf05c283', '{"action":"token_refreshed","actor_id":"9d0346e8-d342-4ea5-9af3-5aa9754ade76","actor_username":"64b9tvf5h7@privaterelay.appleid.com","actor_via_sso":false,"log_type":"token"}', '2024-06-16 07:18:13.268267+00', ''),
	('00000000-0000-0000-0000-000000000000', '6cecbd55-50cd-4e0a-a946-678c71f76d2d', '{"action":"token_revoked","actor_id":"9d0346e8-d342-4ea5-9af3-5aa9754ade76","actor_username":"64b9tvf5h7@privaterelay.appleid.com","actor_via_sso":false,"log_type":"token"}', '2024-06-16 07:18:13.274418+00', ''),
	('00000000-0000-0000-0000-000000000000', '24a4d890-1023-486e-b449-3c9e5e738143', '{"action":"token_refreshed","actor_id":"74dffe01-1824-4118-a205-87bace940e3a","actor_name":"Bonjour","actor_username":"c.fallotin@gmail.com","actor_via_sso":false,"log_type":"token"}', '2024-06-16 07:21:21.789374+00', ''),
	('00000000-0000-0000-0000-000000000000', 'e0f83688-aabf-476c-906e-92bbba4d9675', '{"action":"token_revoked","actor_id":"74dffe01-1824-4118-a205-87bace940e3a","actor_name":"Bonjour","actor_username":"c.fallotin@gmail.com","actor_via_sso":false,"log_type":"token"}', '2024-06-16 07:21:21.792144+00', ''),
	('00000000-0000-0000-0000-000000000000', '0791602a-c669-4c89-a460-fa53eb48a731', '{"action":"token_refreshed","actor_id":"74dffe01-1824-4118-a205-87bace940e3a","actor_name":"Bonjour","actor_username":"c.fallotin@gmail.com","actor_via_sso":false,"log_type":"token"}', '2024-06-16 08:19:21.961269+00', ''),
	('00000000-0000-0000-0000-000000000000', '3467a4ef-24bb-4a5b-a9ce-5afe6102dde2', '{"action":"token_revoked","actor_id":"74dffe01-1824-4118-a205-87bace940e3a","actor_name":"Bonjour","actor_username":"c.fallotin@gmail.com","actor_via_sso":false,"log_type":"token"}', '2024-06-16 08:19:21.963495+00', ''),
	('00000000-0000-0000-0000-000000000000', '68f12885-c648-46d0-94cd-96dd9d54faf2', '{"action":"token_refreshed","actor_id":"74dffe01-1824-4118-a205-87bace940e3a","actor_name":"Bonjour","actor_username":"c.fallotin@gmail.com","actor_via_sso":false,"log_type":"token"}', '2024-06-16 09:17:22.951685+00', ''),
	('00000000-0000-0000-0000-000000000000', '18927028-eb2e-4e15-a5b4-0e8e54da1bb7', '{"action":"token_revoked","actor_id":"74dffe01-1824-4118-a205-87bace940e3a","actor_name":"Bonjour","actor_username":"c.fallotin@gmail.com","actor_via_sso":false,"log_type":"token"}', '2024-06-16 09:17:22.954558+00', ''),
	('00000000-0000-0000-0000-000000000000', '601f1ea2-01cd-4232-8d0b-72cccb40fff2', '{"action":"token_refreshed","actor_id":"74dffe01-1824-4118-a205-87bace940e3a","actor_name":"Bonjour","actor_username":"c.fallotin@gmail.com","actor_via_sso":false,"log_type":"token"}', '2024-06-16 10:15:24.467883+00', ''),
	('00000000-0000-0000-0000-000000000000', '977ce6b7-f967-47b8-9e20-6bf016c17fa6', '{"action":"token_revoked","actor_id":"74dffe01-1824-4118-a205-87bace940e3a","actor_name":"Bonjour","actor_username":"c.fallotin@gmail.com","actor_via_sso":false,"log_type":"token"}', '2024-06-16 10:15:24.469502+00', ''),
	('00000000-0000-0000-0000-000000000000', 'b3136692-2d4d-4dc6-bff3-cd76ec6cb1b3', '{"action":"login","actor_id":"9d0346e8-d342-4ea5-9af3-5aa9754ade76","actor_username":"64b9tvf5h7@privaterelay.appleid.com","actor_via_sso":false,"log_type":"account","traits":{"provider":"apple"}}', '2024-06-16 10:51:33.098186+00', ''),
	('00000000-0000-0000-0000-000000000000', '1af164d7-8376-40f1-b535-609ab9655717', '{"action":"token_refreshed","actor_id":"76c8cee0-7630-46ea-a697-88d813c1688c","actor_username":"hateleylisa@gmail.com","actor_via_sso":false,"log_type":"token"}', '2024-06-16 11:00:04.854123+00', ''),
	('00000000-0000-0000-0000-000000000000', '6fbdc2de-fb02-4ae6-be77-5609965be58d', '{"action":"token_revoked","actor_id":"76c8cee0-7630-46ea-a697-88d813c1688c","actor_username":"hateleylisa@gmail.com","actor_via_sso":false,"log_type":"token"}', '2024-06-16 11:00:04.855598+00', ''),
	('00000000-0000-0000-0000-000000000000', '9f254ec6-5817-435f-ac4c-63060366f4ef', '{"action":"token_refreshed","actor_id":"9d0346e8-d342-4ea5-9af3-5aa9754ade76","actor_username":"64b9tvf5h7@privaterelay.appleid.com","actor_via_sso":false,"log_type":"token"}', '2024-06-16 12:17:20.019172+00', ''),
	('00000000-0000-0000-0000-000000000000', 'ec5a911e-257b-4499-9fd3-cd09f4a827e1', '{"action":"token_revoked","actor_id":"9d0346e8-d342-4ea5-9af3-5aa9754ade76","actor_username":"64b9tvf5h7@privaterelay.appleid.com","actor_via_sso":false,"log_type":"token"}', '2024-06-16 12:17:20.022319+00', ''),
	('00000000-0000-0000-0000-000000000000', 'a407af60-46c6-43cc-b2b7-077b14571208', '{"action":"token_refreshed","actor_id":"9d0346e8-d342-4ea5-9af3-5aa9754ade76","actor_username":"64b9tvf5h7@privaterelay.appleid.com","actor_via_sso":false,"log_type":"token"}', '2024-06-16 22:01:58.955454+00', ''),
	('00000000-0000-0000-0000-000000000000', '502eb809-3e9b-4266-89da-fc1c7606d892', '{"action":"token_revoked","actor_id":"9d0346e8-d342-4ea5-9af3-5aa9754ade76","actor_username":"64b9tvf5h7@privaterelay.appleid.com","actor_via_sso":false,"log_type":"token"}', '2024-06-16 22:01:58.961537+00', ''),
	('00000000-0000-0000-0000-000000000000', '4baed27e-e20a-4f96-a538-d8711f579056', '{"action":"token_refreshed","actor_id":"9d0346e8-d342-4ea5-9af3-5aa9754ade76","actor_username":"64b9tvf5h7@privaterelay.appleid.com","actor_via_sso":false,"log_type":"token"}', '2024-06-17 00:36:50.748557+00', ''),
	('00000000-0000-0000-0000-000000000000', '64e9f48c-eb1c-464c-9f29-5d47ea1bdb45', '{"action":"token_revoked","actor_id":"9d0346e8-d342-4ea5-9af3-5aa9754ade76","actor_username":"64b9tvf5h7@privaterelay.appleid.com","actor_via_sso":false,"log_type":"token"}', '2024-06-17 00:36:50.750748+00', ''),
	('00000000-0000-0000-0000-000000000000', '6af5da01-28bb-47ed-936f-aad920ce3dda', '{"action":"token_refreshed","actor_id":"76c8cee0-7630-46ea-a697-88d813c1688c","actor_username":"hateleylisa@gmail.com","actor_via_sso":false,"log_type":"token"}', '2024-06-17 00:48:46.466713+00', ''),
	('00000000-0000-0000-0000-000000000000', '54536b62-c9f0-4560-b46b-238489dff283', '{"action":"token_revoked","actor_id":"76c8cee0-7630-46ea-a697-88d813c1688c","actor_username":"hateleylisa@gmail.com","actor_via_sso":false,"log_type":"token"}', '2024-06-17 00:48:46.468935+00', ''),
	('00000000-0000-0000-0000-000000000000', 'a452d7a4-062e-447d-855f-d8e5a3e2041b', '{"action":"token_refreshed","actor_id":"74dffe01-1824-4118-a205-87bace940e3a","actor_name":"Bonjour","actor_username":"c.fallotin@gmail.com","actor_via_sso":false,"log_type":"token"}', '2024-06-17 05:38:03.232157+00', ''),
	('00000000-0000-0000-0000-000000000000', '121fd8be-72b0-4317-8411-438e8e56f7e6', '{"action":"token_revoked","actor_id":"74dffe01-1824-4118-a205-87bace940e3a","actor_name":"Bonjour","actor_username":"c.fallotin@gmail.com","actor_via_sso":false,"log_type":"token"}', '2024-06-17 05:38:03.236415+00', ''),
	('00000000-0000-0000-0000-000000000000', '5d76c566-d12f-4734-a233-088bc5fc84c6', '{"action":"token_refreshed","actor_id":"9d0346e8-d342-4ea5-9af3-5aa9754ade76","actor_username":"64b9tvf5h7@privaterelay.appleid.com","actor_via_sso":false,"log_type":"token"}', '2024-06-17 06:29:39.352484+00', ''),
	('00000000-0000-0000-0000-000000000000', '6531d4ba-f018-4f4d-9adb-b2d327bb7907', '{"action":"token_revoked","actor_id":"9d0346e8-d342-4ea5-9af3-5aa9754ade76","actor_username":"64b9tvf5h7@privaterelay.appleid.com","actor_via_sso":false,"log_type":"token"}', '2024-06-17 06:29:39.355575+00', ''),
	('00000000-0000-0000-0000-000000000000', 'fbee8716-f794-45b3-b0fb-c717466e5ee0', '{"action":"token_refreshed","actor_id":"74dffe01-1824-4118-a205-87bace940e3a","actor_name":"Bonjour","actor_username":"c.fallotin@gmail.com","actor_via_sso":false,"log_type":"token"}', '2024-06-17 06:35:30.695275+00', ''),
	('00000000-0000-0000-0000-000000000000', '55cd09a1-9d8e-4f35-a795-747441aa94a4', '{"action":"token_revoked","actor_id":"74dffe01-1824-4118-a205-87bace940e3a","actor_name":"Bonjour","actor_username":"c.fallotin@gmail.com","actor_via_sso":false,"log_type":"token"}', '2024-06-17 06:35:30.698525+00', ''),
	('00000000-0000-0000-0000-000000000000', 'fbbd38cc-e386-4b5b-bb01-97105ab49831', '{"action":"token_refreshed","actor_id":"74dffe01-1824-4118-a205-87bace940e3a","actor_name":"Bonjour","actor_username":"c.fallotin@gmail.com","actor_via_sso":false,"log_type":"token"}', '2024-06-17 06:36:26.95689+00', ''),
	('00000000-0000-0000-0000-000000000000', 'c2dc3ebb-5ea3-4896-946e-b3c28cb486f3', '{"action":"token_revoked","actor_id":"74dffe01-1824-4118-a205-87bace940e3a","actor_name":"Bonjour","actor_username":"c.fallotin@gmail.com","actor_via_sso":false,"log_type":"token"}', '2024-06-17 06:36:26.959086+00', ''),
	('00000000-0000-0000-0000-000000000000', 'ec761f3b-02e7-4877-bd97-0a7fc0393808', '{"action":"token_refreshed","actor_id":"74dffe01-1824-4118-a205-87bace940e3a","actor_name":"Bonjour","actor_username":"c.fallotin@gmail.com","actor_via_sso":false,"log_type":"token"}', '2024-06-17 07:33:49.244334+00', ''),
	('00000000-0000-0000-0000-000000000000', '72500775-34cb-4d6d-bfd6-6f013b6b490b', '{"action":"token_revoked","actor_id":"74dffe01-1824-4118-a205-87bace940e3a","actor_name":"Bonjour","actor_username":"c.fallotin@gmail.com","actor_via_sso":false,"log_type":"token"}', '2024-06-17 07:33:49.249121+00', ''),
	('00000000-0000-0000-0000-000000000000', '3605f882-2838-493d-a017-8131b42aa92f', '{"action":"token_refreshed","actor_id":"74dffe01-1824-4118-a205-87bace940e3a","actor_name":"Bonjour","actor_username":"c.fallotin@gmail.com","actor_via_sso":false,"log_type":"token"}', '2024-06-17 07:34:28.234769+00', ''),
	('00000000-0000-0000-0000-000000000000', 'ded5da04-789d-4ce4-aa65-233a72eee13a', '{"action":"token_revoked","actor_id":"74dffe01-1824-4118-a205-87bace940e3a","actor_name":"Bonjour","actor_username":"c.fallotin@gmail.com","actor_via_sso":false,"log_type":"token"}', '2024-06-17 07:34:28.235337+00', ''),
	('00000000-0000-0000-0000-000000000000', '212a6aa8-b5c6-4326-9900-7098035bba1b', '{"action":"token_refreshed","actor_id":"9d0346e8-d342-4ea5-9af3-5aa9754ade76","actor_username":"64b9tvf5h7@privaterelay.appleid.com","actor_via_sso":false,"log_type":"token"}', '2024-06-17 07:49:08.869139+00', ''),
	('00000000-0000-0000-0000-000000000000', '1da21818-b07e-47bc-b013-5e2e057a1420', '{"action":"token_revoked","actor_id":"9d0346e8-d342-4ea5-9af3-5aa9754ade76","actor_username":"64b9tvf5h7@privaterelay.appleid.com","actor_via_sso":false,"log_type":"token"}', '2024-06-17 07:49:08.871265+00', ''),
	('00000000-0000-0000-0000-000000000000', 'b63b3d70-79d0-46c7-90e1-99ebc7008709', '{"action":"token_refreshed","actor_id":"74dffe01-1824-4118-a205-87bace940e3a","actor_name":"Bonjour","actor_username":"c.fallotin@gmail.com","actor_via_sso":false,"log_type":"token"}', '2024-06-17 08:32:06.748825+00', ''),
	('00000000-0000-0000-0000-000000000000', 'cd0e6805-72a7-4f9a-9b2e-fd61159f850d', '{"action":"token_revoked","actor_id":"74dffe01-1824-4118-a205-87bace940e3a","actor_name":"Bonjour","actor_username":"c.fallotin@gmail.com","actor_via_sso":false,"log_type":"token"}', '2024-06-17 08:32:06.751626+00', ''),
	('00000000-0000-0000-0000-000000000000', 'c5506d66-1e13-4933-9121-2d9996aec65f', '{"action":"token_refreshed","actor_id":"74dffe01-1824-4118-a205-87bace940e3a","actor_name":"Bonjour","actor_username":"c.fallotin@gmail.com","actor_via_sso":false,"log_type":"token"}', '2024-06-17 08:32:28.854366+00', ''),
	('00000000-0000-0000-0000-000000000000', '258a4b59-e9a6-4b9c-bd0c-26472893b4b3', '{"action":"token_revoked","actor_id":"74dffe01-1824-4118-a205-87bace940e3a","actor_name":"Bonjour","actor_username":"c.fallotin@gmail.com","actor_via_sso":false,"log_type":"token"}', '2024-06-17 08:32:28.854911+00', ''),
	('00000000-0000-0000-0000-000000000000', '9fc9fddb-9fd9-4579-8767-dea05622d4e4', '{"action":"token_refreshed","actor_id":"76c8cee0-7630-46ea-a697-88d813c1688c","actor_username":"hateleylisa@gmail.com","actor_via_sso":false,"log_type":"token"}', '2024-06-17 08:45:57.981411+00', ''),
	('00000000-0000-0000-0000-000000000000', '74faed74-45a7-434a-b046-f0ab2806b831', '{"action":"token_revoked","actor_id":"76c8cee0-7630-46ea-a697-88d813c1688c","actor_username":"hateleylisa@gmail.com","actor_via_sso":false,"log_type":"token"}', '2024-06-17 08:45:57.984204+00', ''),
	('00000000-0000-0000-0000-000000000000', '03490d32-1889-4ac4-af7c-d331465357db', '{"action":"token_refreshed","actor_id":"74dffe01-1824-4118-a205-87bace940e3a","actor_name":"Bonjour","actor_username":"c.fallotin@gmail.com","actor_via_sso":false,"log_type":"token"}', '2024-06-17 09:30:21.877382+00', ''),
	('00000000-0000-0000-0000-000000000000', '9598929f-8e13-482b-965f-b64eccdb3d79', '{"action":"token_revoked","actor_id":"74dffe01-1824-4118-a205-87bace940e3a","actor_name":"Bonjour","actor_username":"c.fallotin@gmail.com","actor_via_sso":false,"log_type":"token"}', '2024-06-17 09:30:21.880955+00', ''),
	('00000000-0000-0000-0000-000000000000', '4891ae2f-07c7-4995-9c1b-8f8a31ef7444', '{"action":"token_refreshed","actor_id":"74dffe01-1824-4118-a205-87bace940e3a","actor_name":"Bonjour","actor_username":"c.fallotin@gmail.com","actor_via_sso":false,"log_type":"token"}', '2024-06-17 09:30:30.160567+00', ''),
	('00000000-0000-0000-0000-000000000000', '49d92ecf-a234-4ad0-8056-d69326d91760', '{"action":"token_revoked","actor_id":"74dffe01-1824-4118-a205-87bace940e3a","actor_name":"Bonjour","actor_username":"c.fallotin@gmail.com","actor_via_sso":false,"log_type":"token"}', '2024-06-17 09:30:30.161748+00', ''),
	('00000000-0000-0000-0000-000000000000', '62c5e03d-0a56-48e3-b038-22e751d8b08b', '{"action":"token_refreshed","actor_id":"9d0346e8-d342-4ea5-9af3-5aa9754ade76","actor_username":"64b9tvf5h7@privaterelay.appleid.com","actor_via_sso":false,"log_type":"token"}', '2024-06-17 09:47:50.95962+00', ''),
	('00000000-0000-0000-0000-000000000000', 'd0b54df9-4adf-4b89-8672-fcf1ba07d29b', '{"action":"token_revoked","actor_id":"9d0346e8-d342-4ea5-9af3-5aa9754ade76","actor_username":"64b9tvf5h7@privaterelay.appleid.com","actor_via_sso":false,"log_type":"token"}', '2024-06-17 09:47:50.961389+00', ''),
	('00000000-0000-0000-0000-000000000000', 'c0d40914-307c-4f6c-80f0-5500707ac25c', '{"action":"token_refreshed","actor_id":"74dffe01-1824-4118-a205-87bace940e3a","actor_name":"Bonjour","actor_username":"c.fallotin@gmail.com","actor_via_sso":false,"log_type":"token"}', '2024-06-17 10:28:31.424141+00', ''),
	('00000000-0000-0000-0000-000000000000', '69350674-9b80-44cc-9d01-3bb17b578638', '{"action":"token_revoked","actor_id":"74dffe01-1824-4118-a205-87bace940e3a","actor_name":"Bonjour","actor_username":"c.fallotin@gmail.com","actor_via_sso":false,"log_type":"token"}', '2024-06-17 10:28:31.426737+00', ''),
	('00000000-0000-0000-0000-000000000000', '29294b37-6b44-4b57-bb09-aa21d3abe3d3', '{"action":"token_refreshed","actor_id":"74dffe01-1824-4118-a205-87bace940e3a","actor_name":"Bonjour","actor_username":"c.fallotin@gmail.com","actor_via_sso":false,"log_type":"token"}', '2024-06-17 10:28:34.362146+00', ''),
	('00000000-0000-0000-0000-000000000000', '78b94fb2-e652-4482-87bf-14fbb59e3341', '{"action":"token_revoked","actor_id":"74dffe01-1824-4118-a205-87bace940e3a","actor_name":"Bonjour","actor_username":"c.fallotin@gmail.com","actor_via_sso":false,"log_type":"token"}', '2024-06-17 10:28:34.363206+00', ''),
	('00000000-0000-0000-0000-000000000000', 'b1640198-1f5b-4977-afd0-13d623f56f6b', '{"action":"token_refreshed","actor_id":"74dffe01-1824-4118-a205-87bace940e3a","actor_name":"Bonjour","actor_username":"c.fallotin@gmail.com","actor_via_sso":false,"log_type":"token"}', '2024-06-17 11:26:32.502329+00', ''),
	('00000000-0000-0000-0000-000000000000', '094f5934-5e88-4776-b146-9d198d55fafd', '{"action":"token_revoked","actor_id":"74dffe01-1824-4118-a205-87bace940e3a","actor_name":"Bonjour","actor_username":"c.fallotin@gmail.com","actor_via_sso":false,"log_type":"token"}', '2024-06-17 11:26:32.505657+00', ''),
	('00000000-0000-0000-0000-000000000000', 'bf6ad396-c269-4a4a-b27e-2980c0308116', '{"action":"token_refreshed","actor_id":"74dffe01-1824-4118-a205-87bace940e3a","actor_name":"Bonjour","actor_username":"c.fallotin@gmail.com","actor_via_sso":false,"log_type":"token"}', '2024-06-17 11:26:52.59932+00', ''),
	('00000000-0000-0000-0000-000000000000', 'f2e600ea-3855-48b3-9967-5a73c5af366b', '{"action":"token_revoked","actor_id":"74dffe01-1824-4118-a205-87bace940e3a","actor_name":"Bonjour","actor_username":"c.fallotin@gmail.com","actor_via_sso":false,"log_type":"token"}', '2024-06-17 11:26:52.602222+00', ''),
	('00000000-0000-0000-0000-000000000000', '66834aa8-612c-4b44-b975-311e47cc579a', '{"action":"token_refreshed","actor_id":"74dffe01-1824-4118-a205-87bace940e3a","actor_name":"Bonjour","actor_username":"c.fallotin@gmail.com","actor_via_sso":false,"log_type":"token"}', '2024-06-17 12:25:18.127421+00', ''),
	('00000000-0000-0000-0000-000000000000', 'ceaf0e83-69f1-4873-b226-3447ff18c14a', '{"action":"token_revoked","actor_id":"74dffe01-1824-4118-a205-87bace940e3a","actor_name":"Bonjour","actor_username":"c.fallotin@gmail.com","actor_via_sso":false,"log_type":"token"}', '2024-06-17 12:25:18.130118+00', ''),
	('00000000-0000-0000-0000-000000000000', '5735bb83-f142-4034-9b2d-0632ed75711e', '{"action":"token_refreshed","actor_id":"74dffe01-1824-4118-a205-87bace940e3a","actor_name":"Bonjour","actor_username":"c.fallotin@gmail.com","actor_via_sso":false,"log_type":"token"}', '2024-06-17 12:25:33.254072+00', ''),
	('00000000-0000-0000-0000-000000000000', '1b18b24c-6447-4b2e-9b5f-671d30c70ec1', '{"action":"token_revoked","actor_id":"74dffe01-1824-4118-a205-87bace940e3a","actor_name":"Bonjour","actor_username":"c.fallotin@gmail.com","actor_via_sso":false,"log_type":"token"}', '2024-06-17 12:25:33.254645+00', ''),
	('00000000-0000-0000-0000-000000000000', '08d5117a-097f-4437-ad4d-319f6e3630d7', '{"action":"token_refreshed","actor_id":"9d0346e8-d342-4ea5-9af3-5aa9754ade76","actor_username":"64b9tvf5h7@privaterelay.appleid.com","actor_via_sso":false,"log_type":"token"}', '2024-06-17 13:00:34.562105+00', ''),
	('00000000-0000-0000-0000-000000000000', '0af37627-0716-4be7-a8c2-a7f107416e2a', '{"action":"token_revoked","actor_id":"9d0346e8-d342-4ea5-9af3-5aa9754ade76","actor_username":"64b9tvf5h7@privaterelay.appleid.com","actor_via_sso":false,"log_type":"token"}', '2024-06-17 13:00:34.566059+00', ''),
	('00000000-0000-0000-0000-000000000000', 'fde435de-78e2-4a28-b3df-fb8e8fb22be0', '{"action":"token_refreshed","actor_id":"74dffe01-1824-4118-a205-87bace940e3a","actor_name":"Bonjour","actor_username":"c.fallotin@gmail.com","actor_via_sso":false,"log_type":"token"}', '2024-06-17 13:23:34.780213+00', ''),
	('00000000-0000-0000-0000-000000000000', '25b6f6bf-a2a2-4501-8d59-5c5635dc9112', '{"action":"token_revoked","actor_id":"74dffe01-1824-4118-a205-87bace940e3a","actor_name":"Bonjour","actor_username":"c.fallotin@gmail.com","actor_via_sso":false,"log_type":"token"}', '2024-06-17 13:23:34.781627+00', ''),
	('00000000-0000-0000-0000-000000000000', '8be37f39-34a1-407e-9cbd-2c5f3751ac2f', '{"action":"token_refreshed","actor_id":"74dffe01-1824-4118-a205-87bace940e3a","actor_name":"Bonjour","actor_username":"c.fallotin@gmail.com","actor_via_sso":false,"log_type":"token"}', '2024-06-17 14:36:37.674621+00', ''),
	('00000000-0000-0000-0000-000000000000', 'eb910e44-6dd5-4426-8de3-6532fa2ee0ab', '{"action":"token_revoked","actor_id":"74dffe01-1824-4118-a205-87bace940e3a","actor_name":"Bonjour","actor_username":"c.fallotin@gmail.com","actor_via_sso":false,"log_type":"token"}', '2024-06-17 14:36:37.676977+00', ''),
	('00000000-0000-0000-0000-000000000000', 'a00545dc-a6ea-4cff-8f94-cc3e5ac00ab4', '{"action":"token_refreshed","actor_id":"74dffe01-1824-4118-a205-87bace940e3a","actor_name":"Bonjour","actor_username":"c.fallotin@gmail.com","actor_via_sso":false,"log_type":"token"}', '2024-06-17 15:39:51.539146+00', ''),
	('00000000-0000-0000-0000-000000000000', '95af520d-e6b6-4d23-b7de-f50b7fb9eeef', '{"action":"token_revoked","actor_id":"74dffe01-1824-4118-a205-87bace940e3a","actor_name":"Bonjour","actor_username":"c.fallotin@gmail.com","actor_via_sso":false,"log_type":"token"}', '2024-06-17 15:39:51.541601+00', ''),
	('00000000-0000-0000-0000-000000000000', '9f253e2a-515a-4994-a561-9d2745782d0d', '{"action":"token_refreshed","actor_id":"9d0346e8-d342-4ea5-9af3-5aa9754ade76","actor_username":"64b9tvf5h7@privaterelay.appleid.com","actor_via_sso":false,"log_type":"token"}', '2024-06-17 16:31:25.612953+00', ''),
	('00000000-0000-0000-0000-000000000000', 'ccaee338-9752-422a-923a-901871ef6520', '{"action":"token_revoked","actor_id":"9d0346e8-d342-4ea5-9af3-5aa9754ade76","actor_username":"64b9tvf5h7@privaterelay.appleid.com","actor_via_sso":false,"log_type":"token"}', '2024-06-17 16:31:25.615219+00', ''),
	('00000000-0000-0000-0000-000000000000', 'e89b125a-ed4c-4b80-a2a0-bbd53c2ffe22', '{"action":"token_refreshed","actor_id":"74dffe01-1824-4118-a205-87bace940e3a","actor_name":"Bonjour","actor_username":"c.fallotin@gmail.com","actor_via_sso":false,"log_type":"token"}', '2024-06-17 16:40:51.711405+00', ''),
	('00000000-0000-0000-0000-000000000000', 'f51b11e2-0c8d-423d-996f-e81b3d2df0fe', '{"action":"token_revoked","actor_id":"74dffe01-1824-4118-a205-87bace940e3a","actor_name":"Bonjour","actor_username":"c.fallotin@gmail.com","actor_via_sso":false,"log_type":"token"}', '2024-06-17 16:40:51.713319+00', ''),
	('00000000-0000-0000-0000-000000000000', '03e8f7aa-20e6-4519-9c26-c4a4721edd0f', '{"action":"token_refreshed","actor_id":"74dffe01-1824-4118-a205-87bace940e3a","actor_name":"Bonjour","actor_username":"c.fallotin@gmail.com","actor_via_sso":false,"log_type":"token"}', '2024-06-17 17:41:51.656563+00', ''),
	('00000000-0000-0000-0000-000000000000', '06c6839a-199a-4891-b411-797bfe8dca01', '{"action":"token_revoked","actor_id":"74dffe01-1824-4118-a205-87bace940e3a","actor_name":"Bonjour","actor_username":"c.fallotin@gmail.com","actor_via_sso":false,"log_type":"token"}', '2024-06-17 17:41:51.659659+00', ''),
	('00000000-0000-0000-0000-000000000000', '7d3e5cc0-711d-48d1-a6e2-8d651a0d42ea', '{"action":"token_refreshed","actor_id":"74dffe01-1824-4118-a205-87bace940e3a","actor_name":"Bonjour","actor_username":"c.fallotin@gmail.com","actor_via_sso":false,"log_type":"token"}', '2024-06-17 18:42:53.20814+00', ''),
	('00000000-0000-0000-0000-000000000000', '69dddec1-e29a-43e5-9e4d-634d71b87efd', '{"action":"token_revoked","actor_id":"74dffe01-1824-4118-a205-87bace940e3a","actor_name":"Bonjour","actor_username":"c.fallotin@gmail.com","actor_via_sso":false,"log_type":"token"}', '2024-06-17 18:42:53.210566+00', ''),
	('00000000-0000-0000-0000-000000000000', '40e40360-f19e-4de6-8a0d-548ed02600ae', '{"action":"token_refreshed","actor_id":"74dffe01-1824-4118-a205-87bace940e3a","actor_name":"Bonjour","actor_username":"c.fallotin@gmail.com","actor_via_sso":false,"log_type":"token"}', '2024-06-17 19:43:51.713516+00', ''),
	('00000000-0000-0000-0000-000000000000', '79623b4c-d758-4dc6-bdd9-46ca020a36f2', '{"action":"token_revoked","actor_id":"74dffe01-1824-4118-a205-87bace940e3a","actor_name":"Bonjour","actor_username":"c.fallotin@gmail.com","actor_via_sso":false,"log_type":"token"}', '2024-06-17 19:43:51.715055+00', ''),
	('00000000-0000-0000-0000-000000000000', 'b3511a76-f8d1-4cb8-a79a-0929c94158e2', '{"action":"token_refreshed","actor_id":"74dffe01-1824-4118-a205-87bace940e3a","actor_name":"Bonjour","actor_username":"c.fallotin@gmail.com","actor_via_sso":false,"log_type":"token"}', '2024-06-17 20:44:51.642154+00', ''),
	('00000000-0000-0000-0000-000000000000', '12cbab2f-2606-4f57-8d50-6d98ed3fa5f6', '{"action":"token_revoked","actor_id":"74dffe01-1824-4118-a205-87bace940e3a","actor_name":"Bonjour","actor_username":"c.fallotin@gmail.com","actor_via_sso":false,"log_type":"token"}', '2024-06-17 20:44:51.646719+00', ''),
	('00000000-0000-0000-0000-000000000000', 'ef0fa7d2-1d2d-4504-9269-8c59584ba78f', '{"action":"token_refreshed","actor_id":"74dffe01-1824-4118-a205-87bace940e3a","actor_name":"Bonjour","actor_username":"c.fallotin@gmail.com","actor_via_sso":false,"log_type":"token"}', '2024-06-17 21:45:51.807219+00', ''),
	('00000000-0000-0000-0000-000000000000', '058b0cca-2574-413d-9e51-4a5dd6d99328', '{"action":"token_revoked","actor_id":"74dffe01-1824-4118-a205-87bace940e3a","actor_name":"Bonjour","actor_username":"c.fallotin@gmail.com","actor_via_sso":false,"log_type":"token"}', '2024-06-17 21:45:51.810413+00', ''),
	('00000000-0000-0000-0000-000000000000', '602f28c5-eb0b-403d-9f0b-d39c40239d57', '{"action":"token_refreshed","actor_id":"74dffe01-1824-4118-a205-87bace940e3a","actor_name":"Bonjour","actor_username":"c.fallotin@gmail.com","actor_via_sso":false,"log_type":"token"}', '2024-06-17 22:46:51.508213+00', ''),
	('00000000-0000-0000-0000-000000000000', '1a679a17-432d-4b94-8a36-b881041c4522', '{"action":"token_revoked","actor_id":"74dffe01-1824-4118-a205-87bace940e3a","actor_name":"Bonjour","actor_username":"c.fallotin@gmail.com","actor_via_sso":false,"log_type":"token"}', '2024-06-17 22:46:51.510978+00', ''),
	('00000000-0000-0000-0000-000000000000', '4d89e0b2-db23-406d-82b2-4e1a5399ceef', '{"action":"token_refreshed","actor_id":"74dffe01-1824-4118-a205-87bace940e3a","actor_name":"Bonjour","actor_username":"c.fallotin@gmail.com","actor_via_sso":false,"log_type":"token"}', '2024-06-17 23:47:51.458318+00', ''),
	('00000000-0000-0000-0000-000000000000', '100191fd-2f2f-482f-bfe4-67ef7a1634a6', '{"action":"token_revoked","actor_id":"74dffe01-1824-4118-a205-87bace940e3a","actor_name":"Bonjour","actor_username":"c.fallotin@gmail.com","actor_via_sso":false,"log_type":"token"}', '2024-06-17 23:47:51.461342+00', ''),
	('00000000-0000-0000-0000-000000000000', 'c5dc70c0-ee5f-48dc-bbd1-5b8bd0a4301a', '{"action":"token_refreshed","actor_id":"74dffe01-1824-4118-a205-87bace940e3a","actor_name":"Bonjour","actor_username":"c.fallotin@gmail.com","actor_via_sso":false,"log_type":"token"}', '2024-06-18 00:56:43.589679+00', ''),
	('00000000-0000-0000-0000-000000000000', '40b8b3b7-c153-4ee9-bbdb-fd72c3ecf7a1', '{"action":"token_revoked","actor_id":"74dffe01-1824-4118-a205-87bace940e3a","actor_name":"Bonjour","actor_username":"c.fallotin@gmail.com","actor_via_sso":false,"log_type":"token"}', '2024-06-18 00:56:43.591289+00', ''),
	('00000000-0000-0000-0000-000000000000', '373f6e52-8c8a-4de3-b2f0-58f79248cf08', '{"action":"token_refreshed","actor_id":"74dffe01-1824-4118-a205-87bace940e3a","actor_name":"Bonjour","actor_username":"c.fallotin@gmail.com","actor_via_sso":false,"log_type":"token"}', '2024-06-18 01:55:04.758752+00', ''),
	('00000000-0000-0000-0000-000000000000', 'c8f9fda3-6f63-4be8-9b23-1f0f30b61740', '{"action":"token_revoked","actor_id":"74dffe01-1824-4118-a205-87bace940e3a","actor_name":"Bonjour","actor_username":"c.fallotin@gmail.com","actor_via_sso":false,"log_type":"token"}', '2024-06-18 01:55:04.761281+00', ''),
	('00000000-0000-0000-0000-000000000000', '1ad2362d-733e-4554-ba3e-7fe0587f75c1', '{"action":"token_refreshed","actor_id":"76c8cee0-7630-46ea-a697-88d813c1688c","actor_username":"hateleylisa@gmail.com","actor_via_sso":false,"log_type":"token"}', '2024-06-18 02:38:31.132199+00', ''),
	('00000000-0000-0000-0000-000000000000', '0852996a-3909-4bc2-82e3-721260136ae7', '{"action":"token_revoked","actor_id":"76c8cee0-7630-46ea-a697-88d813c1688c","actor_username":"hateleylisa@gmail.com","actor_via_sso":false,"log_type":"token"}', '2024-06-18 02:38:31.13609+00', ''),
	('00000000-0000-0000-0000-000000000000', '7fd78024-cf15-4c1a-8d97-527532a829d7', '{"action":"token_refreshed","actor_id":"74dffe01-1824-4118-a205-87bace940e3a","actor_name":"Bonjour","actor_username":"c.fallotin@gmail.com","actor_via_sso":false,"log_type":"token"}', '2024-06-18 02:53:05.469519+00', ''),
	('00000000-0000-0000-0000-000000000000', '317e2541-77ad-45f4-a7c7-e4c95e868e03', '{"action":"token_revoked","actor_id":"74dffe01-1824-4118-a205-87bace940e3a","actor_name":"Bonjour","actor_username":"c.fallotin@gmail.com","actor_via_sso":false,"log_type":"token"}', '2024-06-18 02:53:05.472459+00', ''),
	('00000000-0000-0000-0000-000000000000', '412815c9-6489-4d75-b8db-3fead47fbc2b', '{"action":"token_refreshed","actor_id":"74dffe01-1824-4118-a205-87bace940e3a","actor_name":"Bonjour","actor_username":"c.fallotin@gmail.com","actor_via_sso":false,"log_type":"token"}', '2024-06-18 03:51:06.026517+00', ''),
	('00000000-0000-0000-0000-000000000000', '63be476e-3f4f-4e85-bc95-05c7d80c0e9f', '{"action":"token_revoked","actor_id":"74dffe01-1824-4118-a205-87bace940e3a","actor_name":"Bonjour","actor_username":"c.fallotin@gmail.com","actor_via_sso":false,"log_type":"token"}', '2024-06-18 03:51:06.027863+00', ''),
	('00000000-0000-0000-0000-000000000000', 'befdd66e-2102-4ade-a89a-f481e0226f7a', '{"action":"token_refreshed","actor_id":"74dffe01-1824-4118-a205-87bace940e3a","actor_name":"Bonjour","actor_username":"c.fallotin@gmail.com","actor_via_sso":false,"log_type":"token"}', '2024-06-18 04:49:12.416918+00', ''),
	('00000000-0000-0000-0000-000000000000', '03b52c87-395c-40cf-8d97-1805613eff02', '{"action":"token_revoked","actor_id":"74dffe01-1824-4118-a205-87bace940e3a","actor_name":"Bonjour","actor_username":"c.fallotin@gmail.com","actor_via_sso":false,"log_type":"token"}', '2024-06-18 04:49:12.418454+00', ''),
	('00000000-0000-0000-0000-000000000000', '8623e74e-ee3c-474f-bbb6-108c6eed5b8f', '{"action":"token_refreshed","actor_id":"74dffe01-1824-4118-a205-87bace940e3a","actor_name":"Bonjour","actor_username":"c.fallotin@gmail.com","actor_via_sso":false,"log_type":"token"}', '2024-06-18 06:00:31.501128+00', ''),
	('00000000-0000-0000-0000-000000000000', '25277b91-2905-4e4b-86dc-8a16ee4626a0', '{"action":"token_revoked","actor_id":"74dffe01-1824-4118-a205-87bace940e3a","actor_name":"Bonjour","actor_username":"c.fallotin@gmail.com","actor_via_sso":false,"log_type":"token"}', '2024-06-18 06:00:31.50466+00', ''),
	('00000000-0000-0000-0000-000000000000', '76bdb435-86d7-4238-9fb8-6399fd52ba55', '{"action":"token_refreshed","actor_id":"74dffe01-1824-4118-a205-87bace940e3a","actor_name":"Bonjour","actor_username":"c.fallotin@gmail.com","actor_via_sso":false,"log_type":"token"}', '2024-06-18 06:58:46.001151+00', ''),
	('00000000-0000-0000-0000-000000000000', '269b335d-4b53-45a4-9936-16326622dab6', '{"action":"token_revoked","actor_id":"74dffe01-1824-4118-a205-87bace940e3a","actor_name":"Bonjour","actor_username":"c.fallotin@gmail.com","actor_via_sso":false,"log_type":"token"}', '2024-06-18 06:58:46.008164+00', ''),
	('00000000-0000-0000-0000-000000000000', '2c979e1e-eae5-4dac-a06a-0de1b2c29e91', '{"action":"token_refreshed","actor_id":"74dffe01-1824-4118-a205-87bace940e3a","actor_name":"Bonjour","actor_username":"c.fallotin@gmail.com","actor_via_sso":false,"log_type":"token"}', '2024-06-18 07:57:06.705223+00', ''),
	('00000000-0000-0000-0000-000000000000', '56455166-48c4-41d5-9b19-09299e9fc879', '{"action":"token_revoked","actor_id":"74dffe01-1824-4118-a205-87bace940e3a","actor_name":"Bonjour","actor_username":"c.fallotin@gmail.com","actor_via_sso":false,"log_type":"token"}', '2024-06-18 07:57:06.706004+00', ''),
	('00000000-0000-0000-0000-000000000000', '2452c25a-dbb5-4b91-b77e-c265954cc5fb', '{"action":"token_refreshed","actor_id":"9d0346e8-d342-4ea5-9af3-5aa9754ade76","actor_username":"64b9tvf5h7@privaterelay.appleid.com","actor_via_sso":false,"log_type":"token"}', '2024-06-18 08:07:58.404917+00', ''),
	('00000000-0000-0000-0000-000000000000', '15029729-7e25-4774-bc02-f38b778074de', '{"action":"token_revoked","actor_id":"9d0346e8-d342-4ea5-9af3-5aa9754ade76","actor_username":"64b9tvf5h7@privaterelay.appleid.com","actor_via_sso":false,"log_type":"token"}', '2024-06-18 08:07:58.406069+00', ''),
	('00000000-0000-0000-0000-000000000000', '9654cde4-41ed-47be-b135-0a9f39f550e7', '{"action":"token_refreshed","actor_id":"ddee3ea7-0d3d-4194-8ab1-5e0a36ec2026","actor_username":"6kgrw22qg8@privaterelay.appleid.com","actor_via_sso":false,"log_type":"token"}', '2024-06-18 08:11:11.017115+00', ''),
	('00000000-0000-0000-0000-000000000000', 'f9c77334-3aeb-41f5-8efb-03455c31e125', '{"action":"token_revoked","actor_id":"ddee3ea7-0d3d-4194-8ab1-5e0a36ec2026","actor_username":"6kgrw22qg8@privaterelay.appleid.com","actor_via_sso":false,"log_type":"token"}', '2024-06-18 08:11:11.019315+00', ''),
	('00000000-0000-0000-0000-000000000000', 'a3008951-7c48-42ef-a994-be1a0ca1ddfb', '{"action":"token_refreshed","actor_id":"74dffe01-1824-4118-a205-87bace940e3a","actor_name":"Bonjour","actor_username":"c.fallotin@gmail.com","actor_via_sso":false,"log_type":"token"}', '2024-06-18 08:55:07.81216+00', ''),
	('00000000-0000-0000-0000-000000000000', '9b4816fc-e114-4c98-9abe-53bfc1ebac7a', '{"action":"token_revoked","actor_id":"74dffe01-1824-4118-a205-87bace940e3a","actor_name":"Bonjour","actor_username":"c.fallotin@gmail.com","actor_via_sso":false,"log_type":"token"}', '2024-06-18 08:55:07.814063+00', ''),
	('00000000-0000-0000-0000-000000000000', '4c14abb8-66ac-415f-9107-390c021882f0', '{"action":"token_refreshed","actor_id":"9d0346e8-d342-4ea5-9af3-5aa9754ade76","actor_username":"64b9tvf5h7@privaterelay.appleid.com","actor_via_sso":false,"log_type":"token"}', '2024-06-18 09:08:01.348459+00', ''),
	('00000000-0000-0000-0000-000000000000', '4df80356-6680-49a1-a02b-58307f1751b1', '{"action":"token_revoked","actor_id":"9d0346e8-d342-4ea5-9af3-5aa9754ade76","actor_username":"64b9tvf5h7@privaterelay.appleid.com","actor_via_sso":false,"log_type":"token"}', '2024-06-18 09:08:01.351387+00', ''),
	('00000000-0000-0000-0000-000000000000', '1dfd189b-ba4f-457a-a0e7-0bf8e0bf177e', '{"action":"token_refreshed","actor_id":"74dffe01-1824-4118-a205-87bace940e3a","actor_name":"Bonjour","actor_username":"c.fallotin@gmail.com","actor_via_sso":false,"log_type":"token"}', '2024-06-18 09:53:09.631294+00', ''),
	('00000000-0000-0000-0000-000000000000', '37a8e0db-9f0d-46d9-92a5-185222a15f3b', '{"action":"token_revoked","actor_id":"74dffe01-1824-4118-a205-87bace940e3a","actor_name":"Bonjour","actor_username":"c.fallotin@gmail.com","actor_via_sso":false,"log_type":"token"}', '2024-06-18 09:53:09.633887+00', ''),
	('00000000-0000-0000-0000-000000000000', '7a855e40-bbe7-4ac2-99b0-d1336a356b9f', '{"action":"token_refreshed","actor_id":"9d0346e8-d342-4ea5-9af3-5aa9754ade76","actor_username":"64b9tvf5h7@privaterelay.appleid.com","actor_via_sso":false,"log_type":"token"}', '2024-06-18 15:32:50.946972+00', ''),
	('00000000-0000-0000-0000-000000000000', 'd4c53dcb-fd9d-4b6a-a108-e754ea126d0d', '{"action":"token_revoked","actor_id":"9d0346e8-d342-4ea5-9af3-5aa9754ade76","actor_username":"64b9tvf5h7@privaterelay.appleid.com","actor_via_sso":false,"log_type":"token"}', '2024-06-18 15:32:50.950488+00', ''),
	('00000000-0000-0000-0000-000000000000', 'b5d8b3c2-6353-4590-99cd-6b690c80cb9c', '{"action":"token_refreshed","actor_id":"9d0346e8-d342-4ea5-9af3-5aa9754ade76","actor_username":"64b9tvf5h7@privaterelay.appleid.com","actor_via_sso":false,"log_type":"token"}', '2024-06-19 01:27:13.913127+00', ''),
	('00000000-0000-0000-0000-000000000000', '0d212d97-e53d-4a97-a148-ed99896e92cc', '{"action":"token_revoked","actor_id":"9d0346e8-d342-4ea5-9af3-5aa9754ade76","actor_username":"64b9tvf5h7@privaterelay.appleid.com","actor_via_sso":false,"log_type":"token"}', '2024-06-19 01:27:13.926+00', ''),
	('00000000-0000-0000-0000-000000000000', '06836a16-4068-4bc9-90a6-f17d24ab9bd5', '{"action":"token_refreshed","actor_id":"74dffe01-1824-4118-a205-87bace940e3a","actor_name":"Bonjour","actor_username":"c.fallotin@gmail.com","actor_via_sso":false,"log_type":"token"}', '2024-06-19 04:18:05.95387+00', ''),
	('00000000-0000-0000-0000-000000000000', '5d361757-ad96-43b3-abe3-e3bc1b45854a', '{"action":"token_revoked","actor_id":"74dffe01-1824-4118-a205-87bace940e3a","actor_name":"Bonjour","actor_username":"c.fallotin@gmail.com","actor_via_sso":false,"log_type":"token"}', '2024-06-19 04:18:05.955161+00', ''),
	('00000000-0000-0000-0000-000000000000', '807c37ca-26ef-4031-a5ce-cb616ec4a54c', '{"action":"logout","actor_id":"74dffe01-1824-4118-a205-87bace940e3a","actor_name":"Bonjour","actor_username":"c.fallotin@gmail.com","actor_via_sso":false,"log_type":"account"}', '2024-06-19 04:21:10.430494+00', ''),
	('00000000-0000-0000-0000-000000000000', '68def8b3-10d5-405b-ab56-9a7f4d8a9e3b', '{"action":"login","actor_id":"74dffe01-1824-4118-a205-87bace940e3a","actor_name":"Bonjour","actor_username":"c.fallotin@gmail.com","actor_via_sso":false,"log_type":"account","traits":{"provider":"email"}}', '2024-06-19 04:21:24.145169+00', ''),
	('00000000-0000-0000-0000-000000000000', '74a0cff4-4a10-40b5-96d4-e46a888c6ce8', '{"action":"token_refreshed","actor_id":"76c8cee0-7630-46ea-a697-88d813c1688c","actor_username":"hateleylisa@gmail.com","actor_via_sso":false,"log_type":"token"}', '2024-06-19 04:26:00.456283+00', ''),
	('00000000-0000-0000-0000-000000000000', '4a694306-3604-4d5d-a02a-e543d440bf48', '{"action":"token_revoked","actor_id":"76c8cee0-7630-46ea-a697-88d813c1688c","actor_username":"hateleylisa@gmail.com","actor_via_sso":false,"log_type":"token"}', '2024-06-19 04:26:00.458315+00', ''),
	('00000000-0000-0000-0000-000000000000', '443ebce9-a220-4bab-a1e2-73e4a9582537', '{"action":"token_refreshed","actor_id":"9d0346e8-d342-4ea5-9af3-5aa9754ade76","actor_username":"64b9tvf5h7@privaterelay.appleid.com","actor_via_sso":false,"log_type":"token"}', '2024-06-19 04:26:18.083646+00', ''),
	('00000000-0000-0000-0000-000000000000', 'dceb6751-5608-41e4-b843-1104f0e2a67b', '{"action":"token_revoked","actor_id":"9d0346e8-d342-4ea5-9af3-5aa9754ade76","actor_username":"64b9tvf5h7@privaterelay.appleid.com","actor_via_sso":false,"log_type":"token"}', '2024-06-19 04:26:18.084226+00', ''),
	('00000000-0000-0000-0000-000000000000', 'a4984ee9-9080-4b42-b0b5-7b5910864350', '{"action":"token_refreshed","actor_id":"76c8cee0-7630-46ea-a697-88d813c1688c","actor_username":"hateleylisa@gmail.com","actor_via_sso":false,"log_type":"token"}', '2024-06-19 05:33:33.498596+00', ''),
	('00000000-0000-0000-0000-000000000000', '0184b6f1-58dd-4ae9-96a4-6ff3b86cb241', '{"action":"token_revoked","actor_id":"76c8cee0-7630-46ea-a697-88d813c1688c","actor_username":"hateleylisa@gmail.com","actor_via_sso":false,"log_type":"token"}', '2024-06-19 05:33:33.499808+00', ''),
	('00000000-0000-0000-0000-000000000000', 'e2d3af39-5cf5-4eae-929c-45db9cc1d00d', '{"action":"token_refreshed","actor_id":"74dffe01-1824-4118-a205-87bace940e3a","actor_name":"Bonjour","actor_username":"c.fallotin@gmail.com","actor_via_sso":false,"log_type":"token"}', '2024-06-19 05:34:10.188954+00', ''),
	('00000000-0000-0000-0000-000000000000', '21589937-e832-4678-8b20-ae3cb7ff8d7c', '{"action":"token_revoked","actor_id":"74dffe01-1824-4118-a205-87bace940e3a","actor_name":"Bonjour","actor_username":"c.fallotin@gmail.com","actor_via_sso":false,"log_type":"token"}', '2024-06-19 05:34:10.189531+00', ''),
	('00000000-0000-0000-0000-000000000000', 'a5537f7c-7453-4d7b-baec-4967dbb11c47', '{"action":"token_refreshed","actor_id":"9d0346e8-d342-4ea5-9af3-5aa9754ade76","actor_username":"64b9tvf5h7@privaterelay.appleid.com","actor_via_sso":false,"log_type":"token"}', '2024-06-19 06:04:06.103948+00', ''),
	('00000000-0000-0000-0000-000000000000', '637b49a6-673c-438b-bb54-93220e181e97', '{"action":"token_revoked","actor_id":"9d0346e8-d342-4ea5-9af3-5aa9754ade76","actor_username":"64b9tvf5h7@privaterelay.appleid.com","actor_via_sso":false,"log_type":"token"}', '2024-06-19 06:04:06.105924+00', ''),
	('00000000-0000-0000-0000-000000000000', '0e41c9d0-7ca5-49d5-a944-545090a2d83c', '{"action":"token_refreshed","actor_id":"74dffe01-1824-4118-a205-87bace940e3a","actor_name":"Bonjour","actor_username":"c.fallotin@gmail.com","actor_via_sso":false,"log_type":"token"}', '2024-06-19 06:32:22.746348+00', ''),
	('00000000-0000-0000-0000-000000000000', '994c3ab7-4524-4fb2-bd63-dcfef3c06b38', '{"action":"token_revoked","actor_id":"74dffe01-1824-4118-a205-87bace940e3a","actor_name":"Bonjour","actor_username":"c.fallotin@gmail.com","actor_via_sso":false,"log_type":"token"}', '2024-06-19 06:32:22.747458+00', ''),
	('00000000-0000-0000-0000-000000000000', '5304c8e5-76ad-4a2e-845c-da467c7f7f44', '{"action":"login","actor_id":"74dffe01-1824-4118-a205-87bace940e3a","actor_name":"Bonjour","actor_username":"c.fallotin@gmail.com","actor_via_sso":false,"log_type":"account","traits":{"provider":"email"}}', '2024-06-19 06:53:33.419132+00', ''),
	('00000000-0000-0000-0000-000000000000', '201f0f64-9783-424d-a5ed-f42c23db7f81', '{"action":"token_refreshed","actor_id":"74dffe01-1824-4118-a205-87bace940e3a","actor_name":"Bonjour","actor_username":"c.fallotin@gmail.com","actor_via_sso":false,"log_type":"token"}', '2024-06-19 07:32:25.115253+00', ''),
	('00000000-0000-0000-0000-000000000000', 'f282b658-9da2-427b-83d6-c1a1353ac298', '{"action":"token_revoked","actor_id":"74dffe01-1824-4118-a205-87bace940e3a","actor_name":"Bonjour","actor_username":"c.fallotin@gmail.com","actor_via_sso":false,"log_type":"token"}', '2024-06-19 07:32:25.117004+00', ''),
	('00000000-0000-0000-0000-000000000000', 'aade79f9-fddb-4730-9d68-8665a2f3df4c', '{"action":"token_refreshed","actor_id":"9d0346e8-d342-4ea5-9af3-5aa9754ade76","actor_username":"64b9tvf5h7@privaterelay.appleid.com","actor_via_sso":false,"log_type":"token"}', '2024-06-19 07:51:32.395918+00', ''),
	('00000000-0000-0000-0000-000000000000', '3adbfe79-8b36-434a-b35d-81549370e20c', '{"action":"token_revoked","actor_id":"9d0346e8-d342-4ea5-9af3-5aa9754ade76","actor_username":"64b9tvf5h7@privaterelay.appleid.com","actor_via_sso":false,"log_type":"token"}', '2024-06-19 07:51:32.398402+00', ''),
	('00000000-0000-0000-0000-000000000000', '713ed41b-efdb-42fa-960e-f2a4524cd8ae', '{"action":"token_refreshed","actor_id":"74dffe01-1824-4118-a205-87bace940e3a","actor_name":"Bonjour","actor_username":"c.fallotin@gmail.com","actor_via_sso":false,"log_type":"token"}', '2024-06-19 07:51:58.751066+00', ''),
	('00000000-0000-0000-0000-000000000000', '725f14ce-cece-4f83-8db5-6ba6b977afa1', '{"action":"token_revoked","actor_id":"74dffe01-1824-4118-a205-87bace940e3a","actor_name":"Bonjour","actor_username":"c.fallotin@gmail.com","actor_via_sso":false,"log_type":"token"}', '2024-06-19 07:51:58.75201+00', ''),
	('00000000-0000-0000-0000-000000000000', '790e39af-a4ff-41cd-ac17-8fdc94a3a514', '{"action":"token_refreshed","actor_id":"74dffe01-1824-4118-a205-87bace940e3a","actor_name":"Bonjour","actor_username":"c.fallotin@gmail.com","actor_via_sso":false,"log_type":"token"}', '2024-06-19 08:30:53.321743+00', ''),
	('00000000-0000-0000-0000-000000000000', 'cae35571-186b-4837-9a3a-18aff65ebb5d', '{"action":"token_revoked","actor_id":"74dffe01-1824-4118-a205-87bace940e3a","actor_name":"Bonjour","actor_username":"c.fallotin@gmail.com","actor_via_sso":false,"log_type":"token"}', '2024-06-19 08:30:53.326157+00', ''),
	('00000000-0000-0000-0000-000000000000', 'f9c65bb6-f2ae-4b50-9eaa-12f778213937', '{"action":"token_refreshed","actor_id":"74dffe01-1824-4118-a205-87bace940e3a","actor_name":"Bonjour","actor_username":"c.fallotin@gmail.com","actor_via_sso":false,"log_type":"token"}', '2024-06-19 08:50:01.531325+00', ''),
	('00000000-0000-0000-0000-000000000000', 'eabd8495-c922-4081-9935-f8aad7d2e9de', '{"action":"token_revoked","actor_id":"74dffe01-1824-4118-a205-87bace940e3a","actor_name":"Bonjour","actor_username":"c.fallotin@gmail.com","actor_via_sso":false,"log_type":"token"}', '2024-06-19 08:50:01.534236+00', ''),
	('00000000-0000-0000-0000-000000000000', 'c34070a1-9fb0-44e7-a2a8-e0f484c5fa9c', '{"action":"token_refreshed","actor_id":"9d0346e8-d342-4ea5-9af3-5aa9754ade76","actor_username":"64b9tvf5h7@privaterelay.appleid.com","actor_via_sso":false,"log_type":"token"}', '2024-06-19 09:19:26.805645+00', ''),
	('00000000-0000-0000-0000-000000000000', 'ca76e862-efac-4b98-a011-8f3b308ff2aa', '{"action":"token_revoked","actor_id":"9d0346e8-d342-4ea5-9af3-5aa9754ade76","actor_username":"64b9tvf5h7@privaterelay.appleid.com","actor_via_sso":false,"log_type":"token"}', '2024-06-19 09:19:26.80716+00', ''),
	('00000000-0000-0000-0000-000000000000', '2c16006a-e709-45cf-86a9-53b1166f9697', '{"action":"token_refreshed","actor_id":"9d0346e8-d342-4ea5-9af3-5aa9754ade76","actor_username":"64b9tvf5h7@privaterelay.appleid.com","actor_via_sso":false,"log_type":"token"}', '2024-06-19 14:03:20.206953+00', ''),
	('00000000-0000-0000-0000-000000000000', '0dc05dc1-0c03-4591-b364-cf74994a297c', '{"action":"token_revoked","actor_id":"9d0346e8-d342-4ea5-9af3-5aa9754ade76","actor_username":"64b9tvf5h7@privaterelay.appleid.com","actor_via_sso":false,"log_type":"token"}', '2024-06-19 14:03:20.214514+00', ''),
	('00000000-0000-0000-0000-000000000000', 'da989394-43ed-455a-9b2e-68d7230865c1', '{"action":"token_refreshed","actor_id":"74dffe01-1824-4118-a205-87bace940e3a","actor_name":"Bonjour","actor_username":"c.fallotin@gmail.com","actor_via_sso":false,"log_type":"token"}', '2024-06-20 05:46:04.799334+00', ''),
	('00000000-0000-0000-0000-000000000000', 'bed67455-3ccb-4e21-aad0-f9141823a28e', '{"action":"token_revoked","actor_id":"74dffe01-1824-4118-a205-87bace940e3a","actor_name":"Bonjour","actor_username":"c.fallotin@gmail.com","actor_via_sso":false,"log_type":"token"}', '2024-06-20 05:46:04.810495+00', ''),
	('00000000-0000-0000-0000-000000000000', '52d1de4d-5748-4593-81b2-b39d9494d86e', '{"action":"token_refreshed","actor_id":"74dffe01-1824-4118-a205-87bace940e3a","actor_name":"Bonjour","actor_username":"c.fallotin@gmail.com","actor_via_sso":false,"log_type":"token"}', '2024-06-20 05:47:37.823115+00', ''),
	('00000000-0000-0000-0000-000000000000', 'ce94fbda-2c7e-4a30-8b51-64d35277bba4', '{"action":"token_revoked","actor_id":"74dffe01-1824-4118-a205-87bace940e3a","actor_name":"Bonjour","actor_username":"c.fallotin@gmail.com","actor_via_sso":false,"log_type":"token"}', '2024-06-20 05:47:37.824807+00', ''),
	('00000000-0000-0000-0000-000000000000', '9889e1c2-7713-47da-af97-721ac2ff14a7', '{"action":"token_refreshed","actor_id":"74dffe01-1824-4118-a205-87bace940e3a","actor_name":"Bonjour","actor_username":"c.fallotin@gmail.com","actor_via_sso":false,"log_type":"token"}', '2024-06-20 06:44:06.83396+00', ''),
	('00000000-0000-0000-0000-000000000000', 'c38d10a0-24bb-495d-9a5b-1d3fc142a49c', '{"action":"token_revoked","actor_id":"74dffe01-1824-4118-a205-87bace940e3a","actor_name":"Bonjour","actor_username":"c.fallotin@gmail.com","actor_via_sso":false,"log_type":"token"}', '2024-06-20 06:44:06.836876+00', ''),
	('00000000-0000-0000-0000-000000000000', '4bd5d7ae-90d9-4dc7-83bc-e65126c93a83', '{"action":"token_refreshed","actor_id":"74dffe01-1824-4118-a205-87bace940e3a","actor_name":"Bonjour","actor_username":"c.fallotin@gmail.com","actor_via_sso":false,"log_type":"token"}', '2024-06-20 06:46:03.808872+00', ''),
	('00000000-0000-0000-0000-000000000000', 'a9338c3f-32a2-4936-aa65-4d43744dc115', '{"action":"token_revoked","actor_id":"74dffe01-1824-4118-a205-87bace940e3a","actor_name":"Bonjour","actor_username":"c.fallotin@gmail.com","actor_via_sso":false,"log_type":"token"}', '2024-06-20 06:46:03.811133+00', ''),
	('00000000-0000-0000-0000-000000000000', '1a1af9f3-0784-4dc7-9784-e85cd120422f', '{"action":"token_refreshed","actor_id":"74dffe01-1824-4118-a205-87bace940e3a","actor_name":"Bonjour","actor_username":"c.fallotin@gmail.com","actor_via_sso":false,"log_type":"token"}', '2024-06-20 07:42:21.686186+00', ''),
	('00000000-0000-0000-0000-000000000000', 'd6184bdf-6cbe-447f-9cd9-f63c2b6da17d', '{"action":"token_revoked","actor_id":"74dffe01-1824-4118-a205-87bace940e3a","actor_name":"Bonjour","actor_username":"c.fallotin@gmail.com","actor_via_sso":false,"log_type":"token"}', '2024-06-20 07:42:21.68967+00', ''),
	('00000000-0000-0000-0000-000000000000', '84441b2d-a0c3-4f20-a97f-9567b5ec2aaa', '{"action":"token_refreshed","actor_id":"74dffe01-1824-4118-a205-87bace940e3a","actor_name":"Bonjour","actor_username":"c.fallotin@gmail.com","actor_via_sso":false,"log_type":"token"}', '2024-06-20 07:44:26.213788+00', ''),
	('00000000-0000-0000-0000-000000000000', 'cec8ec79-6fec-4a43-8ebb-5244cd5959f6', '{"action":"token_revoked","actor_id":"74dffe01-1824-4118-a205-87bace940e3a","actor_name":"Bonjour","actor_username":"c.fallotin@gmail.com","actor_via_sso":false,"log_type":"token"}', '2024-06-20 07:44:26.216087+00', ''),
	('00000000-0000-0000-0000-000000000000', 'ccc47cbc-ef32-4932-a957-bf29bd127609', '{"action":"token_refreshed","actor_id":"74dffe01-1824-4118-a205-87bace940e3a","actor_name":"Bonjour","actor_username":"c.fallotin@gmail.com","actor_via_sso":false,"log_type":"token"}', '2024-06-20 08:40:22.949431+00', ''),
	('00000000-0000-0000-0000-000000000000', '306dcf52-efbf-4842-9d4c-31160b4948a8', '{"action":"token_revoked","actor_id":"74dffe01-1824-4118-a205-87bace940e3a","actor_name":"Bonjour","actor_username":"c.fallotin@gmail.com","actor_via_sso":false,"log_type":"token"}', '2024-06-20 08:40:22.951702+00', ''),
	('00000000-0000-0000-0000-000000000000', 'b7b5abbe-8870-44a4-a32e-6bd1c511e3c6', '{"action":"token_refreshed","actor_id":"74dffe01-1824-4118-a205-87bace940e3a","actor_name":"Bonjour","actor_username":"c.fallotin@gmail.com","actor_via_sso":false,"log_type":"token"}', '2024-06-20 08:42:27.541244+00', ''),
	('00000000-0000-0000-0000-000000000000', 'd315c456-1e5a-4e94-a5cc-617c577dffeb', '{"action":"token_revoked","actor_id":"74dffe01-1824-4118-a205-87bace940e3a","actor_name":"Bonjour","actor_username":"c.fallotin@gmail.com","actor_via_sso":false,"log_type":"token"}', '2024-06-20 08:42:27.542001+00', ''),
	('00000000-0000-0000-0000-000000000000', 'fe5d6003-5b66-43d7-a180-1938ed0f9d56', '{"action":"token_refreshed","actor_id":"74dffe01-1824-4118-a205-87bace940e3a","actor_name":"Bonjour","actor_username":"c.fallotin@gmail.com","actor_via_sso":false,"log_type":"token"}', '2024-06-20 09:38:24.273358+00', ''),
	('00000000-0000-0000-0000-000000000000', 'cedadb06-7156-4d05-a321-186c3bd1f3ff', '{"action":"token_revoked","actor_id":"74dffe01-1824-4118-a205-87bace940e3a","actor_name":"Bonjour","actor_username":"c.fallotin@gmail.com","actor_via_sso":false,"log_type":"token"}', '2024-06-20 09:38:24.276573+00', ''),
	('00000000-0000-0000-0000-000000000000', '9a12446d-25c5-4444-986a-8c4d906896eb', '{"action":"token_refreshed","actor_id":"74dffe01-1824-4118-a205-87bace940e3a","actor_name":"Bonjour","actor_username":"c.fallotin@gmail.com","actor_via_sso":false,"log_type":"token"}', '2024-06-20 09:40:28.717313+00', ''),
	('00000000-0000-0000-0000-000000000000', '8855ffbe-4e04-4a66-803f-efbc025115dd', '{"action":"token_revoked","actor_id":"74dffe01-1824-4118-a205-87bace940e3a","actor_name":"Bonjour","actor_username":"c.fallotin@gmail.com","actor_via_sso":false,"log_type":"token"}', '2024-06-20 09:40:28.718603+00', ''),
	('00000000-0000-0000-0000-000000000000', '8462dadf-b1ff-4915-8811-0803ef52b9a0', '{"action":"token_refreshed","actor_id":"74dffe01-1824-4118-a205-87bace940e3a","actor_name":"Bonjour","actor_username":"c.fallotin@gmail.com","actor_via_sso":false,"log_type":"token"}', '2024-06-20 10:36:24.62389+00', ''),
	('00000000-0000-0000-0000-000000000000', 'e32c1189-0323-4203-b5d3-197d559bcd57', '{"action":"token_revoked","actor_id":"74dffe01-1824-4118-a205-87bace940e3a","actor_name":"Bonjour","actor_username":"c.fallotin@gmail.com","actor_via_sso":false,"log_type":"token"}', '2024-06-20 10:36:24.625885+00', ''),
	('00000000-0000-0000-0000-000000000000', 'c2e04e30-5093-4bd4-a233-61c0ec49df99', '{"action":"token_refreshed","actor_id":"74dffe01-1824-4118-a205-87bace940e3a","actor_name":"Bonjour","actor_username":"c.fallotin@gmail.com","actor_via_sso":false,"log_type":"token"}', '2024-06-20 10:38:29.506296+00', ''),
	('00000000-0000-0000-0000-000000000000', 'ab2dbb21-4dbd-425e-8c6b-4982a59d848c', '{"action":"token_revoked","actor_id":"74dffe01-1824-4118-a205-87bace940e3a","actor_name":"Bonjour","actor_username":"c.fallotin@gmail.com","actor_via_sso":false,"log_type":"token"}', '2024-06-20 10:38:29.50833+00', ''),
	('00000000-0000-0000-0000-000000000000', 'a6336fa8-112d-4b53-937a-2d86bf16269a', '{"action":"token_refreshed","actor_id":"9d0346e8-d342-4ea5-9af3-5aa9754ade76","actor_username":"64b9tvf5h7@privaterelay.appleid.com","actor_via_sso":false,"log_type":"token"}', '2024-06-20 11:27:59.826947+00', ''),
	('00000000-0000-0000-0000-000000000000', 'b3351caf-c68e-433f-a6dd-858205143c0b', '{"action":"token_revoked","actor_id":"9d0346e8-d342-4ea5-9af3-5aa9754ade76","actor_username":"64b9tvf5h7@privaterelay.appleid.com","actor_via_sso":false,"log_type":"token"}', '2024-06-20 11:27:59.83021+00', ''),
	('00000000-0000-0000-0000-000000000000', 'fee3ca32-02b1-4f49-8e2c-f96d39352b48', '{"action":"token_refreshed","actor_id":"74dffe01-1824-4118-a205-87bace940e3a","actor_name":"Bonjour","actor_username":"c.fallotin@gmail.com","actor_via_sso":false,"log_type":"token"}', '2024-06-20 11:34:25.148616+00', ''),
	('00000000-0000-0000-0000-000000000000', 'da50752b-a3ed-47e3-88ba-5bcaac0b1862', '{"action":"token_revoked","actor_id":"74dffe01-1824-4118-a205-87bace940e3a","actor_name":"Bonjour","actor_username":"c.fallotin@gmail.com","actor_via_sso":false,"log_type":"token"}', '2024-06-20 11:34:25.151204+00', ''),
	('00000000-0000-0000-0000-000000000000', '401ee82f-bd07-4439-8e80-69597e367455', '{"action":"token_refreshed","actor_id":"74dffe01-1824-4118-a205-87bace940e3a","actor_name":"Bonjour","actor_username":"c.fallotin@gmail.com","actor_via_sso":false,"log_type":"token"}', '2024-06-20 11:36:30.05796+00', ''),
	('00000000-0000-0000-0000-000000000000', '9f315c28-5817-446b-be9f-d1bda8fa4893', '{"action":"token_revoked","actor_id":"74dffe01-1824-4118-a205-87bace940e3a","actor_name":"Bonjour","actor_username":"c.fallotin@gmail.com","actor_via_sso":false,"log_type":"token"}', '2024-06-20 11:36:30.060239+00', ''),
	('00000000-0000-0000-0000-000000000000', '4122c020-5f8a-4a9e-b1ee-789bee0894c4', '{"action":"token_refreshed","actor_id":"74dffe01-1824-4118-a205-87bace940e3a","actor_name":"Bonjour","actor_username":"c.fallotin@gmail.com","actor_via_sso":false,"log_type":"token"}', '2024-06-20 12:32:44.859083+00', ''),
	('00000000-0000-0000-0000-000000000000', 'c9b69746-2123-4ffc-9f6c-78c9d8c9737d', '{"action":"token_revoked","actor_id":"74dffe01-1824-4118-a205-87bace940e3a","actor_name":"Bonjour","actor_username":"c.fallotin@gmail.com","actor_via_sso":false,"log_type":"token"}', '2024-06-20 12:32:44.862042+00', ''),
	('00000000-0000-0000-0000-000000000000', '69bc8f61-3ee8-4547-84bf-049ff942c687', '{"action":"token_refreshed","actor_id":"74dffe01-1824-4118-a205-87bace940e3a","actor_name":"Bonjour","actor_username":"c.fallotin@gmail.com","actor_via_sso":false,"log_type":"token"}', '2024-06-20 12:34:44.874394+00', ''),
	('00000000-0000-0000-0000-000000000000', 'd8d00169-d301-4b7d-8316-0637bc8fd94d', '{"action":"token_revoked","actor_id":"74dffe01-1824-4118-a205-87bace940e3a","actor_name":"Bonjour","actor_username":"c.fallotin@gmail.com","actor_via_sso":false,"log_type":"token"}', '2024-06-20 12:34:44.876796+00', ''),
	('00000000-0000-0000-0000-000000000000', '70b8ef07-f4ce-4139-8fce-092d56261225', '{"action":"token_refreshed","actor_id":"74dffe01-1824-4118-a205-87bace940e3a","actor_name":"Bonjour","actor_username":"c.fallotin@gmail.com","actor_via_sso":false,"log_type":"token"}', '2024-06-20 13:30:45.974758+00', ''),
	('00000000-0000-0000-0000-000000000000', 'f0f1c144-9cb2-449a-97fb-f3b5b15f47c9', '{"action":"token_revoked","actor_id":"74dffe01-1824-4118-a205-87bace940e3a","actor_name":"Bonjour","actor_username":"c.fallotin@gmail.com","actor_via_sso":false,"log_type":"token"}', '2024-06-20 13:30:45.978809+00', ''),
	('00000000-0000-0000-0000-000000000000', 'dd2134b8-ada2-45f2-a103-b732bfba66e8', '{"action":"token_refreshed","actor_id":"74dffe01-1824-4118-a205-87bace940e3a","actor_name":"Bonjour","actor_username":"c.fallotin@gmail.com","actor_via_sso":false,"log_type":"token"}', '2024-06-20 13:32:46.314374+00', ''),
	('00000000-0000-0000-0000-000000000000', 'd49055fd-5b90-471e-b2e1-c18e9738e1af', '{"action":"token_revoked","actor_id":"74dffe01-1824-4118-a205-87bace940e3a","actor_name":"Bonjour","actor_username":"c.fallotin@gmail.com","actor_via_sso":false,"log_type":"token"}', '2024-06-20 13:32:46.318037+00', ''),
	('00000000-0000-0000-0000-000000000000', '0517da43-19da-46ed-82c6-c37abb6621b4', '{"action":"token_refreshed","actor_id":"9d0346e8-d342-4ea5-9af3-5aa9754ade76","actor_username":"64b9tvf5h7@privaterelay.appleid.com","actor_via_sso":false,"log_type":"token"}', '2024-06-20 13:44:17.677717+00', ''),
	('00000000-0000-0000-0000-000000000000', 'b668dbd9-37ca-4019-ae9c-6628ff149183', '{"action":"token_revoked","actor_id":"9d0346e8-d342-4ea5-9af3-5aa9754ade76","actor_username":"64b9tvf5h7@privaterelay.appleid.com","actor_via_sso":false,"log_type":"token"}', '2024-06-20 13:44:17.679815+00', ''),
	('00000000-0000-0000-0000-000000000000', 'b16967d7-b2ed-4cb1-86a1-39295cba9389', '{"action":"logout","actor_id":"9d0346e8-d342-4ea5-9af3-5aa9754ade76","actor_username":"64b9tvf5h7@privaterelay.appleid.com","actor_via_sso":false,"log_type":"account"}', '2024-06-20 13:45:53.72038+00', ''),
	('00000000-0000-0000-0000-000000000000', '8b9c9789-cc65-4b87-bacc-9a38f34290ce', '{"action":"login","actor_id":"74dffe01-1824-4118-a205-87bace940e3a","actor_name":"Bonjour","actor_username":"c.fallotin@gmail.com","actor_via_sso":false,"log_type":"account","traits":{"provider":"email"}}', '2024-06-20 13:46:12.794761+00', ''),
	('00000000-0000-0000-0000-000000000000', 'f65e2905-f227-4870-a99e-147616046cef', '{"action":"token_refreshed","actor_id":"74dffe01-1824-4118-a205-87bace940e3a","actor_name":"Bonjour","actor_username":"c.fallotin@gmail.com","actor_via_sso":false,"log_type":"token"}', '2024-06-20 14:49:16.507026+00', ''),
	('00000000-0000-0000-0000-000000000000', '0cc1730a-1362-4327-98ab-b1bfdd81a330', '{"action":"token_revoked","actor_id":"74dffe01-1824-4118-a205-87bace940e3a","actor_name":"Bonjour","actor_username":"c.fallotin@gmail.com","actor_via_sso":false,"log_type":"token"}', '2024-06-20 14:49:16.508407+00', ''),
	('00000000-0000-0000-0000-000000000000', 'e662b4d5-fd07-4238-9c5d-2ab01b6ac893', '{"action":"token_refreshed","actor_id":"74dffe01-1824-4118-a205-87bace940e3a","actor_name":"Bonjour","actor_username":"c.fallotin@gmail.com","actor_via_sso":false,"log_type":"token"}', '2024-06-21 00:26:56.935473+00', ''),
	('00000000-0000-0000-0000-000000000000', 'a97d3315-d31d-4a2f-97d5-83390f58d0c0', '{"action":"token_revoked","actor_id":"74dffe01-1824-4118-a205-87bace940e3a","actor_name":"Bonjour","actor_username":"c.fallotin@gmail.com","actor_via_sso":false,"log_type":"token"}', '2024-06-21 00:26:56.938528+00', ''),
	('00000000-0000-0000-0000-000000000000', 'cfa3f875-60fa-4ea6-9971-81d7ad0c0ede', '{"action":"token_refreshed","actor_id":"74dffe01-1824-4118-a205-87bace940e3a","actor_name":"Bonjour","actor_username":"c.fallotin@gmail.com","actor_via_sso":false,"log_type":"token"}', '2024-06-21 02:25:23.608133+00', ''),
	('00000000-0000-0000-0000-000000000000', 'deccc936-69af-4980-bf2e-27708db607b3', '{"action":"token_revoked","actor_id":"74dffe01-1824-4118-a205-87bace940e3a","actor_name":"Bonjour","actor_username":"c.fallotin@gmail.com","actor_via_sso":false,"log_type":"token"}', '2024-06-21 02:25:23.611356+00', ''),
	('00000000-0000-0000-0000-000000000000', 'db870d37-8af5-4650-ab09-75abfe0e47eb', '{"action":"token_refreshed","actor_id":"74dffe01-1824-4118-a205-87bace940e3a","actor_name":"Bonjour","actor_username":"c.fallotin@gmail.com","actor_via_sso":false,"log_type":"token"}', '2024-06-21 03:57:39.418657+00', ''),
	('00000000-0000-0000-0000-000000000000', '73c608eb-9f45-4fdb-a6c9-4dc9cdd7c149', '{"action":"token_revoked","actor_id":"74dffe01-1824-4118-a205-87bace940e3a","actor_name":"Bonjour","actor_username":"c.fallotin@gmail.com","actor_via_sso":false,"log_type":"token"}', '2024-06-21 03:57:39.420478+00', ''),
	('00000000-0000-0000-0000-000000000000', '479c4e5f-cf8e-4a0c-badb-070a43040706', '{"action":"token_refreshed","actor_id":"76c8cee0-7630-46ea-a697-88d813c1688c","actor_username":"hateleylisa@gmail.com","actor_via_sso":false,"log_type":"token"}', '2024-06-21 07:10:37.464575+00', ''),
	('00000000-0000-0000-0000-000000000000', 'ef766eef-3e58-4b71-8e4a-f0f9b387ae44', '{"action":"token_revoked","actor_id":"76c8cee0-7630-46ea-a697-88d813c1688c","actor_username":"hateleylisa@gmail.com","actor_via_sso":false,"log_type":"token"}', '2024-06-21 07:10:37.469639+00', ''),
	('00000000-0000-0000-0000-000000000000', '0532f19a-7347-41e1-8e93-ff81873e5750', '{"action":"token_refreshed","actor_id":"74dffe01-1824-4118-a205-87bace940e3a","actor_name":"Bonjour","actor_username":"c.fallotin@gmail.com","actor_via_sso":false,"log_type":"token"}', '2024-06-21 07:16:57.483856+00', ''),
	('00000000-0000-0000-0000-000000000000', '3820dd86-1514-4118-a0bc-ba4fa0d4bf4f', '{"action":"token_revoked","actor_id":"74dffe01-1824-4118-a205-87bace940e3a","actor_name":"Bonjour","actor_username":"c.fallotin@gmail.com","actor_via_sso":false,"log_type":"token"}', '2024-06-21 07:16:57.486293+00', ''),
	('00000000-0000-0000-0000-000000000000', '4d5282f6-0451-4b98-b5f9-92c075e5b911', '{"action":"token_refreshed","actor_id":"74dffe01-1824-4118-a205-87bace940e3a","actor_name":"Bonjour","actor_username":"c.fallotin@gmail.com","actor_via_sso":false,"log_type":"token"}', '2024-06-21 12:26:02.062909+00', ''),
	('00000000-0000-0000-0000-000000000000', 'bddbcc19-ccb5-48d4-a4b9-232df0225f4a', '{"action":"token_revoked","actor_id":"74dffe01-1824-4118-a205-87bace940e3a","actor_name":"Bonjour","actor_username":"c.fallotin@gmail.com","actor_via_sso":false,"log_type":"token"}', '2024-06-21 12:26:02.071718+00', ''),
	('00000000-0000-0000-0000-000000000000', '8832ddad-8d3c-45f4-9268-acb409a5b9fa', '{"action":"token_refreshed","actor_id":"74dffe01-1824-4118-a205-87bace940e3a","actor_name":"Bonjour","actor_username":"c.fallotin@gmail.com","actor_via_sso":false,"log_type":"token"}', '2024-06-21 13:24:03.359121+00', ''),
	('00000000-0000-0000-0000-000000000000', 'e1b48aff-85b1-495e-9c86-c9713962643c', '{"action":"token_revoked","actor_id":"74dffe01-1824-4118-a205-87bace940e3a","actor_name":"Bonjour","actor_username":"c.fallotin@gmail.com","actor_via_sso":false,"log_type":"token"}', '2024-06-21 13:24:03.361424+00', ''),
	('00000000-0000-0000-0000-000000000000', '3786a1de-c5dd-46bb-82c2-cf631cf11cbb', '{"action":"token_refreshed","actor_id":"74dffe01-1824-4118-a205-87bace940e3a","actor_name":"Bonjour","actor_username":"c.fallotin@gmail.com","actor_via_sso":false,"log_type":"token"}', '2024-06-21 14:22:15.16482+00', ''),
	('00000000-0000-0000-0000-000000000000', 'c5f5d619-33b9-4ab0-b072-a001ae7ff89a', '{"action":"token_revoked","actor_id":"74dffe01-1824-4118-a205-87bace940e3a","actor_name":"Bonjour","actor_username":"c.fallotin@gmail.com","actor_via_sso":false,"log_type":"token"}', '2024-06-21 14:22:15.167193+00', ''),
	('00000000-0000-0000-0000-000000000000', 'a8db510a-3273-4744-a3fc-eadfbc6f121a', '{"action":"token_refreshed","actor_id":"74dffe01-1824-4118-a205-87bace940e3a","actor_name":"Bonjour","actor_username":"c.fallotin@gmail.com","actor_via_sso":false,"log_type":"token"}', '2024-06-21 14:43:02.155497+00', ''),
	('00000000-0000-0000-0000-000000000000', '3a8c6b5e-6388-4dd5-ae6c-81cdf7e6e42e', '{"action":"token_revoked","actor_id":"74dffe01-1824-4118-a205-87bace940e3a","actor_name":"Bonjour","actor_username":"c.fallotin@gmail.com","actor_via_sso":false,"log_type":"token"}', '2024-06-21 14:43:02.157012+00', ''),
	('00000000-0000-0000-0000-000000000000', 'abd1740b-2192-4fe0-bb7c-351b796bf2fe', '{"action":"token_refreshed","actor_id":"74dffe01-1824-4118-a205-87bace940e3a","actor_name":"Bonjour","actor_username":"c.fallotin@gmail.com","actor_via_sso":false,"log_type":"token"}', '2024-06-21 20:12:55.863235+00', ''),
	('00000000-0000-0000-0000-000000000000', '5f2987bf-9c16-4a1a-a703-ab8a54d430b5', '{"action":"token_revoked","actor_id":"74dffe01-1824-4118-a205-87bace940e3a","actor_name":"Bonjour","actor_username":"c.fallotin@gmail.com","actor_via_sso":false,"log_type":"token"}', '2024-06-21 20:12:55.868066+00', ''),
	('00000000-0000-0000-0000-000000000000', '261946c4-5541-476f-bb07-07f4d003928d', '{"action":"token_refreshed","actor_id":"74dffe01-1824-4118-a205-87bace940e3a","actor_name":"Bonjour","actor_username":"c.fallotin@gmail.com","actor_via_sso":false,"log_type":"token"}', '2024-06-22 02:45:04.141129+00', ''),
	('00000000-0000-0000-0000-000000000000', 'd9f04167-2bd6-4642-acb8-0e5463c20571', '{"action":"token_revoked","actor_id":"74dffe01-1824-4118-a205-87bace940e3a","actor_name":"Bonjour","actor_username":"c.fallotin@gmail.com","actor_via_sso":false,"log_type":"token"}', '2024-06-22 02:45:04.145416+00', ''),
	('00000000-0000-0000-0000-000000000000', '6811a33f-1217-48e7-9165-07807c8aa37c', '{"action":"token_refreshed","actor_id":"74dffe01-1824-4118-a205-87bace940e3a","actor_name":"Bonjour","actor_username":"c.fallotin@gmail.com","actor_via_sso":false,"log_type":"token"}', '2024-06-22 03:43:05.993923+00', ''),
	('00000000-0000-0000-0000-000000000000', '307b228d-dc85-4c47-958b-d527f5e504d1', '{"action":"token_revoked","actor_id":"74dffe01-1824-4118-a205-87bace940e3a","actor_name":"Bonjour","actor_username":"c.fallotin@gmail.com","actor_via_sso":false,"log_type":"token"}', '2024-06-22 03:43:05.997791+00', ''),
	('00000000-0000-0000-0000-000000000000', 'da262874-5ba3-408f-9e27-33a26f5d53da', '{"action":"token_refreshed","actor_id":"74dffe01-1824-4118-a205-87bace940e3a","actor_name":"Bonjour","actor_username":"c.fallotin@gmail.com","actor_via_sso":false,"log_type":"token"}', '2024-06-22 04:41:07.506985+00', ''),
	('00000000-0000-0000-0000-000000000000', '7708cfc1-ebfb-4b01-8fc7-2188a63f2e07', '{"action":"token_revoked","actor_id":"74dffe01-1824-4118-a205-87bace940e3a","actor_name":"Bonjour","actor_username":"c.fallotin@gmail.com","actor_via_sso":false,"log_type":"token"}', '2024-06-22 04:41:07.509128+00', ''),
	('00000000-0000-0000-0000-000000000000', '86c5f6ac-4388-40da-8b69-b36a7c5ce6a2', '{"action":"token_refreshed","actor_id":"74dffe01-1824-4118-a205-87bace940e3a","actor_name":"Bonjour","actor_username":"c.fallotin@gmail.com","actor_via_sso":false,"log_type":"token"}', '2024-06-22 05:39:08.284779+00', ''),
	('00000000-0000-0000-0000-000000000000', '2c6e5938-9d15-46e4-b080-43b45ea3b4ab', '{"action":"token_revoked","actor_id":"74dffe01-1824-4118-a205-87bace940e3a","actor_name":"Bonjour","actor_username":"c.fallotin@gmail.com","actor_via_sso":false,"log_type":"token"}', '2024-06-22 05:39:08.287508+00', ''),
	('00000000-0000-0000-0000-000000000000', 'd573647e-c28d-4fd2-8339-82b7e59cc53e', '{"action":"token_refreshed","actor_id":"74dffe01-1824-4118-a205-87bace940e3a","actor_name":"Bonjour","actor_username":"c.fallotin@gmail.com","actor_via_sso":false,"log_type":"token"}', '2024-06-22 06:36:58.933774+00', ''),
	('00000000-0000-0000-0000-000000000000', '6600f71a-b64b-4c28-bf74-e562354481f7', '{"action":"token_revoked","actor_id":"74dffe01-1824-4118-a205-87bace940e3a","actor_name":"Bonjour","actor_username":"c.fallotin@gmail.com","actor_via_sso":false,"log_type":"token"}', '2024-06-22 06:36:58.935875+00', ''),
	('00000000-0000-0000-0000-000000000000', 'd234f6a0-fdcd-424f-b36f-d6994fce1a19', '{"action":"token_refreshed","actor_id":"74dffe01-1824-4118-a205-87bace940e3a","actor_name":"Bonjour","actor_username":"c.fallotin@gmail.com","actor_via_sso":false,"log_type":"token"}', '2024-06-22 06:56:32.179012+00', ''),
	('00000000-0000-0000-0000-000000000000', '186df141-3f5f-4745-a148-bd5fd9b18e35', '{"action":"token_revoked","actor_id":"74dffe01-1824-4118-a205-87bace940e3a","actor_name":"Bonjour","actor_username":"c.fallotin@gmail.com","actor_via_sso":false,"log_type":"token"}', '2024-06-22 06:56:32.181234+00', ''),
	('00000000-0000-0000-0000-000000000000', '0a1dfa70-1b36-48e0-89dc-a8f9175579ee', '{"action":"token_refreshed","actor_id":"74dffe01-1824-4118-a205-87bace940e3a","actor_name":"Bonjour","actor_username":"c.fallotin@gmail.com","actor_via_sso":false,"log_type":"token"}', '2024-06-22 07:54:50.744083+00', ''),
	('00000000-0000-0000-0000-000000000000', '286497a4-838d-4fc5-b872-5d5265e848be', '{"action":"token_revoked","actor_id":"74dffe01-1824-4118-a205-87bace940e3a","actor_name":"Bonjour","actor_username":"c.fallotin@gmail.com","actor_via_sso":false,"log_type":"token"}', '2024-06-22 07:54:50.747159+00', ''),
	('00000000-0000-0000-0000-000000000000', '51665891-6344-492e-a938-703267008797', '{"action":"token_refreshed","actor_id":"74dffe01-1824-4118-a205-87bace940e3a","actor_name":"Bonjour","actor_username":"c.fallotin@gmail.com","actor_via_sso":false,"log_type":"token"}', '2024-06-22 08:52:51.64722+00', ''),
	('00000000-0000-0000-0000-000000000000', '5be3ea8f-c226-4d7a-bc1b-2cb00fd1db58', '{"action":"token_revoked","actor_id":"74dffe01-1824-4118-a205-87bace940e3a","actor_name":"Bonjour","actor_username":"c.fallotin@gmail.com","actor_via_sso":false,"log_type":"token"}', '2024-06-22 08:52:51.650566+00', ''),
	('00000000-0000-0000-0000-000000000000', 'a21995cb-43b6-4dbb-9723-706638958446', '{"action":"token_refreshed","actor_id":"74dffe01-1824-4118-a205-87bace940e3a","actor_name":"Bonjour","actor_username":"c.fallotin@gmail.com","actor_via_sso":false,"log_type":"token"}', '2024-06-22 09:51:11.392461+00', ''),
	('00000000-0000-0000-0000-000000000000', '267229d0-9860-4853-ada6-71ec1d094d76', '{"action":"token_revoked","actor_id":"74dffe01-1824-4118-a205-87bace940e3a","actor_name":"Bonjour","actor_username":"c.fallotin@gmail.com","actor_via_sso":false,"log_type":"token"}', '2024-06-22 09:51:11.39556+00', ''),
	('00000000-0000-0000-0000-000000000000', 'c9bfb531-e9c5-46b2-9852-b6368e8bafa1', '{"action":"token_refreshed","actor_id":"74dffe01-1824-4118-a205-87bace940e3a","actor_name":"Bonjour","actor_username":"c.fallotin@gmail.com","actor_via_sso":false,"log_type":"token"}', '2024-06-22 10:49:12.737054+00', ''),
	('00000000-0000-0000-0000-000000000000', '98dab1e9-3f88-43cb-9517-f91a123a5379', '{"action":"token_revoked","actor_id":"74dffe01-1824-4118-a205-87bace940e3a","actor_name":"Bonjour","actor_username":"c.fallotin@gmail.com","actor_via_sso":false,"log_type":"token"}', '2024-06-22 10:49:12.739465+00', ''),
	('00000000-0000-0000-0000-000000000000', 'fb7a151a-f41a-4b81-a87e-77c505937b63', '{"action":"token_refreshed","actor_id":"74dffe01-1824-4118-a205-87bace940e3a","actor_name":"Bonjour","actor_username":"c.fallotin@gmail.com","actor_via_sso":false,"log_type":"token"}', '2024-06-22 19:09:22.707839+00', ''),
	('00000000-0000-0000-0000-000000000000', '743c1f5b-cdfe-4b7e-8c31-b57c96803781', '{"action":"token_revoked","actor_id":"74dffe01-1824-4118-a205-87bace940e3a","actor_name":"Bonjour","actor_username":"c.fallotin@gmail.com","actor_via_sso":false,"log_type":"token"}', '2024-06-22 19:09:22.720119+00', ''),
	('00000000-0000-0000-0000-000000000000', 'ba960f5f-c45f-4bd2-b58e-b8c835fdbd5d', '{"action":"token_refreshed","actor_id":"76c8cee0-7630-46ea-a697-88d813c1688c","actor_username":"hateleylisa@gmail.com","actor_via_sso":false,"log_type":"token"}', '2024-06-23 00:15:18.886509+00', ''),
	('00000000-0000-0000-0000-000000000000', '5fec1d1a-dd93-4d34-89c4-9e2af863e6e5', '{"action":"token_revoked","actor_id":"76c8cee0-7630-46ea-a697-88d813c1688c","actor_username":"hateleylisa@gmail.com","actor_via_sso":false,"log_type":"token"}', '2024-06-23 00:15:18.889975+00', ''),
	('00000000-0000-0000-0000-000000000000', '496ce9c0-2fe3-489c-b4b4-5ddad1705dde', '{"action":"token_refreshed","actor_id":"74dffe01-1824-4118-a205-87bace940e3a","actor_name":"Bonjour","actor_username":"c.fallotin@gmail.com","actor_via_sso":false,"log_type":"token"}', '2024-06-23 06:53:00.349067+00', ''),
	('00000000-0000-0000-0000-000000000000', '90c79789-433b-48cb-8538-997b936bd854', '{"action":"token_revoked","actor_id":"74dffe01-1824-4118-a205-87bace940e3a","actor_name":"Bonjour","actor_username":"c.fallotin@gmail.com","actor_via_sso":false,"log_type":"token"}', '2024-06-23 06:53:00.354889+00', ''),
	('00000000-0000-0000-0000-000000000000', 'd0e0cd1d-e886-4eab-86f0-4b64b0d4a015', '{"action":"token_refreshed","actor_id":"74dffe01-1824-4118-a205-87bace940e3a","actor_name":"Bonjour","actor_username":"c.fallotin@gmail.com","actor_via_sso":false,"log_type":"token"}', '2024-06-23 07:51:55.132801+00', ''),
	('00000000-0000-0000-0000-000000000000', 'fe69bd50-b05d-48d6-8500-7b2145457229', '{"action":"token_revoked","actor_id":"74dffe01-1824-4118-a205-87bace940e3a","actor_name":"Bonjour","actor_username":"c.fallotin@gmail.com","actor_via_sso":false,"log_type":"token"}', '2024-06-23 07:51:55.13748+00', ''),
	('00000000-0000-0000-0000-000000000000', '18f51313-634c-4caf-9aed-5a507d2b3d84', '{"action":"token_refreshed","actor_id":"74dffe01-1824-4118-a205-87bace940e3a","actor_name":"Bonjour","actor_username":"c.fallotin@gmail.com","actor_via_sso":false,"log_type":"token"}', '2024-06-23 08:02:44.33783+00', ''),
	('00000000-0000-0000-0000-000000000000', 'f9dc7cb2-ad28-405d-87f7-ef645effed4c', '{"action":"token_revoked","actor_id":"74dffe01-1824-4118-a205-87bace940e3a","actor_name":"Bonjour","actor_username":"c.fallotin@gmail.com","actor_via_sso":false,"log_type":"token"}', '2024-06-23 08:02:44.341082+00', ''),
	('00000000-0000-0000-0000-000000000000', '895e468b-3d8d-4c19-949b-5aa9c2bcecae', '{"action":"token_refreshed","actor_id":"ddee3ea7-0d3d-4194-8ab1-5e0a36ec2026","actor_username":"6kgrw22qg8@privaterelay.appleid.com","actor_via_sso":false,"log_type":"token"}', '2024-06-23 08:04:34.428308+00', ''),
	('00000000-0000-0000-0000-000000000000', '82b5283b-7ea5-4fbe-a8e4-64dc6b5f57bc', '{"action":"token_revoked","actor_id":"ddee3ea7-0d3d-4194-8ab1-5e0a36ec2026","actor_username":"6kgrw22qg8@privaterelay.appleid.com","actor_via_sso":false,"log_type":"token"}', '2024-06-23 08:04:34.430311+00', ''),
	('00000000-0000-0000-0000-000000000000', '8cb7bc59-ad2b-474f-8bdd-b8b1bff6b105', '{"action":"token_refreshed","actor_id":"74dffe01-1824-4118-a205-87bace940e3a","actor_name":"Bonjour","actor_username":"c.fallotin@gmail.com","actor_via_sso":false,"log_type":"token"}', '2024-06-23 09:01:09.48521+00', ''),
	('00000000-0000-0000-0000-000000000000', '6da9a44e-6b9d-401f-8e1b-217bf9e01117', '{"action":"token_revoked","actor_id":"74dffe01-1824-4118-a205-87bace940e3a","actor_name":"Bonjour","actor_username":"c.fallotin@gmail.com","actor_via_sso":false,"log_type":"token"}', '2024-06-23 09:01:09.488237+00', ''),
	('00000000-0000-0000-0000-000000000000', '7a912e07-4725-472a-bbee-404e1dabcdfd', '{"action":"token_refreshed","actor_id":"74dffe01-1824-4118-a205-87bace940e3a","actor_name":"Bonjour","actor_username":"c.fallotin@gmail.com","actor_via_sso":false,"log_type":"token"}', '2024-06-23 09:59:11.579979+00', ''),
	('00000000-0000-0000-0000-000000000000', 'b73edbc5-3ddd-4cfd-a3d8-da936af612db', '{"action":"token_revoked","actor_id":"74dffe01-1824-4118-a205-87bace940e3a","actor_name":"Bonjour","actor_username":"c.fallotin@gmail.com","actor_via_sso":false,"log_type":"token"}', '2024-06-23 09:59:11.584283+00', ''),
	('00000000-0000-0000-0000-000000000000', '2d2cef4f-4a30-453f-9cfc-a5a69646b967', '{"action":"token_refreshed","actor_id":"74dffe01-1824-4118-a205-87bace940e3a","actor_name":"Bonjour","actor_username":"c.fallotin@gmail.com","actor_via_sso":false,"log_type":"token"}', '2024-06-23 10:20:12.608106+00', ''),
	('00000000-0000-0000-0000-000000000000', '46053505-35c5-42c2-b42c-c138d8c1402d', '{"action":"token_revoked","actor_id":"74dffe01-1824-4118-a205-87bace940e3a","actor_name":"Bonjour","actor_username":"c.fallotin@gmail.com","actor_via_sso":false,"log_type":"token"}', '2024-06-23 10:20:12.611063+00', ''),
	('00000000-0000-0000-0000-000000000000', '9a287355-7924-4b5e-93b4-de315579175b', '{"action":"token_refreshed","actor_id":"74dffe01-1824-4118-a205-87bace940e3a","actor_name":"Bonjour","actor_username":"c.fallotin@gmail.com","actor_via_sso":false,"log_type":"token"}', '2024-06-23 10:57:24.795524+00', ''),
	('00000000-0000-0000-0000-000000000000', 'cca7b6bd-2b58-4043-bd70-61f8bea09540', '{"action":"token_revoked","actor_id":"74dffe01-1824-4118-a205-87bace940e3a","actor_name":"Bonjour","actor_username":"c.fallotin@gmail.com","actor_via_sso":false,"log_type":"token"}', '2024-06-23 10:57:24.797992+00', ''),
	('00000000-0000-0000-0000-000000000000', '12f4d0ac-6370-43a5-a46d-3235ad7bfc59', '{"action":"token_refreshed","actor_id":"74dffe01-1824-4118-a205-87bace940e3a","actor_name":"Bonjour","actor_username":"c.fallotin@gmail.com","actor_via_sso":false,"log_type":"token"}', '2024-06-23 11:13:33.25211+00', ''),
	('00000000-0000-0000-0000-000000000000', '0a6dc6ff-d974-4c34-aedb-15de511684fb', '{"action":"token_revoked","actor_id":"74dffe01-1824-4118-a205-87bace940e3a","actor_name":"Bonjour","actor_username":"c.fallotin@gmail.com","actor_via_sso":false,"log_type":"token"}', '2024-06-23 11:13:33.253853+00', ''),
	('00000000-0000-0000-0000-000000000000', '0c7c295e-3cc7-40b3-a3b1-a2f1beaec488', '{"action":"login","actor_id":"74dffe01-1824-4118-a205-87bace940e3a","actor_name":"Bonjour","actor_username":"c.fallotin@gmail.com","actor_via_sso":false,"log_type":"account","traits":{"provider":"email"}}', '2024-06-23 11:14:53.504523+00', ''),
	('00000000-0000-0000-0000-000000000000', '790335a6-93eb-49c6-9fb1-743eb85ab712', '{"action":"login","actor_id":"74dffe01-1824-4118-a205-87bace940e3a","actor_name":"Bonjour","actor_username":"c.fallotin@gmail.com","actor_via_sso":false,"log_type":"account","traits":{"provider":"email"}}', '2024-06-23 11:15:59.412226+00', ''),
	('00000000-0000-0000-0000-000000000000', '8a678ee1-ad84-427c-bfc6-2de59634ed9c', '{"action":"token_refreshed","actor_id":"74dffe01-1824-4118-a205-87bace940e3a","actor_name":"Bonjour","actor_username":"c.fallotin@gmail.com","actor_via_sso":false,"log_type":"token"}', '2024-06-23 11:55:45.391508+00', ''),
	('00000000-0000-0000-0000-000000000000', '1566b2f3-1d3b-4bcd-9578-12112684b5a8', '{"action":"token_revoked","actor_id":"74dffe01-1824-4118-a205-87bace940e3a","actor_name":"Bonjour","actor_username":"c.fallotin@gmail.com","actor_via_sso":false,"log_type":"token"}', '2024-06-23 11:55:45.393497+00', ''),
	('00000000-0000-0000-0000-000000000000', '3616d389-1780-4180-b17d-2f73968a3f82', '{"action":"token_refreshed","actor_id":"76c8cee0-7630-46ea-a697-88d813c1688c","actor_username":"hateleylisa@gmail.com","actor_via_sso":false,"log_type":"token"}', '2024-06-23 21:53:34.673344+00', ''),
	('00000000-0000-0000-0000-000000000000', '105622db-d2b7-4806-a017-339f52a14f7c', '{"action":"token_revoked","actor_id":"76c8cee0-7630-46ea-a697-88d813c1688c","actor_username":"hateleylisa@gmail.com","actor_via_sso":false,"log_type":"token"}', '2024-06-23 21:53:34.684177+00', ''),
	('00000000-0000-0000-0000-000000000000', '41f23c13-3f7f-4a5a-b067-62f6ca8544de', '{"action":"token_refreshed","actor_id":"74dffe01-1824-4118-a205-87bace940e3a","actor_name":"Bonjour","actor_username":"c.fallotin@gmail.com","actor_via_sso":false,"log_type":"token"}', '2024-06-24 00:20:04.831424+00', ''),
	('00000000-0000-0000-0000-000000000000', '68f5bd25-a23d-40dc-85f1-3b0c52c8a0e2', '{"action":"token_revoked","actor_id":"74dffe01-1824-4118-a205-87bace940e3a","actor_name":"Bonjour","actor_username":"c.fallotin@gmail.com","actor_via_sso":false,"log_type":"token"}', '2024-06-24 00:20:04.833929+00', ''),
	('00000000-0000-0000-0000-000000000000', 'fee1825e-efcc-4b9d-adcd-d22e5c9adc3f', '{"action":"token_refreshed","actor_id":"74dffe01-1824-4118-a205-87bace940e3a","actor_name":"Bonjour","actor_username":"c.fallotin@gmail.com","actor_via_sso":false,"log_type":"token"}', '2024-06-24 02:16:00.345487+00', ''),
	('00000000-0000-0000-0000-000000000000', '328a3a11-62a6-4d44-96d4-d58308e3d9e0', '{"action":"token_revoked","actor_id":"74dffe01-1824-4118-a205-87bace940e3a","actor_name":"Bonjour","actor_username":"c.fallotin@gmail.com","actor_via_sso":false,"log_type":"token"}', '2024-06-24 02:16:00.348853+00', ''),
	('00000000-0000-0000-0000-000000000000', 'cafe6994-c71c-47fa-8958-2b0753d2ffd2', '{"action":"token_refreshed","actor_id":"74dffe01-1824-4118-a205-87bace940e3a","actor_name":"Bonjour","actor_username":"c.fallotin@gmail.com","actor_via_sso":false,"log_type":"token"}', '2024-06-24 05:00:48.328476+00', ''),
	('00000000-0000-0000-0000-000000000000', 'b60c4a86-58e4-447c-a93d-019266edb6ef', '{"action":"token_revoked","actor_id":"74dffe01-1824-4118-a205-87bace940e3a","actor_name":"Bonjour","actor_username":"c.fallotin@gmail.com","actor_via_sso":false,"log_type":"token"}', '2024-06-24 05:00:48.331897+00', ''),
	('00000000-0000-0000-0000-000000000000', '66e9279d-03ec-4aa6-9601-9b0c02c2d8db', '{"action":"login","actor_id":"74dffe01-1824-4118-a205-87bace940e3a","actor_name":"Bonjour","actor_username":"c.fallotin@gmail.com","actor_via_sso":false,"log_type":"account","traits":{"provider":"email"}}', '2024-06-24 05:07:32.473377+00', ''),
	('00000000-0000-0000-0000-000000000000', '852e4dbf-fca7-46fc-873b-9e4f75c3045f', '{"action":"token_refreshed","actor_id":"74dffe01-1824-4118-a205-87bace940e3a","actor_name":"Bonjour","actor_username":"c.fallotin@gmail.com","actor_via_sso":false,"log_type":"token"}', '2024-06-24 06:05:58.504351+00', ''),
	('00000000-0000-0000-0000-000000000000', '0acf1282-bf1e-4ccf-a496-0daa865b84fc', '{"action":"token_revoked","actor_id":"74dffe01-1824-4118-a205-87bace940e3a","actor_name":"Bonjour","actor_username":"c.fallotin@gmail.com","actor_via_sso":false,"log_type":"token"}', '2024-06-24 06:05:58.506705+00', ''),
	('00000000-0000-0000-0000-000000000000', '61a482a9-7d78-43a6-b0be-ac8516a567ce', '{"action":"token_refreshed","actor_id":"74dffe01-1824-4118-a205-87bace940e3a","actor_name":"Bonjour","actor_username":"c.fallotin@gmail.com","actor_via_sso":false,"log_type":"token"}', '2024-06-24 06:35:11.188157+00', ''),
	('00000000-0000-0000-0000-000000000000', '89ba0905-9900-4a6f-b33e-5ba32cb04323', '{"action":"token_revoked","actor_id":"74dffe01-1824-4118-a205-87bace940e3a","actor_name":"Bonjour","actor_username":"c.fallotin@gmail.com","actor_via_sso":false,"log_type":"token"}', '2024-06-24 06:35:11.191122+00', ''),
	('00000000-0000-0000-0000-000000000000', 'd8f917cc-b956-401b-afbc-be7499ff84e1', '{"action":"token_refreshed","actor_id":"74dffe01-1824-4118-a205-87bace940e3a","actor_name":"Bonjour","actor_username":"c.fallotin@gmail.com","actor_via_sso":false,"log_type":"token"}', '2024-06-24 07:04:23.888179+00', ''),
	('00000000-0000-0000-0000-000000000000', 'ebd72b12-df5c-4e8b-a285-679250d3e403', '{"action":"token_revoked","actor_id":"74dffe01-1824-4118-a205-87bace940e3a","actor_name":"Bonjour","actor_username":"c.fallotin@gmail.com","actor_via_sso":false,"log_type":"token"}', '2024-06-24 07:04:23.890433+00', ''),
	('00000000-0000-0000-0000-000000000000', '08cd7221-8446-45b1-8612-d864d18abf19', '{"action":"token_refreshed","actor_id":"74dffe01-1824-4118-a205-87bace940e3a","actor_name":"Bonjour","actor_username":"c.fallotin@gmail.com","actor_via_sso":false,"log_type":"token"}', '2024-06-24 08:02:25.271347+00', ''),
	('00000000-0000-0000-0000-000000000000', '2adbe8d3-929d-47f0-970d-17e1e82f126c', '{"action":"token_revoked","actor_id":"74dffe01-1824-4118-a205-87bace940e3a","actor_name":"Bonjour","actor_username":"c.fallotin@gmail.com","actor_via_sso":false,"log_type":"token"}', '2024-06-24 08:02:25.273684+00', ''),
	('00000000-0000-0000-0000-000000000000', '44443a91-07fc-435c-ab53-5fb176ecf2a0', '{"action":"token_refreshed","actor_id":"76c8cee0-7630-46ea-a697-88d813c1688c","actor_username":"hateleylisa@gmail.com","actor_via_sso":false,"log_type":"token"}', '2024-06-24 08:08:10.624266+00', ''),
	('00000000-0000-0000-0000-000000000000', '7a74b395-da15-4515-973a-9292f374af29', '{"action":"token_revoked","actor_id":"76c8cee0-7630-46ea-a697-88d813c1688c","actor_username":"hateleylisa@gmail.com","actor_via_sso":false,"log_type":"token"}', '2024-06-24 08:08:10.625507+00', ''),
	('00000000-0000-0000-0000-000000000000', '46841172-c4c8-4ae1-816b-24be3e7162fe', '{"action":"token_refreshed","actor_id":"74dffe01-1824-4118-a205-87bace940e3a","actor_name":"Bonjour","actor_username":"c.fallotin@gmail.com","actor_via_sso":false,"log_type":"token"}', '2024-06-24 09:00:26.666236+00', ''),
	('00000000-0000-0000-0000-000000000000', 'f77aa8fc-dc11-4391-a046-4719caf0e46a', '{"action":"token_revoked","actor_id":"74dffe01-1824-4118-a205-87bace940e3a","actor_name":"Bonjour","actor_username":"c.fallotin@gmail.com","actor_via_sso":false,"log_type":"token"}', '2024-06-24 09:00:26.668559+00', ''),
	('00000000-0000-0000-0000-000000000000', '886edd30-6d83-4863-b2ae-29a0c3b73f98', '{"action":"token_refreshed","actor_id":"74dffe01-1824-4118-a205-87bace940e3a","actor_name":"Bonjour","actor_username":"c.fallotin@gmail.com","actor_via_sso":false,"log_type":"token"}', '2024-06-24 09:58:28.279845+00', ''),
	('00000000-0000-0000-0000-000000000000', '356d0c5b-0dd6-4e2d-b86f-a79ba94bc8e9', '{"action":"token_revoked","actor_id":"74dffe01-1824-4118-a205-87bace940e3a","actor_name":"Bonjour","actor_username":"c.fallotin@gmail.com","actor_via_sso":false,"log_type":"token"}', '2024-06-24 09:58:28.281238+00', ''),
	('00000000-0000-0000-0000-000000000000', '024ab4e9-513a-4216-9ba8-e898bf82d15d', '{"action":"token_refreshed","actor_id":"74dffe01-1824-4118-a205-87bace940e3a","actor_name":"Bonjour","actor_username":"c.fallotin@gmail.com","actor_via_sso":false,"log_type":"token"}', '2024-06-24 10:56:30.064107+00', ''),
	('00000000-0000-0000-0000-000000000000', '92034593-d585-44a4-9f2a-b01aba09abe1', '{"action":"token_revoked","actor_id":"74dffe01-1824-4118-a205-87bace940e3a","actor_name":"Bonjour","actor_username":"c.fallotin@gmail.com","actor_via_sso":false,"log_type":"token"}', '2024-06-24 10:56:30.066488+00', ''),
	('00000000-0000-0000-0000-000000000000', 'b5ae52e5-98a1-4f25-bc92-addf5ed14fb4', '{"action":"login","actor_id":"74dffe01-1824-4118-a205-87bace940e3a","actor_name":"Bonjour","actor_username":"c.fallotin@gmail.com","actor_via_sso":false,"log_type":"account","traits":{"provider":"email"}}', '2024-06-24 12:33:03.804718+00', ''),
	('00000000-0000-0000-0000-000000000000', 'bae95935-3713-4fce-99b1-60dbe4fb5fb0', '{"action":"token_refreshed","actor_id":"74dffe01-1824-4118-a205-87bace940e3a","actor_name":"Bonjour","actor_username":"c.fallotin@gmail.com","actor_via_sso":false,"log_type":"token"}', '2024-06-25 03:18:02.733837+00', ''),
	('00000000-0000-0000-0000-000000000000', 'a4727edd-6d3f-4cbf-ace4-786a0e92bf98', '{"action":"token_revoked","actor_id":"74dffe01-1824-4118-a205-87bace940e3a","actor_name":"Bonjour","actor_username":"c.fallotin@gmail.com","actor_via_sso":false,"log_type":"token"}', '2024-06-25 03:18:02.736041+00', ''),
	('00000000-0000-0000-0000-000000000000', 'c68f0892-a1f2-4451-a194-4e1826581f29', '{"action":"token_refreshed","actor_id":"74dffe01-1824-4118-a205-87bace940e3a","actor_name":"Bonjour","actor_username":"c.fallotin@gmail.com","actor_via_sso":false,"log_type":"token"}', '2024-06-25 08:03:45.422904+00', ''),
	('00000000-0000-0000-0000-000000000000', '64f4bbf8-7471-4501-badf-741fd487d642', '{"action":"token_revoked","actor_id":"74dffe01-1824-4118-a205-87bace940e3a","actor_name":"Bonjour","actor_username":"c.fallotin@gmail.com","actor_via_sso":false,"log_type":"token"}', '2024-06-25 08:03:45.424786+00', ''),
	('00000000-0000-0000-0000-000000000000', '5d8e4d81-80d5-4e96-8b81-d248689bd68c', '{"action":"token_refreshed","actor_id":"74dffe01-1824-4118-a205-87bace940e3a","actor_name":"Bonjour","actor_username":"c.fallotin@gmail.com","actor_via_sso":false,"log_type":"token"}', '2024-06-25 09:34:44.736451+00', ''),
	('00000000-0000-0000-0000-000000000000', '93ba6a73-e67d-4df7-a0c0-7ea7a9b67e67', '{"action":"token_revoked","actor_id":"74dffe01-1824-4118-a205-87bace940e3a","actor_name":"Bonjour","actor_username":"c.fallotin@gmail.com","actor_via_sso":false,"log_type":"token"}', '2024-06-25 09:34:44.739201+00', ''),
	('00000000-0000-0000-0000-000000000000', 'ece157ff-49cf-42ec-b13a-a22d4fdc4f0f', '{"action":"token_refreshed","actor_id":"74dffe01-1824-4118-a205-87bace940e3a","actor_name":"Bonjour","actor_username":"c.fallotin@gmail.com","actor_via_sso":false,"log_type":"token"}', '2024-06-25 10:33:01.509129+00', ''),
	('00000000-0000-0000-0000-000000000000', 'd3858452-61ad-412a-b456-f096b91c1a8c', '{"action":"token_revoked","actor_id":"74dffe01-1824-4118-a205-87bace940e3a","actor_name":"Bonjour","actor_username":"c.fallotin@gmail.com","actor_via_sso":false,"log_type":"token"}', '2024-06-25 10:33:01.5114+00', ''),
	('00000000-0000-0000-0000-000000000000', 'f9d611d0-f5d2-478c-98f5-14110373fe9d', '{"action":"token_refreshed","actor_id":"74dffe01-1824-4118-a205-87bace940e3a","actor_name":"Bonjour","actor_username":"c.fallotin@gmail.com","actor_via_sso":false,"log_type":"token"}', '2024-06-25 11:05:14.76509+00', ''),
	('00000000-0000-0000-0000-000000000000', 'e96bffc3-5d55-427f-ac48-906ae6c84ca3', '{"action":"token_revoked","actor_id":"74dffe01-1824-4118-a205-87bace940e3a","actor_name":"Bonjour","actor_username":"c.fallotin@gmail.com","actor_via_sso":false,"log_type":"token"}', '2024-06-25 11:05:14.767507+00', ''),
	('00000000-0000-0000-0000-000000000000', '910aa2b8-8c7d-448b-9fac-f6446cacce96', '{"action":"token_refreshed","actor_id":"74dffe01-1824-4118-a205-87bace940e3a","actor_name":"Bonjour","actor_username":"c.fallotin@gmail.com","actor_via_sso":false,"log_type":"token"}', '2024-06-25 21:40:06.658336+00', ''),
	('00000000-0000-0000-0000-000000000000', '743315f2-85c7-44ce-b290-86cfdd4decee', '{"action":"token_revoked","actor_id":"74dffe01-1824-4118-a205-87bace940e3a","actor_name":"Bonjour","actor_username":"c.fallotin@gmail.com","actor_via_sso":false,"log_type":"token"}', '2024-06-25 21:40:06.666734+00', ''),
	('00000000-0000-0000-0000-000000000000', 'ba999ea2-51f3-4180-aa62-694f535989e7', '{"action":"token_refreshed","actor_id":"76c8cee0-7630-46ea-a697-88d813c1688c","actor_username":"hateleylisa@gmail.com","actor_via_sso":false,"log_type":"token"}', '2024-06-26 00:49:55.646672+00', ''),
	('00000000-0000-0000-0000-000000000000', '3fcbf173-372b-46d8-989a-ce3f97ed5247', '{"action":"token_revoked","actor_id":"76c8cee0-7630-46ea-a697-88d813c1688c","actor_username":"hateleylisa@gmail.com","actor_via_sso":false,"log_type":"token"}', '2024-06-26 00:49:55.648484+00', ''),
	('00000000-0000-0000-0000-000000000000', '24504aa0-a3b8-4067-9f6c-826fd674d0cd', '{"action":"token_refreshed","actor_id":"74dffe01-1824-4118-a205-87bace940e3a","actor_name":"Bonjour","actor_username":"c.fallotin@gmail.com","actor_via_sso":false,"log_type":"token"}', '2024-06-26 01:39:37.349729+00', ''),
	('00000000-0000-0000-0000-000000000000', '6e7c4bdd-d264-4343-ae7d-0cd65d25c4c4', '{"action":"token_revoked","actor_id":"74dffe01-1824-4118-a205-87bace940e3a","actor_name":"Bonjour","actor_username":"c.fallotin@gmail.com","actor_via_sso":false,"log_type":"token"}', '2024-06-26 01:39:37.35171+00', ''),
	('00000000-0000-0000-0000-000000000000', '1f503130-7192-481c-bc53-4b2f41ad7d44', '{"action":"token_refreshed","actor_id":"76c8cee0-7630-46ea-a697-88d813c1688c","actor_username":"hateleylisa@gmail.com","actor_via_sso":false,"log_type":"token"}', '2024-06-26 02:19:14.609863+00', ''),
	('00000000-0000-0000-0000-000000000000', '5aaed156-eb8f-4f11-a5eb-4ea58c054687', '{"action":"token_revoked","actor_id":"76c8cee0-7630-46ea-a697-88d813c1688c","actor_username":"hateleylisa@gmail.com","actor_via_sso":false,"log_type":"token"}', '2024-06-26 02:19:14.612011+00', ''),
	('00000000-0000-0000-0000-000000000000', 'c0fc25db-fa8d-498d-9b10-78624d1d3736', '{"action":"token_refreshed","actor_id":"76c8cee0-7630-46ea-a697-88d813c1688c","actor_username":"hateleylisa@gmail.com","actor_via_sso":false,"log_type":"token"}', '2024-06-26 07:03:20.710195+00', ''),
	('00000000-0000-0000-0000-000000000000', '27b6ce1d-1d40-47f4-b1c6-9243429b84fd', '{"action":"token_revoked","actor_id":"76c8cee0-7630-46ea-a697-88d813c1688c","actor_username":"hateleylisa@gmail.com","actor_via_sso":false,"log_type":"token"}', '2024-06-26 07:03:20.716057+00', ''),
	('00000000-0000-0000-0000-000000000000', 'ef5be662-f9c5-4436-803f-364a63f4e7d5', '{"action":"token_refreshed","actor_id":"74dffe01-1824-4118-a205-87bace940e3a","actor_name":"Bonjour","actor_username":"c.fallotin@gmail.com","actor_via_sso":false,"log_type":"token"}', '2024-06-26 08:32:10.817887+00', ''),
	('00000000-0000-0000-0000-000000000000', 'ab0e5c8c-e2e8-44a3-b0aa-f75076e4306c', '{"action":"token_revoked","actor_id":"74dffe01-1824-4118-a205-87bace940e3a","actor_name":"Bonjour","actor_username":"c.fallotin@gmail.com","actor_via_sso":false,"log_type":"token"}', '2024-06-26 08:32:10.822155+00', ''),
	('00000000-0000-0000-0000-000000000000', '46e70b8b-f4d2-4687-9edd-d8dfd77b17d2', '{"action":"token_refreshed","actor_id":"76c8cee0-7630-46ea-a697-88d813c1688c","actor_username":"hateleylisa@gmail.com","actor_via_sso":false,"log_type":"token"}', '2024-06-26 10:19:34.394441+00', ''),
	('00000000-0000-0000-0000-000000000000', '42f85620-b0c1-4e25-8685-8ccf59569ad0', '{"action":"token_revoked","actor_id":"76c8cee0-7630-46ea-a697-88d813c1688c","actor_username":"hateleylisa@gmail.com","actor_via_sso":false,"log_type":"token"}', '2024-06-26 10:19:34.401721+00', ''),
	('00000000-0000-0000-0000-000000000000', 'a5865958-5e47-4f0e-b3ef-5c2ba0b61978', '{"action":"token_refreshed","actor_id":"74dffe01-1824-4118-a205-87bace940e3a","actor_name":"Bonjour","actor_username":"c.fallotin@gmail.com","actor_via_sso":false,"log_type":"token"}', '2024-06-26 10:21:10.02848+00', ''),
	('00000000-0000-0000-0000-000000000000', 'dd24ac8f-05a1-4515-a8f9-2e949d2ad7a8', '{"action":"token_revoked","actor_id":"74dffe01-1824-4118-a205-87bace940e3a","actor_name":"Bonjour","actor_username":"c.fallotin@gmail.com","actor_via_sso":false,"log_type":"token"}', '2024-06-26 10:21:10.031741+00', ''),
	('00000000-0000-0000-0000-000000000000', '96922a10-00af-4ccc-9e81-14ff7db77b3c', '{"action":"token_refreshed","actor_id":"74dffe01-1824-4118-a205-87bace940e3a","actor_name":"Bonjour","actor_username":"c.fallotin@gmail.com","actor_via_sso":false,"log_type":"token"}', '2024-06-26 10:44:37.882546+00', ''),
	('00000000-0000-0000-0000-000000000000', '0810ea57-757c-4a39-9f01-2f719a53e23c', '{"action":"token_revoked","actor_id":"74dffe01-1824-4118-a205-87bace940e3a","actor_name":"Bonjour","actor_username":"c.fallotin@gmail.com","actor_via_sso":false,"log_type":"token"}', '2024-06-26 10:44:37.884939+00', ''),
	('00000000-0000-0000-0000-000000000000', 'c32af697-a573-4ae9-953c-49388eafab7f', '{"action":"token_refreshed","actor_id":"74dffe01-1824-4118-a205-87bace940e3a","actor_name":"Bonjour","actor_username":"c.fallotin@gmail.com","actor_via_sso":false,"log_type":"token"}', '2024-06-26 11:19:17.570595+00', ''),
	('00000000-0000-0000-0000-000000000000', 'f3a03c79-4b60-49e5-923b-3e776d247bb3', '{"action":"token_revoked","actor_id":"74dffe01-1824-4118-a205-87bace940e3a","actor_name":"Bonjour","actor_username":"c.fallotin@gmail.com","actor_via_sso":false,"log_type":"token"}', '2024-06-26 11:19:17.57227+00', ''),
	('00000000-0000-0000-0000-000000000000', '61b85e51-c91a-4e37-8215-db93cbf980c9', '{"action":"token_refreshed","actor_id":"76c8cee0-7630-46ea-a697-88d813c1688c","actor_username":"hateleylisa@gmail.com","actor_via_sso":false,"log_type":"token"}', '2024-06-26 11:31:12.131749+00', ''),
	('00000000-0000-0000-0000-000000000000', 'a3e403cc-1622-487a-88c9-05f05e92ee01', '{"action":"token_revoked","actor_id":"76c8cee0-7630-46ea-a697-88d813c1688c","actor_username":"hateleylisa@gmail.com","actor_via_sso":false,"log_type":"token"}', '2024-06-26 11:31:12.13359+00', ''),
	('00000000-0000-0000-0000-000000000000', 'd19a86a1-e29c-4573-9695-72f552ef1caa', '{"action":"token_refreshed","actor_id":"74dffe01-1824-4118-a205-87bace940e3a","actor_name":"Bonjour","actor_username":"c.fallotin@gmail.com","actor_via_sso":false,"log_type":"token"}', '2024-06-26 11:43:02.867629+00', ''),
	('00000000-0000-0000-0000-000000000000', '781f79b3-ca89-4d17-87ab-20b65138c906', '{"action":"token_revoked","actor_id":"74dffe01-1824-4118-a205-87bace940e3a","actor_name":"Bonjour","actor_username":"c.fallotin@gmail.com","actor_via_sso":false,"log_type":"token"}', '2024-06-26 11:43:02.870177+00', ''),
	('00000000-0000-0000-0000-000000000000', '97517357-2b22-4450-97fb-ceda7dad6c72', '{"action":"token_refreshed","actor_id":"74dffe01-1824-4118-a205-87bace940e3a","actor_name":"Bonjour","actor_username":"c.fallotin@gmail.com","actor_via_sso":false,"log_type":"token"}', '2024-06-26 14:24:48.049883+00', ''),
	('00000000-0000-0000-0000-000000000000', 'b64aced9-381f-4320-8101-dd76e128ac41', '{"action":"token_revoked","actor_id":"74dffe01-1824-4118-a205-87bace940e3a","actor_name":"Bonjour","actor_username":"c.fallotin@gmail.com","actor_via_sso":false,"log_type":"token"}', '2024-06-26 14:24:48.052152+00', ''),
	('00000000-0000-0000-0000-000000000000', '82722b46-2ade-428c-8fa9-6285849d4bac', '{"action":"token_refreshed","actor_id":"74dffe01-1824-4118-a205-87bace940e3a","actor_name":"Bonjour","actor_username":"c.fallotin@gmail.com","actor_via_sso":false,"log_type":"token"}', '2024-06-26 19:16:29.527993+00', ''),
	('00000000-0000-0000-0000-000000000000', 'c2ea80ad-d5bf-4297-82b5-654b982cfc83', '{"action":"token_revoked","actor_id":"74dffe01-1824-4118-a205-87bace940e3a","actor_name":"Bonjour","actor_username":"c.fallotin@gmail.com","actor_via_sso":false,"log_type":"token"}', '2024-06-26 19:16:29.533867+00', ''),
	('00000000-0000-0000-0000-000000000000', '844219b2-1f78-432b-95a4-5064b0f7718d', '{"action":"token_refreshed","actor_id":"74dffe01-1824-4118-a205-87bace940e3a","actor_name":"Bonjour","actor_username":"c.fallotin@gmail.com","actor_via_sso":false,"log_type":"token"}', '2024-06-26 19:16:31.608192+00', ''),
	('00000000-0000-0000-0000-000000000000', 'e09b266c-1a4e-4624-9c85-1b7c1d411423', '{"action":"token_refreshed","actor_id":"74dffe01-1824-4118-a205-87bace940e3a","actor_name":"Bonjour","actor_username":"c.fallotin@gmail.com","actor_via_sso":false,"log_type":"token"}', '2024-06-26 21:26:57.18752+00', ''),
	('00000000-0000-0000-0000-000000000000', 'b741a320-cddb-42aa-a29d-f23b81f8aeb5', '{"action":"token_revoked","actor_id":"74dffe01-1824-4118-a205-87bace940e3a","actor_name":"Bonjour","actor_username":"c.fallotin@gmail.com","actor_via_sso":false,"log_type":"token"}', '2024-06-26 21:26:57.189773+00', ''),
	('00000000-0000-0000-0000-000000000000', '8b006c40-fe6e-427d-8cd7-fcde7d74e04e', '{"action":"token_refreshed","actor_id":"74dffe01-1824-4118-a205-87bace940e3a","actor_name":"Bonjour","actor_username":"c.fallotin@gmail.com","actor_via_sso":false,"log_type":"token"}', '2024-06-27 01:38:31.553782+00', ''),
	('00000000-0000-0000-0000-000000000000', '6de03a71-28c1-4c27-be14-ae7fd7cd1f60', '{"action":"token_revoked","actor_id":"74dffe01-1824-4118-a205-87bace940e3a","actor_name":"Bonjour","actor_username":"c.fallotin@gmail.com","actor_via_sso":false,"log_type":"token"}', '2024-06-27 01:38:31.556155+00', ''),
	('00000000-0000-0000-0000-000000000000', 'd5bbc27a-fb89-4526-881f-29450df79a6f', '{"action":"token_refreshed","actor_id":"74dffe01-1824-4118-a205-87bace940e3a","actor_name":"Bonjour","actor_username":"c.fallotin@gmail.com","actor_via_sso":false,"log_type":"token"}', '2024-06-27 06:12:19.707852+00', ''),
	('00000000-0000-0000-0000-000000000000', 'a84ada5f-8778-45be-a2d1-e7ac90e7eb7f', '{"action":"token_revoked","actor_id":"74dffe01-1824-4118-a205-87bace940e3a","actor_name":"Bonjour","actor_username":"c.fallotin@gmail.com","actor_via_sso":false,"log_type":"token"}', '2024-06-27 06:12:19.710737+00', ''),
	('00000000-0000-0000-0000-000000000000', '38317761-017a-4927-a66e-4b4d9bab4878', '{"action":"token_refreshed","actor_id":"76c8cee0-7630-46ea-a697-88d813c1688c","actor_username":"hateleylisa@gmail.com","actor_via_sso":false,"log_type":"token"}', '2024-06-27 06:12:50.519778+00', ''),
	('00000000-0000-0000-0000-000000000000', '7257719d-f570-4cff-bdfa-d731aff8bd1c', '{"action":"token_revoked","actor_id":"76c8cee0-7630-46ea-a697-88d813c1688c","actor_username":"hateleylisa@gmail.com","actor_via_sso":false,"log_type":"token"}', '2024-06-27 06:12:50.520398+00', ''),
	('00000000-0000-0000-0000-000000000000', '148b33f8-f916-4a9d-8ddb-7cf969834e92', '{"action":"token_refreshed","actor_id":"74dffe01-1824-4118-a205-87bace940e3a","actor_name":"Bonjour","actor_username":"c.fallotin@gmail.com","actor_via_sso":false,"log_type":"token"}', '2024-06-27 07:54:05.479365+00', ''),
	('00000000-0000-0000-0000-000000000000', '35e5fce9-4319-48b9-b7fd-f72876a965af', '{"action":"token_revoked","actor_id":"74dffe01-1824-4118-a205-87bace940e3a","actor_name":"Bonjour","actor_username":"c.fallotin@gmail.com","actor_via_sso":false,"log_type":"token"}', '2024-06-27 07:54:05.483044+00', ''),
	('00000000-0000-0000-0000-000000000000', '885f71f2-7466-445f-8b36-4757d4d0740f', '{"action":"token_refreshed","actor_id":"74dffe01-1824-4118-a205-87bace940e3a","actor_name":"Bonjour","actor_username":"c.fallotin@gmail.com","actor_via_sso":false,"log_type":"token"}', '2024-06-27 10:44:48.493528+00', ''),
	('00000000-0000-0000-0000-000000000000', 'd0fe3dd8-af7f-40b6-bfe2-d3fdbda6c9b6', '{"action":"token_revoked","actor_id":"74dffe01-1824-4118-a205-87bace940e3a","actor_name":"Bonjour","actor_username":"c.fallotin@gmail.com","actor_via_sso":false,"log_type":"token"}', '2024-06-27 10:44:48.495732+00', ''),
	('00000000-0000-0000-0000-000000000000', 'c410b40d-13f0-413d-a913-010fe302da7d', '{"action":"token_refreshed","actor_id":"74dffe01-1824-4118-a205-87bace940e3a","actor_name":"Bonjour","actor_username":"c.fallotin@gmail.com","actor_via_sso":false,"log_type":"token"}', '2024-06-27 14:43:06.054538+00', ''),
	('00000000-0000-0000-0000-000000000000', '1bf0b1a3-e8d2-4cf5-971b-c6ff737d455e', '{"action":"token_revoked","actor_id":"74dffe01-1824-4118-a205-87bace940e3a","actor_name":"Bonjour","actor_username":"c.fallotin@gmail.com","actor_via_sso":false,"log_type":"token"}', '2024-06-27 14:43:06.058301+00', ''),
	('00000000-0000-0000-0000-000000000000', '52d8c8de-ba7a-4f1a-aee3-65a8a65691e3', '{"action":"token_refreshed","actor_id":"74dffe01-1824-4118-a205-87bace940e3a","actor_name":"Bonjour","actor_username":"c.fallotin@gmail.com","actor_via_sso":false,"log_type":"token"}', '2024-06-27 15:04:35.121461+00', ''),
	('00000000-0000-0000-0000-000000000000', '4abc65b3-b880-4fab-8c87-622a1eb46c4e', '{"action":"token_revoked","actor_id":"74dffe01-1824-4118-a205-87bace940e3a","actor_name":"Bonjour","actor_username":"c.fallotin@gmail.com","actor_via_sso":false,"log_type":"token"}', '2024-06-27 15:04:35.124118+00', ''),
	('00000000-0000-0000-0000-000000000000', '82c6ea27-8245-4dfc-bbe1-7305a6408d31', '{"action":"logout","actor_id":"74dffe01-1824-4118-a205-87bace940e3a","actor_name":"Bonjour","actor_username":"c.fallotin@gmail.com","actor_via_sso":false,"log_type":"account"}', '2024-06-27 15:07:57.624489+00', ''),
	('00000000-0000-0000-0000-000000000000', '42e12614-1402-46ff-86d9-a09b91d292b8', '{"action":"login","actor_id":"74dffe01-1824-4118-a205-87bace940e3a","actor_name":"Bonjour","actor_username":"c.fallotin@gmail.com","actor_via_sso":false,"log_type":"account","traits":{"provider":"email"}}', '2024-06-27 15:08:12.480511+00', ''),
	('00000000-0000-0000-0000-000000000000', '2853ab62-d82e-4bc2-aa4d-1fd114e9e63a', '{"action":"token_refreshed","actor_id":"ddee3ea7-0d3d-4194-8ab1-5e0a36ec2026","actor_username":"6kgrw22qg8@privaterelay.appleid.com","actor_via_sso":false,"log_type":"token"}', '2024-06-27 15:17:20.071487+00', ''),
	('00000000-0000-0000-0000-000000000000', 'e3f4ead1-9782-4999-8dca-5c3915597810', '{"action":"token_revoked","actor_id":"ddee3ea7-0d3d-4194-8ab1-5e0a36ec2026","actor_username":"6kgrw22qg8@privaterelay.appleid.com","actor_via_sso":false,"log_type":"token"}', '2024-06-27 15:17:20.07287+00', ''),
	('00000000-0000-0000-0000-000000000000', '89594648-01eb-4b4b-992a-956fc769540a', '{"action":"logout","actor_id":"ddee3ea7-0d3d-4194-8ab1-5e0a36ec2026","actor_username":"6kgrw22qg8@privaterelay.appleid.com","actor_via_sso":false,"log_type":"account"}', '2024-06-27 15:17:30.244155+00', ''),
	('00000000-0000-0000-0000-000000000000', '73e80918-3450-487b-b2d4-270d22d0bd5e', '{"action":"login","actor_id":"74dffe01-1824-4118-a205-87bace940e3a","actor_name":"Bonjour","actor_username":"c.fallotin@gmail.com","actor_via_sso":false,"log_type":"account","traits":{"provider":"email"}}', '2024-06-27 15:20:15.85133+00', ''),
	('00000000-0000-0000-0000-000000000000', '33424947-f8d5-45c9-95e8-6f17cf3d1f74', '{"action":"token_refreshed","actor_id":"74dffe01-1824-4118-a205-87bace940e3a","actor_name":"Bonjour","actor_username":"c.fallotin@gmail.com","actor_via_sso":false,"log_type":"token"}', '2024-06-27 16:11:25.631283+00', ''),
	('00000000-0000-0000-0000-000000000000', '120714e2-8f45-4025-a0bf-5c2747754456', '{"action":"token_revoked","actor_id":"74dffe01-1824-4118-a205-87bace940e3a","actor_name":"Bonjour","actor_username":"c.fallotin@gmail.com","actor_via_sso":false,"log_type":"token"}', '2024-06-27 16:11:25.63385+00', ''),
	('00000000-0000-0000-0000-000000000000', '16193678-5539-4962-bc6a-97cb5296d3da', '{"action":"token_refreshed","actor_id":"74dffe01-1824-4118-a205-87bace940e3a","actor_name":"Bonjour","actor_username":"c.fallotin@gmail.com","actor_via_sso":false,"log_type":"token"}', '2024-06-27 17:20:21.663524+00', ''),
	('00000000-0000-0000-0000-000000000000', '03ddf081-0069-4063-afde-5e6a25093739', '{"action":"token_revoked","actor_id":"74dffe01-1824-4118-a205-87bace940e3a","actor_name":"Bonjour","actor_username":"c.fallotin@gmail.com","actor_via_sso":false,"log_type":"token"}', '2024-06-27 17:20:21.671896+00', ''),
	('00000000-0000-0000-0000-000000000000', '6038ab37-2507-49d1-879e-8514db071b60', '{"action":"token_refreshed","actor_id":"74dffe01-1824-4118-a205-87bace940e3a","actor_name":"Bonjour","actor_username":"c.fallotin@gmail.com","actor_via_sso":false,"log_type":"token"}', '2024-06-27 18:25:18.490405+00', ''),
	('00000000-0000-0000-0000-000000000000', '757b2f1b-6e7c-4120-9642-0686fbed617f', '{"action":"token_revoked","actor_id":"74dffe01-1824-4118-a205-87bace940e3a","actor_name":"Bonjour","actor_username":"c.fallotin@gmail.com","actor_via_sso":false,"log_type":"token"}', '2024-06-27 18:25:18.493423+00', ''),
	('00000000-0000-0000-0000-000000000000', 'a8a6749d-93f5-448c-80d8-7d12d08fec58', '{"action":"token_refreshed","actor_id":"74dffe01-1824-4118-a205-87bace940e3a","actor_name":"Bonjour","actor_username":"c.fallotin@gmail.com","actor_via_sso":false,"log_type":"token"}', '2024-06-27 19:26:18.379634+00', ''),
	('00000000-0000-0000-0000-000000000000', 'efce97ad-1beb-4ce8-8885-4ce5f4948d43', '{"action":"token_revoked","actor_id":"74dffe01-1824-4118-a205-87bace940e3a","actor_name":"Bonjour","actor_username":"c.fallotin@gmail.com","actor_via_sso":false,"log_type":"token"}', '2024-06-27 19:26:18.383574+00', ''),
	('00000000-0000-0000-0000-000000000000', 'd1970a5d-4a4e-4b4b-af46-7cd78d2d8d72', '{"action":"token_refreshed","actor_id":"74dffe01-1824-4118-a205-87bace940e3a","actor_name":"Bonjour","actor_username":"c.fallotin@gmail.com","actor_via_sso":false,"log_type":"token"}', '2024-06-27 20:26:54.223079+00', ''),
	('00000000-0000-0000-0000-000000000000', '28afcd71-1858-405d-b045-c4729309c2b3', '{"action":"token_revoked","actor_id":"74dffe01-1824-4118-a205-87bace940e3a","actor_name":"Bonjour","actor_username":"c.fallotin@gmail.com","actor_via_sso":false,"log_type":"token"}', '2024-06-27 20:26:54.225358+00', ''),
	('00000000-0000-0000-0000-000000000000', '8a592a8b-b1b1-4fad-bd3e-b6bbff207110', '{"action":"token_refreshed","actor_id":"74dffe01-1824-4118-a205-87bace940e3a","actor_name":"Bonjour","actor_username":"c.fallotin@gmail.com","actor_via_sso":false,"log_type":"token"}', '2024-06-27 21:27:54.225424+00', ''),
	('00000000-0000-0000-0000-000000000000', 'b4f3f912-3e84-44d6-8fed-4452634d6273', '{"action":"token_revoked","actor_id":"74dffe01-1824-4118-a205-87bace940e3a","actor_name":"Bonjour","actor_username":"c.fallotin@gmail.com","actor_via_sso":false,"log_type":"token"}', '2024-06-27 21:27:54.228283+00', ''),
	('00000000-0000-0000-0000-000000000000', 'a4a71b8b-64d0-4682-9f8b-4b6d78698650', '{"action":"token_refreshed","actor_id":"74dffe01-1824-4118-a205-87bace940e3a","actor_name":"Bonjour","actor_username":"c.fallotin@gmail.com","actor_via_sso":false,"log_type":"token"}', '2024-06-27 22:26:19.985804+00', ''),
	('00000000-0000-0000-0000-000000000000', 'b5db2dea-dea9-4f6e-a2d7-b7adad5619cc', '{"action":"token_revoked","actor_id":"74dffe01-1824-4118-a205-87bace940e3a","actor_name":"Bonjour","actor_username":"c.fallotin@gmail.com","actor_via_sso":false,"log_type":"token"}', '2024-06-27 22:26:19.988871+00', ''),
	('00000000-0000-0000-0000-000000000000', '31a70093-f46f-4ee4-8505-2ceb03c526d7', '{"action":"token_refreshed","actor_id":"74dffe01-1824-4118-a205-87bace940e3a","actor_name":"Bonjour","actor_username":"c.fallotin@gmail.com","actor_via_sso":false,"log_type":"token"}', '2024-06-27 23:24:21.723109+00', ''),
	('00000000-0000-0000-0000-000000000000', '6e6feb88-ea6f-4e76-99b1-03ad1903e9b3', '{"action":"token_revoked","actor_id":"74dffe01-1824-4118-a205-87bace940e3a","actor_name":"Bonjour","actor_username":"c.fallotin@gmail.com","actor_via_sso":false,"log_type":"token"}', '2024-06-27 23:24:21.72943+00', ''),
	('00000000-0000-0000-0000-000000000000', '358e9fc2-f62a-4597-b30f-e3adaca51fb5', '{"action":"token_refreshed","actor_id":"74dffe01-1824-4118-a205-87bace940e3a","actor_name":"Bonjour","actor_username":"c.fallotin@gmail.com","actor_via_sso":false,"log_type":"token"}', '2024-06-27 23:47:41.487117+00', ''),
	('00000000-0000-0000-0000-000000000000', 'd5a7e664-ee33-4845-b76a-7d2ca01cc0f0', '{"action":"token_revoked","actor_id":"74dffe01-1824-4118-a205-87bace940e3a","actor_name":"Bonjour","actor_username":"c.fallotin@gmail.com","actor_via_sso":false,"log_type":"token"}', '2024-06-27 23:47:41.488239+00', ''),
	('00000000-0000-0000-0000-000000000000', '2b00d49c-5834-4712-83d4-bbc3f126fa7f', '{"action":"token_refreshed","actor_id":"74dffe01-1824-4118-a205-87bace940e3a","actor_name":"Bonjour","actor_username":"c.fallotin@gmail.com","actor_via_sso":false,"log_type":"token"}', '2024-06-28 00:22:36.419793+00', ''),
	('00000000-0000-0000-0000-000000000000', '8462d839-47e7-4bd3-95fc-0f96a14bad32', '{"action":"token_revoked","actor_id":"74dffe01-1824-4118-a205-87bace940e3a","actor_name":"Bonjour","actor_username":"c.fallotin@gmail.com","actor_via_sso":false,"log_type":"token"}', '2024-06-28 00:22:36.423721+00', ''),
	('00000000-0000-0000-0000-000000000000', '5eb6a93f-837f-4eb1-8ce6-4e96daec21cc', '{"action":"login","actor_id":"9d0346e8-d342-4ea5-9af3-5aa9754ade76","actor_username":"64b9tvf5h7@privaterelay.appleid.com","actor_via_sso":false,"log_type":"account","traits":{"provider":"apple"}}', '2024-06-28 00:23:24.863171+00', ''),
	('00000000-0000-0000-0000-000000000000', 'bf3ba556-6bba-4fb7-adf3-7b7114514e02', '{"action":"logout","actor_id":"9d0346e8-d342-4ea5-9af3-5aa9754ade76","actor_username":"64b9tvf5h7@privaterelay.appleid.com","actor_via_sso":false,"log_type":"account"}', '2024-06-28 00:23:52.930195+00', ''),
	('00000000-0000-0000-0000-000000000000', 'ba8ed555-82b6-40ad-855d-9e3309f7de1d', '{"action":"login","actor_id":"74dffe01-1824-4118-a205-87bace940e3a","actor_name":"Bonjour","actor_username":"c.fallotin@gmail.com","actor_via_sso":false,"log_type":"account","traits":{"provider":"email"}}', '2024-06-28 00:24:16.356868+00', ''),
	('00000000-0000-0000-0000-000000000000', '564831a7-cb13-420d-8c41-535ca23a7685', '{"action":"token_refreshed","actor_id":"76c8cee0-7630-46ea-a697-88d813c1688c","actor_username":"hateleylisa@gmail.com","actor_via_sso":false,"log_type":"token"}', '2024-06-28 02:43:32.261669+00', ''),
	('00000000-0000-0000-0000-000000000000', 'e006e22f-1075-4987-8a92-c27f2bc02541', '{"action":"token_revoked","actor_id":"76c8cee0-7630-46ea-a697-88d813c1688c","actor_username":"hateleylisa@gmail.com","actor_via_sso":false,"log_type":"token"}', '2024-06-28 02:43:32.26473+00', ''),
	('00000000-0000-0000-0000-000000000000', '095cb4e8-8374-458b-9430-011d4a426d12', '{"action":"token_refreshed","actor_id":"74dffe01-1824-4118-a205-87bace940e3a","actor_name":"Bonjour","actor_username":"c.fallotin@gmail.com","actor_via_sso":false,"log_type":"token"}', '2024-06-28 02:45:03.303286+00', ''),
	('00000000-0000-0000-0000-000000000000', 'd5e8a421-41ce-4352-9272-106fbbc324d3', '{"action":"token_revoked","actor_id":"74dffe01-1824-4118-a205-87bace940e3a","actor_name":"Bonjour","actor_username":"c.fallotin@gmail.com","actor_via_sso":false,"log_type":"token"}', '2024-06-28 02:45:03.304513+00', ''),
	('00000000-0000-0000-0000-000000000000', 'b5bac69a-fdca-4701-84bd-40de1219d2f7', '{"action":"token_refreshed","actor_id":"74dffe01-1824-4118-a205-87bace940e3a","actor_name":"Bonjour","actor_username":"c.fallotin@gmail.com","actor_via_sso":false,"log_type":"token"}', '2024-06-28 05:24:58.355485+00', ''),
	('00000000-0000-0000-0000-000000000000', '2dbd1ea3-5eba-432e-83d5-1c0a14e24d97', '{"action":"token_revoked","actor_id":"74dffe01-1824-4118-a205-87bace940e3a","actor_name":"Bonjour","actor_username":"c.fallotin@gmail.com","actor_via_sso":false,"log_type":"token"}', '2024-06-28 05:24:58.357333+00', ''),
	('00000000-0000-0000-0000-000000000000', '7abdcfd2-d35b-4b49-a047-f5a638c4715b', '{"action":"token_refreshed","actor_id":"74dffe01-1824-4118-a205-87bace940e3a","actor_name":"Bonjour","actor_username":"c.fallotin@gmail.com","actor_via_sso":false,"log_type":"token"}', '2024-06-28 09:10:52.028557+00', ''),
	('00000000-0000-0000-0000-000000000000', 'bb73c6ed-a078-433f-940b-ad34c34a9ed2', '{"action":"token_revoked","actor_id":"74dffe01-1824-4118-a205-87bace940e3a","actor_name":"Bonjour","actor_username":"c.fallotin@gmail.com","actor_via_sso":false,"log_type":"token"}', '2024-06-28 09:10:52.038295+00', ''),
	('00000000-0000-0000-0000-000000000000', 'd70b873c-21c3-4f03-a81b-8389128b70ab', '{"action":"token_refreshed","actor_id":"74dffe01-1824-4118-a205-87bace940e3a","actor_name":"Bonjour","actor_username":"c.fallotin@gmail.com","actor_via_sso":false,"log_type":"token"}', '2024-06-28 11:25:02.565554+00', ''),
	('00000000-0000-0000-0000-000000000000', 'eb81e1d9-d420-4c94-8aca-57e528f0fd49', '{"action":"token_revoked","actor_id":"74dffe01-1824-4118-a205-87bace940e3a","actor_name":"Bonjour","actor_username":"c.fallotin@gmail.com","actor_via_sso":false,"log_type":"token"}', '2024-06-28 11:25:02.569739+00', ''),
	('00000000-0000-0000-0000-000000000000', '29d78a34-795a-4b80-b46d-f1b041232da1', '{"action":"token_refreshed","actor_id":"74dffe01-1824-4118-a205-87bace940e3a","actor_name":"Bonjour","actor_username":"c.fallotin@gmail.com","actor_via_sso":false,"log_type":"token"}', '2024-06-28 11:51:34.452672+00', ''),
	('00000000-0000-0000-0000-000000000000', 'acd0b300-2198-4008-bb41-c46544ea6d7c', '{"action":"token_revoked","actor_id":"74dffe01-1824-4118-a205-87bace940e3a","actor_name":"Bonjour","actor_username":"c.fallotin@gmail.com","actor_via_sso":false,"log_type":"token"}', '2024-06-28 11:51:34.455376+00', ''),
	('00000000-0000-0000-0000-000000000000', '65ea1c58-4a30-4d49-9abb-970fd58c6dc8', '{"action":"token_refreshed","actor_id":"74dffe01-1824-4118-a205-87bace940e3a","actor_name":"Bonjour","actor_username":"c.fallotin@gmail.com","actor_via_sso":false,"log_type":"token"}', '2024-06-28 14:06:49.817735+00', ''),
	('00000000-0000-0000-0000-000000000000', '0b187437-3478-454f-85af-45ea54a5a421', '{"action":"token_revoked","actor_id":"74dffe01-1824-4118-a205-87bace940e3a","actor_name":"Bonjour","actor_username":"c.fallotin@gmail.com","actor_via_sso":false,"log_type":"token"}', '2024-06-28 14:06:49.824455+00', ''),
	('00000000-0000-0000-0000-000000000000', '4c8606f5-16bc-4bfc-bd6f-019e19ed9b50', '{"action":"token_refreshed","actor_id":"76c8cee0-7630-46ea-a697-88d813c1688c","actor_username":"hateleylisa@gmail.com","actor_via_sso":false,"log_type":"token"}', '2024-06-28 21:50:47.693242+00', ''),
	('00000000-0000-0000-0000-000000000000', '226f211c-8c15-4135-b082-e7c351fa0d6e', '{"action":"token_revoked","actor_id":"76c8cee0-7630-46ea-a697-88d813c1688c","actor_username":"hateleylisa@gmail.com","actor_via_sso":false,"log_type":"token"}', '2024-06-28 21:50:47.695055+00', ''),
	('00000000-0000-0000-0000-000000000000', '3f1daeef-6406-41fd-9a9d-5a604409b817', '{"action":"token_refreshed","actor_id":"74dffe01-1824-4118-a205-87bace940e3a","actor_name":"Bonjour","actor_username":"c.fallotin@gmail.com","actor_via_sso":false,"log_type":"token"}', '2024-06-28 22:47:05.147121+00', ''),
	('00000000-0000-0000-0000-000000000000', '682d272c-d400-4d73-bc47-fcdd7a2f8d39', '{"action":"token_revoked","actor_id":"74dffe01-1824-4118-a205-87bace940e3a","actor_name":"Bonjour","actor_username":"c.fallotin@gmail.com","actor_via_sso":false,"log_type":"token"}', '2024-06-28 22:47:05.149383+00', ''),
	('00000000-0000-0000-0000-000000000000', 'ffea4d87-db24-4b36-9524-a06c07e2ee60', '{"action":"token_refreshed","actor_id":"74dffe01-1824-4118-a205-87bace940e3a","actor_name":"Bonjour","actor_username":"c.fallotin@gmail.com","actor_via_sso":false,"log_type":"token"}', '2024-06-29 03:24:05.730115+00', ''),
	('00000000-0000-0000-0000-000000000000', '49ab88d3-0784-4596-b029-53ec54089109', '{"action":"token_revoked","actor_id":"74dffe01-1824-4118-a205-87bace940e3a","actor_name":"Bonjour","actor_username":"c.fallotin@gmail.com","actor_via_sso":false,"log_type":"token"}', '2024-06-29 03:24:05.733269+00', ''),
	('00000000-0000-0000-0000-000000000000', '6c52c998-ad06-47ca-81fb-bb275d283411', '{"action":"token_refreshed","actor_id":"74dffe01-1824-4118-a205-87bace940e3a","actor_name":"Bonjour","actor_username":"c.fallotin@gmail.com","actor_via_sso":false,"log_type":"token"}', '2024-06-29 04:22:06.536657+00', ''),
	('00000000-0000-0000-0000-000000000000', '4a85fcf2-093b-48c1-a340-45898734ba7a', '{"action":"token_revoked","actor_id":"74dffe01-1824-4118-a205-87bace940e3a","actor_name":"Bonjour","actor_username":"c.fallotin@gmail.com","actor_via_sso":false,"log_type":"token"}', '2024-06-29 04:22:06.539007+00', ''),
	('00000000-0000-0000-0000-000000000000', '12b10077-05c4-47ae-93d2-eedcccc7a48a', '{"action":"token_refreshed","actor_id":"74dffe01-1824-4118-a205-87bace940e3a","actor_name":"Bonjour","actor_username":"c.fallotin@gmail.com","actor_via_sso":false,"log_type":"token"}', '2024-06-29 05:20:12.05311+00', ''),
	('00000000-0000-0000-0000-000000000000', 'f240f986-3c2c-4b0d-8e2b-efee1db36f3d', '{"action":"token_revoked","actor_id":"74dffe01-1824-4118-a205-87bace940e3a","actor_name":"Bonjour","actor_username":"c.fallotin@gmail.com","actor_via_sso":false,"log_type":"token"}', '2024-06-29 05:20:12.0575+00', ''),
	('00000000-0000-0000-0000-000000000000', '990f1ea1-6a7e-47dd-8e58-0375f55a0257', '{"action":"token_refreshed","actor_id":"74dffe01-1824-4118-a205-87bace940e3a","actor_name":"Bonjour","actor_username":"c.fallotin@gmail.com","actor_via_sso":false,"log_type":"token"}', '2024-06-29 05:28:39.456659+00', ''),
	('00000000-0000-0000-0000-000000000000', '4547069f-d76b-41ef-949b-0ed5e7aac971', '{"action":"token_revoked","actor_id":"74dffe01-1824-4118-a205-87bace940e3a","actor_name":"Bonjour","actor_username":"c.fallotin@gmail.com","actor_via_sso":false,"log_type":"token"}', '2024-06-29 05:28:39.458861+00', ''),
	('00000000-0000-0000-0000-000000000000', '22db6f61-c909-43f3-a395-bdd9bc1a49a1', '{"action":"token_refreshed","actor_id":"74dffe01-1824-4118-a205-87bace940e3a","actor_name":"Bonjour","actor_username":"c.fallotin@gmail.com","actor_via_sso":false,"log_type":"token"}', '2024-06-29 06:18:20.798529+00', ''),
	('00000000-0000-0000-0000-000000000000', '2487d939-bcdb-4756-ac30-ff5135373252', '{"action":"token_revoked","actor_id":"74dffe01-1824-4118-a205-87bace940e3a","actor_name":"Bonjour","actor_username":"c.fallotin@gmail.com","actor_via_sso":false,"log_type":"token"}', '2024-06-29 06:18:20.801351+00', ''),
	('00000000-0000-0000-0000-000000000000', '0f0943cf-7501-4782-bf53-711f60b72bd1', '{"action":"token_refreshed","actor_id":"74dffe01-1824-4118-a205-87bace940e3a","actor_name":"Bonjour","actor_username":"c.fallotin@gmail.com","actor_via_sso":false,"log_type":"token"}', '2024-06-29 06:26:40.053309+00', ''),
	('00000000-0000-0000-0000-000000000000', '46fc11e7-b600-4fcf-ad44-6562e092688d', '{"action":"token_revoked","actor_id":"74dffe01-1824-4118-a205-87bace940e3a","actor_name":"Bonjour","actor_username":"c.fallotin@gmail.com","actor_via_sso":false,"log_type":"token"}', '2024-06-29 06:26:40.055685+00', ''),
	('00000000-0000-0000-0000-000000000000', 'ebc8cc52-6283-48c8-b9ba-519073a2fbfd', '{"action":"token_refreshed","actor_id":"74dffe01-1824-4118-a205-87bace940e3a","actor_name":"Bonjour","actor_username":"c.fallotin@gmail.com","actor_via_sso":false,"log_type":"token"}', '2024-06-29 07:16:24.408712+00', ''),
	('00000000-0000-0000-0000-000000000000', '39d0ad39-5737-424b-88a9-5bbb9095d6e2', '{"action":"token_revoked","actor_id":"74dffe01-1824-4118-a205-87bace940e3a","actor_name":"Bonjour","actor_username":"c.fallotin@gmail.com","actor_via_sso":false,"log_type":"token"}', '2024-06-29 07:16:24.414294+00', ''),
	('00000000-0000-0000-0000-000000000000', '2ddde2e8-cb9a-40c0-a2f1-1248004d88dd', '{"action":"token_refreshed","actor_id":"74dffe01-1824-4118-a205-87bace940e3a","actor_name":"Bonjour","actor_username":"c.fallotin@gmail.com","actor_via_sso":false,"log_type":"token"}', '2024-06-29 07:24:50.56737+00', ''),
	('00000000-0000-0000-0000-000000000000', 'fc80ec10-7233-49ca-85a0-e625ede12d6f', '{"action":"token_revoked","actor_id":"74dffe01-1824-4118-a205-87bace940e3a","actor_name":"Bonjour","actor_username":"c.fallotin@gmail.com","actor_via_sso":false,"log_type":"token"}', '2024-06-29 07:24:50.570689+00', ''),
	('00000000-0000-0000-0000-000000000000', 'd95b3e20-7fa4-4815-90e9-6b2e4b85d82d', '{"action":"token_refreshed","actor_id":"74dffe01-1824-4118-a205-87bace940e3a","actor_name":"Bonjour","actor_username":"c.fallotin@gmail.com","actor_via_sso":false,"log_type":"token"}', '2024-06-29 08:14:25.498241+00', ''),
	('00000000-0000-0000-0000-000000000000', '4a179677-5003-4d49-bb18-be327c95c648', '{"action":"token_revoked","actor_id":"74dffe01-1824-4118-a205-87bace940e3a","actor_name":"Bonjour","actor_username":"c.fallotin@gmail.com","actor_via_sso":false,"log_type":"token"}', '2024-06-29 08:14:25.500984+00', ''),
	('00000000-0000-0000-0000-000000000000', 'c5a594a8-fb45-45c8-9a5a-3d1bdf6c5b94', '{"action":"token_refreshed","actor_id":"76c8cee0-7630-46ea-a697-88d813c1688c","actor_username":"hateleylisa@gmail.com","actor_via_sso":false,"log_type":"token"}', '2024-06-29 08:37:02.753908+00', ''),
	('00000000-0000-0000-0000-000000000000', '754586e7-279a-465d-b3fa-f54e7294c08e', '{"action":"token_revoked","actor_id":"76c8cee0-7630-46ea-a697-88d813c1688c","actor_username":"hateleylisa@gmail.com","actor_via_sso":false,"log_type":"token"}', '2024-06-29 08:37:02.755638+00', ''),
	('00000000-0000-0000-0000-000000000000', '0f534751-f978-4769-a8a7-211c75dbec9a', '{"action":"token_refreshed","actor_id":"74dffe01-1824-4118-a205-87bace940e3a","actor_name":"Bonjour","actor_username":"c.fallotin@gmail.com","actor_via_sso":false,"log_type":"token"}', '2024-06-29 09:35:33.747387+00', ''),
	('00000000-0000-0000-0000-000000000000', '0d8c9ea1-042c-4c11-a52e-aeec24f81c6d', '{"action":"token_revoked","actor_id":"74dffe01-1824-4118-a205-87bace940e3a","actor_name":"Bonjour","actor_username":"c.fallotin@gmail.com","actor_via_sso":false,"log_type":"token"}', '2024-06-29 09:35:33.749444+00', ''),
	('00000000-0000-0000-0000-000000000000', '1d3d79c5-c44e-43a3-9224-77f504318637', '{"action":"token_refreshed","actor_id":"76c8cee0-7630-46ea-a697-88d813c1688c","actor_username":"hateleylisa@gmail.com","actor_via_sso":false,"log_type":"token"}', '2024-06-29 12:57:22.088234+00', ''),
	('00000000-0000-0000-0000-000000000000', '7989014d-f96d-4fb6-b920-a7c142e7cc88', '{"action":"token_revoked","actor_id":"76c8cee0-7630-46ea-a697-88d813c1688c","actor_username":"hateleylisa@gmail.com","actor_via_sso":false,"log_type":"token"}', '2024-06-29 12:57:22.09024+00', ''),
	('00000000-0000-0000-0000-000000000000', 'ec9480b9-32e7-4182-9885-766270f853e8', '{"action":"token_refreshed","actor_id":"74dffe01-1824-4118-a205-87bace940e3a","actor_name":"Bonjour","actor_username":"c.fallotin@gmail.com","actor_via_sso":false,"log_type":"token"}', '2024-06-29 22:52:16.144068+00', ''),
	('00000000-0000-0000-0000-000000000000', '7eef16ed-87ef-4e87-bf29-8517f2a2f2d3', '{"action":"token_revoked","actor_id":"74dffe01-1824-4118-a205-87bace940e3a","actor_name":"Bonjour","actor_username":"c.fallotin@gmail.com","actor_via_sso":false,"log_type":"token"}', '2024-06-29 22:52:16.146865+00', ''),
	('00000000-0000-0000-0000-000000000000', '6d928562-7e63-429b-907b-0cd3c78655ac', '{"action":"token_refreshed","actor_id":"76c8cee0-7630-46ea-a697-88d813c1688c","actor_username":"hateleylisa@gmail.com","actor_via_sso":false,"log_type":"token"}', '2024-06-29 22:52:40.907723+00', ''),
	('00000000-0000-0000-0000-000000000000', 'eed1374b-bed6-44b3-abeb-5ebcc319a149', '{"action":"token_revoked","actor_id":"76c8cee0-7630-46ea-a697-88d813c1688c","actor_username":"hateleylisa@gmail.com","actor_via_sso":false,"log_type":"token"}', '2024-06-29 22:52:40.908285+00', ''),
	('00000000-0000-0000-0000-000000000000', '02092862-1233-4669-91ac-c63c6bbf1eec', '{"action":"token_refreshed","actor_id":"74dffe01-1824-4118-a205-87bace940e3a","actor_name":"Bonjour","actor_username":"c.fallotin@gmail.com","actor_via_sso":false,"log_type":"token"}', '2024-06-30 01:16:19.992779+00', ''),
	('00000000-0000-0000-0000-000000000000', '5d593fe2-0bb1-49e0-93ac-9e4aeeecc802', '{"action":"token_revoked","actor_id":"74dffe01-1824-4118-a205-87bace940e3a","actor_name":"Bonjour","actor_username":"c.fallotin@gmail.com","actor_via_sso":false,"log_type":"token"}', '2024-06-30 01:16:19.994794+00', ''),
	('00000000-0000-0000-0000-000000000000', 'df5cc196-2c99-47ae-85be-f2a2a914a73e', '{"action":"token_refreshed","actor_id":"76c8cee0-7630-46ea-a697-88d813c1688c","actor_username":"hateleylisa@gmail.com","actor_via_sso":false,"log_type":"token"}', '2024-06-30 01:21:17.197865+00', ''),
	('00000000-0000-0000-0000-000000000000', '49e65835-dde0-41b2-8e66-f89eadbbcecd', '{"action":"token_revoked","actor_id":"76c8cee0-7630-46ea-a697-88d813c1688c","actor_username":"hateleylisa@gmail.com","actor_via_sso":false,"log_type":"token"}', '2024-06-30 01:21:17.201199+00', ''),
	('00000000-0000-0000-0000-000000000000', '8335634f-d512-4101-8e19-21a7370b8fd9', '{"action":"token_refreshed","actor_id":"74dffe01-1824-4118-a205-87bace940e3a","actor_name":"Bonjour","actor_username":"c.fallotin@gmail.com","actor_via_sso":false,"log_type":"token"}', '2024-06-30 02:26:11.960063+00', ''),
	('00000000-0000-0000-0000-000000000000', '14a51de9-0fef-4b76-9906-c45e4ab62bb1', '{"action":"token_revoked","actor_id":"74dffe01-1824-4118-a205-87bace940e3a","actor_name":"Bonjour","actor_username":"c.fallotin@gmail.com","actor_via_sso":false,"log_type":"token"}', '2024-06-30 02:26:11.962396+00', ''),
	('00000000-0000-0000-0000-000000000000', '498820f1-bb8b-4ed7-8fbf-2c7ae503d46b', '{"action":"token_refreshed","actor_id":"74dffe01-1824-4118-a205-87bace940e3a","actor_name":"Bonjour","actor_username":"c.fallotin@gmail.com","actor_via_sso":false,"log_type":"token"}', '2024-06-30 04:16:58.002881+00', ''),
	('00000000-0000-0000-0000-000000000000', '109d2f7b-8242-43cf-8fed-1c35358170de', '{"action":"token_revoked","actor_id":"74dffe01-1824-4118-a205-87bace940e3a","actor_name":"Bonjour","actor_username":"c.fallotin@gmail.com","actor_via_sso":false,"log_type":"token"}', '2024-06-30 04:16:58.00901+00', ''),
	('00000000-0000-0000-0000-000000000000', 'e03cbce9-71e0-4f0b-b0d6-5d8b67f76056', '{"action":"token_refreshed","actor_id":"74dffe01-1824-4118-a205-87bace940e3a","actor_name":"Bonjour","actor_username":"c.fallotin@gmail.com","actor_via_sso":false,"log_type":"token"}', '2024-06-30 05:34:25.33267+00', ''),
	('00000000-0000-0000-0000-000000000000', 'da37b591-d364-44c4-a5e0-59c99561d14d', '{"action":"token_revoked","actor_id":"74dffe01-1824-4118-a205-87bace940e3a","actor_name":"Bonjour","actor_username":"c.fallotin@gmail.com","actor_via_sso":false,"log_type":"token"}', '2024-06-30 05:34:25.334886+00', ''),
	('00000000-0000-0000-0000-000000000000', 'f477eebc-502c-4ea0-898e-59c0f0075d20', '{"action":"token_refreshed","actor_id":"74dffe01-1824-4118-a205-87bace940e3a","actor_name":"Bonjour","actor_username":"c.fallotin@gmail.com","actor_via_sso":false,"log_type":"token"}', '2024-06-30 05:35:37.941515+00', ''),
	('00000000-0000-0000-0000-000000000000', '7eeb276a-731b-40e0-a65b-9fa4828ba766', '{"action":"token_revoked","actor_id":"74dffe01-1824-4118-a205-87bace940e3a","actor_name":"Bonjour","actor_username":"c.fallotin@gmail.com","actor_via_sso":false,"log_type":"token"}', '2024-06-30 05:35:37.942245+00', ''),
	('00000000-0000-0000-0000-000000000000', 'e47b04c1-4e1d-4ec6-bbdd-b137b9512ee0', '{"action":"token_refreshed","actor_id":"74dffe01-1824-4118-a205-87bace940e3a","actor_name":"Bonjour","actor_username":"c.fallotin@gmail.com","actor_via_sso":false,"log_type":"token"}', '2024-06-30 06:43:36.456346+00', ''),
	('00000000-0000-0000-0000-000000000000', '7d183521-e411-402a-b5ce-ddc963d6a72f', '{"action":"token_revoked","actor_id":"74dffe01-1824-4118-a205-87bace940e3a","actor_name":"Bonjour","actor_username":"c.fallotin@gmail.com","actor_via_sso":false,"log_type":"token"}', '2024-06-30 06:43:36.461452+00', ''),
	('00000000-0000-0000-0000-000000000000', 'c8d07fc6-0b05-4478-aac7-1baada48dd14', '{"action":"token_refreshed","actor_id":"74dffe01-1824-4118-a205-87bace940e3a","actor_name":"Bonjour","actor_username":"c.fallotin@gmail.com","actor_via_sso":false,"log_type":"token"}', '2024-06-30 07:44:52.798746+00', ''),
	('00000000-0000-0000-0000-000000000000', '0a06e4de-7fa8-4c0a-8825-6dad249d1555', '{"action":"token_revoked","actor_id":"74dffe01-1824-4118-a205-87bace940e3a","actor_name":"Bonjour","actor_username":"c.fallotin@gmail.com","actor_via_sso":false,"log_type":"token"}', '2024-06-30 07:44:52.80279+00', ''),
	('00000000-0000-0000-0000-000000000000', '8ae9449b-43d2-487e-92cd-d29629fbc0ce', '{"action":"token_refreshed","actor_id":"74dffe01-1824-4118-a205-87bace940e3a","actor_name":"Bonjour","actor_username":"c.fallotin@gmail.com","actor_via_sso":false,"log_type":"token"}', '2024-06-30 08:45:33.840234+00', ''),
	('00000000-0000-0000-0000-000000000000', 'c5a5bce8-9236-4033-a5b0-02eb8b5abd3c', '{"action":"token_revoked","actor_id":"74dffe01-1824-4118-a205-87bace940e3a","actor_name":"Bonjour","actor_username":"c.fallotin@gmail.com","actor_via_sso":false,"log_type":"token"}', '2024-06-30 08:45:33.843733+00', ''),
	('00000000-0000-0000-0000-000000000000', 'd2f51c30-52a7-4fab-9873-d3b9c74255dd', '{"action":"token_refreshed","actor_id":"74dffe01-1824-4118-a205-87bace940e3a","actor_name":"Bonjour","actor_username":"c.fallotin@gmail.com","actor_via_sso":false,"log_type":"token"}', '2024-06-30 08:49:02.023132+00', ''),
	('00000000-0000-0000-0000-000000000000', 'fe2e7102-bcd2-471c-9d95-2e6de70d01b9', '{"action":"token_revoked","actor_id":"74dffe01-1824-4118-a205-87bace940e3a","actor_name":"Bonjour","actor_username":"c.fallotin@gmail.com","actor_via_sso":false,"log_type":"token"}', '2024-06-30 08:49:02.02551+00', ''),
	('00000000-0000-0000-0000-000000000000', '1dbba82e-9e3f-4cfb-9e9c-1a8119a03172', '{"action":"token_refreshed","actor_id":"76c8cee0-7630-46ea-a697-88d813c1688c","actor_username":"hateleylisa@gmail.com","actor_via_sso":false,"log_type":"token"}', '2024-06-30 09:43:50.805429+00', ''),
	('00000000-0000-0000-0000-000000000000', '4b785a34-4a80-4f6f-b72c-ef8caa1d382f', '{"action":"token_revoked","actor_id":"76c8cee0-7630-46ea-a697-88d813c1688c","actor_username":"hateleylisa@gmail.com","actor_via_sso":false,"log_type":"token"}', '2024-06-30 09:43:50.807893+00', ''),
	('00000000-0000-0000-0000-000000000000', 'ccb1c422-1ad1-48ae-a181-9d1742ffdbb6', '{"action":"token_refreshed","actor_id":"74dffe01-1824-4118-a205-87bace940e3a","actor_name":"Bonjour","actor_username":"c.fallotin@gmail.com","actor_via_sso":false,"log_type":"token"}', '2024-06-30 09:43:57.659636+00', ''),
	('00000000-0000-0000-0000-000000000000', '2c91f926-fef0-4c81-ae15-c26d621a216d', '{"action":"token_revoked","actor_id":"74dffe01-1824-4118-a205-87bace940e3a","actor_name":"Bonjour","actor_username":"c.fallotin@gmail.com","actor_via_sso":false,"log_type":"token"}', '2024-06-30 09:43:57.661088+00', ''),
	('00000000-0000-0000-0000-000000000000', '7ecba645-9362-4b98-835c-d060bfc0484f', '{"action":"token_refreshed","actor_id":"74dffe01-1824-4118-a205-87bace940e3a","actor_name":"Bonjour","actor_username":"c.fallotin@gmail.com","actor_via_sso":false,"log_type":"token"}', '2024-06-30 09:47:12.302199+00', ''),
	('00000000-0000-0000-0000-000000000000', 'c92a38e6-28a5-4146-be02-b30aa1a63be2', '{"action":"token_revoked","actor_id":"74dffe01-1824-4118-a205-87bace940e3a","actor_name":"Bonjour","actor_username":"c.fallotin@gmail.com","actor_via_sso":false,"log_type":"token"}', '2024-06-30 09:47:12.30411+00', ''),
	('00000000-0000-0000-0000-000000000000', 'd59175d3-aadb-4261-856f-04e77304c4f2', '{"action":"login","actor_id":"74dffe01-1824-4118-a205-87bace940e3a","actor_name":"Bonjour","actor_username":"c.fallotin@gmail.com","actor_via_sso":false,"log_type":"account","traits":{"provider":"email"}}', '2024-06-30 10:13:10.290192+00', ''),
	('00000000-0000-0000-0000-000000000000', '292d2e77-7ffc-4e6e-823f-500ee876af23', '{"action":"token_refreshed","actor_id":"74dffe01-1824-4118-a205-87bace940e3a","actor_name":"Bonjour","actor_username":"c.fallotin@gmail.com","actor_via_sso":false,"log_type":"token"}', '2024-06-30 11:11:31.645633+00', ''),
	('00000000-0000-0000-0000-000000000000', '313c86b3-7781-497d-b394-91c46a3f9431', '{"action":"token_revoked","actor_id":"74dffe01-1824-4118-a205-87bace940e3a","actor_name":"Bonjour","actor_username":"c.fallotin@gmail.com","actor_via_sso":false,"log_type":"token"}', '2024-06-30 11:11:31.647665+00', ''),
	('00000000-0000-0000-0000-000000000000', '70868eae-e8af-4155-bc59-9743ecf0472a', '{"action":"token_refreshed","actor_id":"74dffe01-1824-4118-a205-87bace940e3a","actor_name":"Bonjour","actor_username":"c.fallotin@gmail.com","actor_via_sso":false,"log_type":"token"}', '2024-06-30 12:16:27.310762+00', ''),
	('00000000-0000-0000-0000-000000000000', '225951da-7967-4273-ac23-4e5a2ef3dbb1', '{"action":"token_revoked","actor_id":"74dffe01-1824-4118-a205-87bace940e3a","actor_name":"Bonjour","actor_username":"c.fallotin@gmail.com","actor_via_sso":false,"log_type":"token"}', '2024-06-30 12:16:27.31336+00', ''),
	('00000000-0000-0000-0000-000000000000', '20ac949e-25ba-4708-b634-931868196c45', '{"action":"login","actor_id":"74dffe01-1824-4118-a205-87bace940e3a","actor_name":"Bonjour","actor_username":"c.fallotin@gmail.com","actor_via_sso":false,"log_type":"account","traits":{"provider":"email"}}', '2024-06-30 13:11:27.859438+00', ''),
	('00000000-0000-0000-0000-000000000000', 'efc45310-c5e3-4d9a-bb3d-91e4a8623c1f', '{"action":"token_refreshed","actor_id":"74dffe01-1824-4118-a205-87bace940e3a","actor_name":"Bonjour","actor_username":"c.fallotin@gmail.com","actor_via_sso":false,"log_type":"token"}', '2024-06-30 14:01:48.626654+00', ''),
	('00000000-0000-0000-0000-000000000000', '3aab3523-6a4d-4821-897d-6e9916bf8e42', '{"action":"token_revoked","actor_id":"74dffe01-1824-4118-a205-87bace940e3a","actor_name":"Bonjour","actor_username":"c.fallotin@gmail.com","actor_via_sso":false,"log_type":"token"}', '2024-06-30 14:01:48.629628+00', ''),
	('00000000-0000-0000-0000-000000000000', '3d28d38f-7970-400d-9c4d-95bb0a81206c', '{"action":"token_refreshed","actor_id":"74dffe01-1824-4118-a205-87bace940e3a","actor_name":"Bonjour","actor_username":"c.fallotin@gmail.com","actor_via_sso":false,"log_type":"token"}', '2024-06-30 14:12:36.740372+00', ''),
	('00000000-0000-0000-0000-000000000000', '99b552bf-563c-462b-88c6-1667a1688ed1', '{"action":"token_revoked","actor_id":"74dffe01-1824-4118-a205-87bace940e3a","actor_name":"Bonjour","actor_username":"c.fallotin@gmail.com","actor_via_sso":false,"log_type":"token"}', '2024-06-30 14:12:36.744132+00', ''),
	('00000000-0000-0000-0000-000000000000', '0cd08326-a8a6-443a-8650-eb6c9b228835', '{"action":"token_refreshed","actor_id":"74dffe01-1824-4118-a205-87bace940e3a","actor_name":"Bonjour","actor_username":"c.fallotin@gmail.com","actor_via_sso":false,"log_type":"token"}', '2024-06-30 15:12:22.015763+00', ''),
	('00000000-0000-0000-0000-000000000000', '31d66a8d-d83e-4d06-a091-96eec91dd2b5', '{"action":"token_revoked","actor_id":"74dffe01-1824-4118-a205-87bace940e3a","actor_name":"Bonjour","actor_username":"c.fallotin@gmail.com","actor_via_sso":false,"log_type":"token"}', '2024-06-30 15:12:22.01887+00', ''),
	('00000000-0000-0000-0000-000000000000', '49a5f188-61e0-489b-ab80-be1077e8160a', '{"action":"token_refreshed","actor_id":"74dffe01-1824-4118-a205-87bace940e3a","actor_name":"Bonjour","actor_username":"c.fallotin@gmail.com","actor_via_sso":false,"log_type":"token"}', '2024-06-30 15:12:42.288036+00', ''),
	('00000000-0000-0000-0000-000000000000', '0076dbee-3cc1-47ed-baa2-70ae40a1175d', '{"action":"token_revoked","actor_id":"74dffe01-1824-4118-a205-87bace940e3a","actor_name":"Bonjour","actor_username":"c.fallotin@gmail.com","actor_via_sso":false,"log_type":"token"}', '2024-06-30 15:12:42.288597+00', ''),
	('00000000-0000-0000-0000-000000000000', '844ffccd-db96-4989-8905-590ebdfd987f', '{"action":"token_refreshed","actor_id":"76c8cee0-7630-46ea-a697-88d813c1688c","actor_username":"hateleylisa@gmail.com","actor_via_sso":false,"log_type":"token"}', '2024-06-30 21:28:50.396452+00', ''),
	('00000000-0000-0000-0000-000000000000', 'a5042558-0eec-4633-acbc-f080ef4e59bd', '{"action":"token_revoked","actor_id":"76c8cee0-7630-46ea-a697-88d813c1688c","actor_username":"hateleylisa@gmail.com","actor_via_sso":false,"log_type":"token"}', '2024-06-30 21:28:50.410253+00', ''),
	('00000000-0000-0000-0000-000000000000', 'fbf14894-60d5-44fa-9a91-a03c986586f1', '{"action":"token_refreshed","actor_id":"74dffe01-1824-4118-a205-87bace940e3a","actor_name":"Bonjour","actor_username":"c.fallotin@gmail.com","actor_via_sso":false,"log_type":"token"}', '2024-06-30 22:13:18.364769+00', ''),
	('00000000-0000-0000-0000-000000000000', '685bc22b-757f-4a1a-9598-c51eeccfd426', '{"action":"token_revoked","actor_id":"74dffe01-1824-4118-a205-87bace940e3a","actor_name":"Bonjour","actor_username":"c.fallotin@gmail.com","actor_via_sso":false,"log_type":"token"}', '2024-06-30 22:13:18.36787+00', ''),
	('00000000-0000-0000-0000-000000000000', '22e18580-2663-4a06-8d42-d675728fea02', '{"action":"token_refreshed","actor_id":"74dffe01-1824-4118-a205-87bace940e3a","actor_name":"Bonjour","actor_username":"c.fallotin@gmail.com","actor_via_sso":false,"log_type":"token"}', '2024-06-30 23:40:05.688741+00', ''),
	('00000000-0000-0000-0000-000000000000', '7b2f1ec3-be8f-439c-8bd4-584a09fcd1b6', '{"action":"token_revoked","actor_id":"74dffe01-1824-4118-a205-87bace940e3a","actor_name":"Bonjour","actor_username":"c.fallotin@gmail.com","actor_via_sso":false,"log_type":"token"}', '2024-06-30 23:40:05.691662+00', ''),
	('00000000-0000-0000-0000-000000000000', 'e264a67c-ac83-4cf7-902f-010d154f0b96', '{"action":"token_refreshed","actor_id":"74dffe01-1824-4118-a205-87bace940e3a","actor_name":"Bonjour","actor_username":"c.fallotin@gmail.com","actor_via_sso":false,"log_type":"token"}', '2024-07-01 00:38:15.791887+00', ''),
	('00000000-0000-0000-0000-000000000000', 'b1c3a62c-aeb1-4ecf-b2ef-df00f8751a40', '{"action":"token_revoked","actor_id":"74dffe01-1824-4118-a205-87bace940e3a","actor_name":"Bonjour","actor_username":"c.fallotin@gmail.com","actor_via_sso":false,"log_type":"token"}', '2024-07-01 00:38:15.795256+00', ''),
	('00000000-0000-0000-0000-000000000000', '5764b99a-e747-4745-bbb9-e5ad614a748d', '{"action":"token_refreshed","actor_id":"74dffe01-1824-4118-a205-87bace940e3a","actor_name":"Bonjour","actor_username":"c.fallotin@gmail.com","actor_via_sso":false,"log_type":"token"}', '2024-07-01 01:36:41.600617+00', ''),
	('00000000-0000-0000-0000-000000000000', '9876de8e-1304-4cbf-a27a-027ed456ebcb', '{"action":"token_revoked","actor_id":"74dffe01-1824-4118-a205-87bace940e3a","actor_name":"Bonjour","actor_username":"c.fallotin@gmail.com","actor_via_sso":false,"log_type":"token"}', '2024-07-01 01:36:41.604176+00', ''),
	('00000000-0000-0000-0000-000000000000', 'd5f60644-bf4e-4cce-b2c0-e9587c5265d9', '{"action":"token_refreshed","actor_id":"74dffe01-1824-4118-a205-87bace940e3a","actor_name":"Bonjour","actor_username":"c.fallotin@gmail.com","actor_via_sso":false,"log_type":"token"}', '2024-07-01 02:17:01.677989+00', ''),
	('00000000-0000-0000-0000-000000000000', 'b79ba2b2-28cc-4c6a-8646-82d216a8515b', '{"action":"token_revoked","actor_id":"74dffe01-1824-4118-a205-87bace940e3a","actor_name":"Bonjour","actor_username":"c.fallotin@gmail.com","actor_via_sso":false,"log_type":"token"}', '2024-07-01 02:17:01.682217+00', ''),
	('00000000-0000-0000-0000-000000000000', 'eb8c035a-be74-4169-9d0f-ad2b79001599', '{"action":"token_refreshed","actor_id":"74dffe01-1824-4118-a205-87bace940e3a","actor_name":"Bonjour","actor_username":"c.fallotin@gmail.com","actor_via_sso":false,"log_type":"token"}', '2024-07-01 02:35:01.497311+00', ''),
	('00000000-0000-0000-0000-000000000000', 'e086d78b-6944-4a8a-9852-c1c7e96b681c', '{"action":"token_revoked","actor_id":"74dffe01-1824-4118-a205-87bace940e3a","actor_name":"Bonjour","actor_username":"c.fallotin@gmail.com","actor_via_sso":false,"log_type":"token"}', '2024-07-01 02:35:01.500278+00', ''),
	('00000000-0000-0000-0000-000000000000', '4ad1f85d-6786-4f75-bdf8-f38cdfc33903', '{"action":"token_refreshed","actor_id":"74dffe01-1824-4118-a205-87bace940e3a","actor_name":"Bonjour","actor_username":"c.fallotin@gmail.com","actor_via_sso":false,"log_type":"token"}', '2024-07-01 03:15:04.436286+00', ''),
	('00000000-0000-0000-0000-000000000000', '3e1b540a-d7a9-45d5-801b-d68ad915bb10', '{"action":"token_revoked","actor_id":"74dffe01-1824-4118-a205-87bace940e3a","actor_name":"Bonjour","actor_username":"c.fallotin@gmail.com","actor_via_sso":false,"log_type":"token"}', '2024-07-01 03:15:04.438629+00', ''),
	('00000000-0000-0000-0000-000000000000', '274b8197-3860-437b-9a3e-bbf79af014fe', '{"action":"token_refreshed","actor_id":"74dffe01-1824-4118-a205-87bace940e3a","actor_name":"Bonjour","actor_username":"c.fallotin@gmail.com","actor_via_sso":false,"log_type":"token"}', '2024-07-01 04:13:32.494437+00', ''),
	('00000000-0000-0000-0000-000000000000', 'e866e3d1-a98f-457d-aa1f-dd83de79c2be', '{"action":"token_revoked","actor_id":"74dffe01-1824-4118-a205-87bace940e3a","actor_name":"Bonjour","actor_username":"c.fallotin@gmail.com","actor_via_sso":false,"log_type":"token"}', '2024-07-01 04:13:32.498037+00', ''),
	('00000000-0000-0000-0000-000000000000', 'eaeb989c-55a7-4056-b918-02d90b2ef413', '{"action":"token_refreshed","actor_id":"74dffe01-1824-4118-a205-87bace940e3a","actor_name":"Bonjour","actor_username":"c.fallotin@gmail.com","actor_via_sso":false,"log_type":"token"}', '2024-07-01 04:45:28.707612+00', ''),
	('00000000-0000-0000-0000-000000000000', 'cc0f3229-aea4-4965-abdf-a76d54248c8c', '{"action":"token_revoked","actor_id":"74dffe01-1824-4118-a205-87bace940e3a","actor_name":"Bonjour","actor_username":"c.fallotin@gmail.com","actor_via_sso":false,"log_type":"token"}', '2024-07-01 04:45:28.710329+00', ''),
	('00000000-0000-0000-0000-000000000000', '45c30b02-41d7-46eb-9237-fbec24b1134d', '{"action":"token_refreshed","actor_id":"74dffe01-1824-4118-a205-87bace940e3a","actor_name":"Bonjour","actor_username":"c.fallotin@gmail.com","actor_via_sso":false,"log_type":"token"}', '2024-07-01 04:51:51.087196+00', ''),
	('00000000-0000-0000-0000-000000000000', '42b4498e-afab-49e3-a84e-39120ef6866e', '{"action":"token_revoked","actor_id":"74dffe01-1824-4118-a205-87bace940e3a","actor_name":"Bonjour","actor_username":"c.fallotin@gmail.com","actor_via_sso":false,"log_type":"token"}', '2024-07-01 04:51:51.089807+00', ''),
	('00000000-0000-0000-0000-000000000000', '04f6f823-2b93-414c-bae7-2513da12b8d7', '{"action":"token_refreshed","actor_id":"74dffe01-1824-4118-a205-87bace940e3a","actor_name":"Bonjour","actor_username":"c.fallotin@gmail.com","actor_via_sso":false,"log_type":"token"}', '2024-07-01 05:11:38.067477+00', ''),
	('00000000-0000-0000-0000-000000000000', '311cf108-06e0-45bd-b4b5-a5f38188cc2d', '{"action":"token_revoked","actor_id":"74dffe01-1824-4118-a205-87bace940e3a","actor_name":"Bonjour","actor_username":"c.fallotin@gmail.com","actor_via_sso":false,"log_type":"token"}', '2024-07-01 05:11:38.07167+00', ''),
	('00000000-0000-0000-0000-000000000000', 'efced646-e71c-45fc-b887-9e9d92490330', '{"action":"token_refreshed","actor_id":"74dffe01-1824-4118-a205-87bace940e3a","actor_name":"Bonjour","actor_username":"c.fallotin@gmail.com","actor_via_sso":false,"log_type":"token"}', '2024-07-01 06:09:39.225547+00', ''),
	('00000000-0000-0000-0000-000000000000', '61c72a2a-9c81-4121-847e-8fdd5ede4033', '{"action":"token_revoked","actor_id":"74dffe01-1824-4118-a205-87bace940e3a","actor_name":"Bonjour","actor_username":"c.fallotin@gmail.com","actor_via_sso":false,"log_type":"token"}', '2024-07-01 06:09:39.228523+00', ''),
	('00000000-0000-0000-0000-000000000000', '8cf7b010-6128-49ef-94e6-9fa7a564221e', '{"action":"token_refreshed","actor_id":"74dffe01-1824-4118-a205-87bace940e3a","actor_name":"Bonjour","actor_username":"c.fallotin@gmail.com","actor_via_sso":false,"log_type":"token"}', '2024-07-01 06:42:14.837779+00', ''),
	('00000000-0000-0000-0000-000000000000', '4bd394f6-4672-4819-96b1-2008bc50a4bd', '{"action":"token_revoked","actor_id":"74dffe01-1824-4118-a205-87bace940e3a","actor_name":"Bonjour","actor_username":"c.fallotin@gmail.com","actor_via_sso":false,"log_type":"token"}', '2024-07-01 06:42:14.843524+00', ''),
	('00000000-0000-0000-0000-000000000000', '6b231f13-1a51-4a56-97e1-1cddae5ae80b', '{"action":"token_refreshed","actor_id":"74dffe01-1824-4118-a205-87bace940e3a","actor_name":"Bonjour","actor_username":"c.fallotin@gmail.com","actor_via_sso":false,"log_type":"token"}', '2024-07-01 07:07:40.263747+00', ''),
	('00000000-0000-0000-0000-000000000000', '601f0b44-bc5a-4bb6-8946-6f07cc9c116d', '{"action":"token_revoked","actor_id":"74dffe01-1824-4118-a205-87bace940e3a","actor_name":"Bonjour","actor_username":"c.fallotin@gmail.com","actor_via_sso":false,"log_type":"token"}', '2024-07-01 07:07:40.266866+00', ''),
	('00000000-0000-0000-0000-000000000000', 'dda25e02-4808-40aa-b504-3b22097518eb', '{"action":"token_refreshed","actor_id":"74dffe01-1824-4118-a205-87bace940e3a","actor_name":"Bonjour","actor_username":"c.fallotin@gmail.com","actor_via_sso":false,"log_type":"token"}', '2024-07-01 07:57:18.260311+00', ''),
	('00000000-0000-0000-0000-000000000000', '24ea0b75-cf24-4dc6-b35b-f50d54f6909d', '{"action":"token_revoked","actor_id":"74dffe01-1824-4118-a205-87bace940e3a","actor_name":"Bonjour","actor_username":"c.fallotin@gmail.com","actor_via_sso":false,"log_type":"token"}', '2024-07-01 07:57:18.263195+00', ''),
	('00000000-0000-0000-0000-000000000000', '5f968d7f-bf21-4f8d-b1f9-9808561abdd5', '{"action":"token_refreshed","actor_id":"74dffe01-1824-4118-a205-87bace940e3a","actor_name":"Bonjour","actor_username":"c.fallotin@gmail.com","actor_via_sso":false,"log_type":"token"}', '2024-07-01 08:06:07.169492+00', ''),
	('00000000-0000-0000-0000-000000000000', '9c186d36-9c46-4aba-b7c6-85dc3b01ad4c', '{"action":"token_revoked","actor_id":"74dffe01-1824-4118-a205-87bace940e3a","actor_name":"Bonjour","actor_username":"c.fallotin@gmail.com","actor_via_sso":false,"log_type":"token"}', '2024-07-01 08:06:07.172714+00', ''),
	('00000000-0000-0000-0000-000000000000', '81265c24-8e5e-4ec7-b678-4744fdb1a417', '{"action":"token_refreshed","actor_id":"74dffe01-1824-4118-a205-87bace940e3a","actor_name":"Bonjour","actor_username":"c.fallotin@gmail.com","actor_via_sso":false,"log_type":"token"}', '2024-07-01 09:04:38.840915+00', ''),
	('00000000-0000-0000-0000-000000000000', 'd2dc5877-d06b-4aeb-beb1-155baaa9029f', '{"action":"token_revoked","actor_id":"74dffe01-1824-4118-a205-87bace940e3a","actor_name":"Bonjour","actor_username":"c.fallotin@gmail.com","actor_via_sso":false,"log_type":"token"}', '2024-07-01 09:04:38.844627+00', ''),
	('00000000-0000-0000-0000-000000000000', '907cb371-0c77-4c15-97ff-580f40fb2655', '{"action":"token_refreshed","actor_id":"74dffe01-1824-4118-a205-87bace940e3a","actor_name":"Bonjour","actor_username":"c.fallotin@gmail.com","actor_via_sso":false,"log_type":"token"}', '2024-07-01 09:32:00.586885+00', ''),
	('00000000-0000-0000-0000-000000000000', '6c73b058-f028-4e0a-9591-8cf822b64a4c', '{"action":"token_revoked","actor_id":"74dffe01-1824-4118-a205-87bace940e3a","actor_name":"Bonjour","actor_username":"c.fallotin@gmail.com","actor_via_sso":false,"log_type":"token"}', '2024-07-01 09:32:00.589994+00', ''),
	('00000000-0000-0000-0000-000000000000', '75762a05-61cd-45da-8c4d-e1ba803318d3', '{"action":"token_refreshed","actor_id":"76c8cee0-7630-46ea-a697-88d813c1688c","actor_username":"hateleylisa@gmail.com","actor_via_sso":false,"log_type":"token"}', '2024-07-01 09:41:59.137049+00', ''),
	('00000000-0000-0000-0000-000000000000', 'a3b5ce00-7d5b-44ab-9fe6-7ab29f740888', '{"action":"token_revoked","actor_id":"76c8cee0-7630-46ea-a697-88d813c1688c","actor_username":"hateleylisa@gmail.com","actor_via_sso":false,"log_type":"token"}', '2024-07-01 09:41:59.140478+00', ''),
	('00000000-0000-0000-0000-000000000000', '79b46d2c-bdc4-430a-88ff-6dd105b1db54', '{"action":"token_refreshed","actor_id":"74dffe01-1824-4118-a205-87bace940e3a","actor_name":"Bonjour","actor_username":"c.fallotin@gmail.com","actor_via_sso":false,"log_type":"token"}', '2024-07-01 11:44:12.845407+00', ''),
	('00000000-0000-0000-0000-000000000000', 'd759c16b-9df2-4b98-a35e-a47d7ca86afe', '{"action":"token_revoked","actor_id":"74dffe01-1824-4118-a205-87bace940e3a","actor_name":"Bonjour","actor_username":"c.fallotin@gmail.com","actor_via_sso":false,"log_type":"token"}', '2024-07-01 11:44:12.84749+00', ''),
	('00000000-0000-0000-0000-000000000000', 'd3cf5da5-63a0-4eea-b25a-efacf26c453e', '{"action":"token_refreshed","actor_id":"74dffe01-1824-4118-a205-87bace940e3a","actor_name":"Bonjour","actor_username":"c.fallotin@gmail.com","actor_via_sso":false,"log_type":"token"}', '2024-07-01 23:33:17.318984+00', ''),
	('00000000-0000-0000-0000-000000000000', 'cc611fae-5bf1-43e2-b1b1-f5960a487d61', '{"action":"token_revoked","actor_id":"74dffe01-1824-4118-a205-87bace940e3a","actor_name":"Bonjour","actor_username":"c.fallotin@gmail.com","actor_via_sso":false,"log_type":"token"}', '2024-07-01 23:33:17.333852+00', ''),
	('00000000-0000-0000-0000-000000000000', '76dde0ae-c154-48a2-828a-13de1fa5b8a9', '{"action":"token_refreshed","actor_id":"74dffe01-1824-4118-a205-87bace940e3a","actor_name":"Bonjour","actor_username":"c.fallotin@gmail.com","actor_via_sso":false,"log_type":"token"}', '2024-07-02 07:52:57.963688+00', ''),
	('00000000-0000-0000-0000-000000000000', 'ed4c5535-d7a7-4f19-874b-2199de0c979f', '{"action":"token_revoked","actor_id":"74dffe01-1824-4118-a205-87bace940e3a","actor_name":"Bonjour","actor_username":"c.fallotin@gmail.com","actor_via_sso":false,"log_type":"token"}', '2024-07-02 07:52:57.97069+00', ''),
	('00000000-0000-0000-0000-000000000000', '56b54629-dbea-40ad-a66d-560426f60579', '{"action":"token_refreshed","actor_id":"74dffe01-1824-4118-a205-87bace940e3a","actor_name":"Bonjour","actor_username":"c.fallotin@gmail.com","actor_via_sso":false,"log_type":"token"}', '2024-07-02 22:48:16.122296+00', ''),
	('00000000-0000-0000-0000-000000000000', '0b450953-203d-448b-b0e7-ee539c0f7948', '{"action":"token_revoked","actor_id":"74dffe01-1824-4118-a205-87bace940e3a","actor_name":"Bonjour","actor_username":"c.fallotin@gmail.com","actor_via_sso":false,"log_type":"token"}', '2024-07-02 22:48:16.12814+00', ''),
	('00000000-0000-0000-0000-000000000000', 'db18e44c-cb25-421c-95ff-8c0febfd1270', '{"action":"token_refreshed","actor_id":"74dffe01-1824-4118-a205-87bace940e3a","actor_name":"Bonjour","actor_username":"c.fallotin@gmail.com","actor_via_sso":false,"log_type":"token"}', '2024-07-03 01:30:57.401379+00', ''),
	('00000000-0000-0000-0000-000000000000', '0bb4cfc1-4fd5-4f35-9f08-c91da9b6b594', '{"action":"token_revoked","actor_id":"74dffe01-1824-4118-a205-87bace940e3a","actor_name":"Bonjour","actor_username":"c.fallotin@gmail.com","actor_via_sso":false,"log_type":"token"}', '2024-07-03 01:30:57.404499+00', ''),
	('00000000-0000-0000-0000-000000000000', 'fad12d3f-c326-44b0-bd36-a794d8a55aa6', '{"action":"token_refreshed","actor_id":"76c8cee0-7630-46ea-a697-88d813c1688c","actor_username":"hateleylisa@gmail.com","actor_via_sso":false,"log_type":"token"}', '2024-07-03 03:58:53.287148+00', ''),
	('00000000-0000-0000-0000-000000000000', 'a3f61eb7-e77b-4758-bda4-16eb223e5c22', '{"action":"token_revoked","actor_id":"76c8cee0-7630-46ea-a697-88d813c1688c","actor_username":"hateleylisa@gmail.com","actor_via_sso":false,"log_type":"token"}', '2024-07-03 03:58:53.290178+00', ''),
	('00000000-0000-0000-0000-000000000000', '32d8b226-dfea-42e1-ab2c-8589ad3d7358', '{"action":"token_refreshed","actor_id":"74dffe01-1824-4118-a205-87bace940e3a","actor_name":"Bonjour","actor_username":"c.fallotin@gmail.com","actor_via_sso":false,"log_type":"token"}', '2024-07-03 08:06:46.744452+00', ''),
	('00000000-0000-0000-0000-000000000000', '690ba4ee-3978-4bcd-af6b-612431a1d367', '{"action":"token_revoked","actor_id":"74dffe01-1824-4118-a205-87bace940e3a","actor_name":"Bonjour","actor_username":"c.fallotin@gmail.com","actor_via_sso":false,"log_type":"token"}', '2024-07-03 08:06:46.759358+00', ''),
	('00000000-0000-0000-0000-000000000000', 'ddfc92c3-8dde-4952-b49b-b856f94e40ab', '{"action":"logout","actor_id":"74dffe01-1824-4118-a205-87bace940e3a","actor_name":"Bonjour","actor_username":"c.fallotin@gmail.com","actor_via_sso":false,"log_type":"account"}', '2024-07-03 08:06:50.783071+00', ''),
	('00000000-0000-0000-0000-000000000000', '7e6ee366-c0ed-4448-a6b3-ce324bd033e3', '{"action":"token_refreshed","actor_id":"76c8cee0-7630-46ea-a697-88d813c1688c","actor_username":"hateleylisa@gmail.com","actor_via_sso":false,"log_type":"token"}', '2024-07-03 20:32:10.456959+00', ''),
	('00000000-0000-0000-0000-000000000000', '5ff7c148-edd2-4832-9801-40e8a95e15f9', '{"action":"token_revoked","actor_id":"76c8cee0-7630-46ea-a697-88d813c1688c","actor_username":"hateleylisa@gmail.com","actor_via_sso":false,"log_type":"token"}', '2024-07-03 20:32:10.467713+00', ''),
	('00000000-0000-0000-0000-000000000000', '46e8036c-bb4f-4f2a-a520-e33a70e2965d', '{"action":"login","actor_id":"74dffe01-1824-4118-a205-87bace940e3a","actor_name":"Bonjour","actor_username":"c.fallotin@gmail.com","actor_via_sso":false,"log_type":"account","traits":{"provider":"email"}}', '2024-07-03 20:51:40.79523+00', ''),
	('00000000-0000-0000-0000-000000000000', '7089d3d2-4c70-4adc-b893-ec483ec4c996', '{"action":"token_refreshed","actor_id":"74dffe01-1824-4118-a205-87bace940e3a","actor_name":"Bonjour","actor_username":"c.fallotin@gmail.com","actor_via_sso":false,"log_type":"token"}', '2024-07-04 04:59:26.771163+00', ''),
	('00000000-0000-0000-0000-000000000000', '06956ed9-ea52-45c0-9cbd-50288e8cbcf4', '{"action":"token_revoked","actor_id":"74dffe01-1824-4118-a205-87bace940e3a","actor_name":"Bonjour","actor_username":"c.fallotin@gmail.com","actor_via_sso":false,"log_type":"token"}', '2024-07-04 04:59:26.788398+00', ''),
	('00000000-0000-0000-0000-000000000000', 'c672f293-6a88-4143-be4a-67aac8e26e36', '{"action":"token_refreshed","actor_id":"74dffe01-1824-4118-a205-87bace940e3a","actor_name":"Bonjour","actor_username":"c.fallotin@gmail.com","actor_via_sso":false,"log_type":"token"}', '2024-07-04 23:27:29.747207+00', ''),
	('00000000-0000-0000-0000-000000000000', '83fae7f3-af91-477e-bb60-997d2d80a356', '{"action":"token_revoked","actor_id":"74dffe01-1824-4118-a205-87bace940e3a","actor_name":"Bonjour","actor_username":"c.fallotin@gmail.com","actor_via_sso":false,"log_type":"token"}', '2024-07-04 23:27:29.757724+00', ''),
	('00000000-0000-0000-0000-000000000000', '6aa7699e-6a8b-4d9d-98f6-1c91ace9fa47', '{"action":"token_refreshed","actor_id":"74dffe01-1824-4118-a205-87bace940e3a","actor_name":"Bonjour","actor_username":"c.fallotin@gmail.com","actor_via_sso":false,"log_type":"token"}', '2024-07-05 00:30:24.910395+00', ''),
	('00000000-0000-0000-0000-000000000000', 'aa8f9cb0-a387-448c-8188-b4234c46977a', '{"action":"token_revoked","actor_id":"74dffe01-1824-4118-a205-87bace940e3a","actor_name":"Bonjour","actor_username":"c.fallotin@gmail.com","actor_via_sso":false,"log_type":"token"}', '2024-07-05 00:30:24.912793+00', ''),
	('00000000-0000-0000-0000-000000000000', '7b0ece97-6723-4a15-bf3c-a4ae0a5e708a', '{"action":"token_refreshed","actor_id":"74dffe01-1824-4118-a205-87bace940e3a","actor_name":"Bonjour","actor_username":"c.fallotin@gmail.com","actor_via_sso":false,"log_type":"token"}', '2024-07-05 04:50:45.451702+00', ''),
	('00000000-0000-0000-0000-000000000000', '36750c4c-8658-4917-be67-c04e3a693f50', '{"action":"token_revoked","actor_id":"74dffe01-1824-4118-a205-87bace940e3a","actor_name":"Bonjour","actor_username":"c.fallotin@gmail.com","actor_via_sso":false,"log_type":"token"}', '2024-07-05 04:50:45.454123+00', ''),
	('00000000-0000-0000-0000-000000000000', '4c2825ea-86eb-4f05-a264-be03576766f0', '{"action":"token_refreshed","actor_id":"74dffe01-1824-4118-a205-87bace940e3a","actor_name":"Bonjour","actor_username":"c.fallotin@gmail.com","actor_via_sso":false,"log_type":"token"}', '2024-07-06 00:16:30.336282+00', ''),
	('00000000-0000-0000-0000-000000000000', '73215285-8bfd-4653-8a33-497d05f0a5c6', '{"action":"token_revoked","actor_id":"74dffe01-1824-4118-a205-87bace940e3a","actor_name":"Bonjour","actor_username":"c.fallotin@gmail.com","actor_via_sso":false,"log_type":"token"}', '2024-07-06 00:16:30.349651+00', ''),
	('00000000-0000-0000-0000-000000000000', '478f3787-dbda-41c1-ac72-be557d3ab30f', '{"action":"login","actor_id":"74dffe01-1824-4118-a205-87bace940e3a","actor_name":"Bonjour","actor_username":"c.fallotin@gmail.com","actor_via_sso":false,"log_type":"account","traits":{"provider":"email"}}', '2024-07-06 08:57:50.884269+00', ''),
	('00000000-0000-0000-0000-000000000000', '3fb65260-72a4-4e35-a257-4fb30ec9ce61', '{"action":"token_refreshed","actor_id":"74dffe01-1824-4118-a205-87bace940e3a","actor_name":"Bonjour","actor_username":"c.fallotin@gmail.com","actor_via_sso":false,"log_type":"token"}', '2024-07-06 09:56:00.784049+00', ''),
	('00000000-0000-0000-0000-000000000000', '51004a49-12f9-4e6f-b694-f49718d1bbe2', '{"action":"token_revoked","actor_id":"74dffe01-1824-4118-a205-87bace940e3a","actor_name":"Bonjour","actor_username":"c.fallotin@gmail.com","actor_via_sso":false,"log_type":"token"}', '2024-07-06 09:56:00.790022+00', ''),
	('00000000-0000-0000-0000-000000000000', '9b196719-bd3f-46f8-a4c5-a5bbb83c4090', '{"action":"token_refreshed","actor_id":"74dffe01-1824-4118-a205-87bace940e3a","actor_name":"Bonjour","actor_username":"c.fallotin@gmail.com","actor_via_sso":false,"log_type":"token"}', '2024-07-06 10:54:02.632966+00', ''),
	('00000000-0000-0000-0000-000000000000', '3cc14034-327d-466a-b79c-79382104e654', '{"action":"token_revoked","actor_id":"74dffe01-1824-4118-a205-87bace940e3a","actor_name":"Bonjour","actor_username":"c.fallotin@gmail.com","actor_via_sso":false,"log_type":"token"}', '2024-07-06 10:54:02.638478+00', ''),
	('00000000-0000-0000-0000-000000000000', '670fed52-399d-4527-8327-e93d970853ff', '{"action":"token_refreshed","actor_id":"74dffe01-1824-4118-a205-87bace940e3a","actor_name":"Bonjour","actor_username":"c.fallotin@gmail.com","actor_via_sso":false,"log_type":"token"}', '2024-07-06 13:12:49.073034+00', ''),
	('00000000-0000-0000-0000-000000000000', '48a60ecd-afd3-44c2-8cb5-980c7861d965', '{"action":"token_revoked","actor_id":"74dffe01-1824-4118-a205-87bace940e3a","actor_name":"Bonjour","actor_username":"c.fallotin@gmail.com","actor_via_sso":false,"log_type":"token"}', '2024-07-06 13:12:49.076925+00', ''),
	('00000000-0000-0000-0000-000000000000', 'ec9df232-8fe6-43db-b12a-0a80c5e4ce94', '{"action":"token_refreshed","actor_id":"74dffe01-1824-4118-a205-87bace940e3a","actor_name":"Bonjour","actor_username":"c.fallotin@gmail.com","actor_via_sso":false,"log_type":"token"}', '2024-07-06 22:24:30.070234+00', ''),
	('00000000-0000-0000-0000-000000000000', '3e928cf5-26ab-40c2-a934-159ec56c60e3', '{"action":"token_revoked","actor_id":"74dffe01-1824-4118-a205-87bace940e3a","actor_name":"Bonjour","actor_username":"c.fallotin@gmail.com","actor_via_sso":false,"log_type":"token"}', '2024-07-06 22:24:30.07411+00', ''),
	('00000000-0000-0000-0000-000000000000', '29054099-5706-4167-9c20-a133a5ed893e', '{"action":"token_refreshed","actor_id":"74dffe01-1824-4118-a205-87bace940e3a","actor_name":"Bonjour","actor_username":"c.fallotin@gmail.com","actor_via_sso":false,"log_type":"token"}', '2024-07-07 05:45:17.31235+00', ''),
	('00000000-0000-0000-0000-000000000000', '8a0537e2-5e50-4c6b-a4da-2673744fbb6f', '{"action":"token_revoked","actor_id":"74dffe01-1824-4118-a205-87bace940e3a","actor_name":"Bonjour","actor_username":"c.fallotin@gmail.com","actor_via_sso":false,"log_type":"token"}', '2024-07-07 05:45:17.326804+00', ''),
	('00000000-0000-0000-0000-000000000000', 'c7992a2d-0f5a-4907-bb3e-03ef7ddf87f4', '{"action":"token_refreshed","actor_id":"74dffe01-1824-4118-a205-87bace940e3a","actor_name":"Bonjour","actor_username":"c.fallotin@gmail.com","actor_via_sso":false,"log_type":"token"}', '2024-07-07 10:22:24.301878+00', ''),
	('00000000-0000-0000-0000-000000000000', '0000a8f8-2f73-4b0b-8fe4-1ea345774b8c', '{"action":"token_revoked","actor_id":"74dffe01-1824-4118-a205-87bace940e3a","actor_name":"Bonjour","actor_username":"c.fallotin@gmail.com","actor_via_sso":false,"log_type":"token"}', '2024-07-07 10:22:24.314294+00', ''),
	('00000000-0000-0000-0000-000000000000', 'e1543c6d-9ccc-4c4a-80a9-25ba2c9d33eb', '{"action":"token_refreshed","actor_id":"74dffe01-1824-4118-a205-87bace940e3a","actor_name":"Bonjour","actor_username":"c.fallotin@gmail.com","actor_via_sso":false,"log_type":"token"}', '2024-07-07 14:47:04.391038+00', ''),
	('00000000-0000-0000-0000-000000000000', '3ac35125-c476-4017-8f42-be84226c1107', '{"action":"token_revoked","actor_id":"74dffe01-1824-4118-a205-87bace940e3a","actor_name":"Bonjour","actor_username":"c.fallotin@gmail.com","actor_via_sso":false,"log_type":"token"}', '2024-07-07 14:47:04.393837+00', ''),
	('00000000-0000-0000-0000-000000000000', 'd4b800f8-66ae-4912-bab6-0b0984b5aa2b', '{"action":"token_refreshed","actor_id":"76c8cee0-7630-46ea-a697-88d813c1688c","actor_username":"hateleylisa@gmail.com","actor_via_sso":false,"log_type":"token"}', '2024-07-08 04:15:23.390063+00', ''),
	('00000000-0000-0000-0000-000000000000', '1360edab-3473-4081-ad8f-3973012da725', '{"action":"token_revoked","actor_id":"76c8cee0-7630-46ea-a697-88d813c1688c","actor_username":"hateleylisa@gmail.com","actor_via_sso":false,"log_type":"token"}', '2024-07-08 04:15:23.40106+00', ''),
	('00000000-0000-0000-0000-000000000000', '22620b3c-d7ce-4ffe-ba3e-9b3ea185cee3', '{"action":"token_refreshed","actor_id":"74dffe01-1824-4118-a205-87bace940e3a","actor_name":"Bonjour","actor_username":"c.fallotin@gmail.com","actor_via_sso":false,"log_type":"token"}', '2024-07-08 04:22:41.087156+00', ''),
	('00000000-0000-0000-0000-000000000000', '830fd6ab-5b07-4f90-a0d3-24f237c0c7fc', '{"action":"token_revoked","actor_id":"74dffe01-1824-4118-a205-87bace940e3a","actor_name":"Bonjour","actor_username":"c.fallotin@gmail.com","actor_via_sso":false,"log_type":"token"}', '2024-07-08 04:22:41.08985+00', ''),
	('00000000-0000-0000-0000-000000000000', 'dd46ff53-d8c4-4cf8-b617-3422b7b3df22', '{"action":"token_refreshed","actor_id":"76c8cee0-7630-46ea-a697-88d813c1688c","actor_username":"hateleylisa@gmail.com","actor_via_sso":false,"log_type":"token"}', '2024-07-08 05:21:12.481272+00', ''),
	('00000000-0000-0000-0000-000000000000', 'ebf24bd5-3b45-4b0a-ab96-e3ecbf39e15c', '{"action":"token_revoked","actor_id":"76c8cee0-7630-46ea-a697-88d813c1688c","actor_username":"hateleylisa@gmail.com","actor_via_sso":false,"log_type":"token"}', '2024-07-08 05:21:12.48497+00', ''),
	('00000000-0000-0000-0000-000000000000', 'a49782cb-613c-46bb-8451-4c40dd83be33', '{"action":"token_refreshed","actor_id":"74dffe01-1824-4118-a205-87bace940e3a","actor_name":"Bonjour","actor_username":"c.fallotin@gmail.com","actor_via_sso":false,"log_type":"token"}', '2024-07-08 11:06:02.308925+00', ''),
	('00000000-0000-0000-0000-000000000000', '91eb9a51-3e8f-4e8f-ba0b-3447f59db795', '{"action":"token_revoked","actor_id":"74dffe01-1824-4118-a205-87bace940e3a","actor_name":"Bonjour","actor_username":"c.fallotin@gmail.com","actor_via_sso":false,"log_type":"token"}', '2024-07-08 11:06:02.313808+00', ''),
	('00000000-0000-0000-0000-000000000000', '993bea75-75fb-4751-b937-b6bb3f29b8fd', '{"action":"token_refreshed","actor_id":"74dffe01-1824-4118-a205-87bace940e3a","actor_name":"Bonjour","actor_username":"c.fallotin@gmail.com","actor_via_sso":false,"log_type":"token"}', '2024-07-08 16:00:18.76749+00', ''),
	('00000000-0000-0000-0000-000000000000', '1dec08f4-b5d8-4ed0-96fd-88b0b891cc5d', '{"action":"token_revoked","actor_id":"74dffe01-1824-4118-a205-87bace940e3a","actor_name":"Bonjour","actor_username":"c.fallotin@gmail.com","actor_via_sso":false,"log_type":"token"}', '2024-07-08 16:00:18.769398+00', ''),
	('00000000-0000-0000-0000-000000000000', '41bd9fd5-c67c-4ef1-8c71-cadb2f839fd3', '{"action":"token_refreshed","actor_id":"74dffe01-1824-4118-a205-87bace940e3a","actor_name":"Bonjour","actor_username":"c.fallotin@gmail.com","actor_via_sso":false,"log_type":"token"}', '2024-07-08 23:02:45.830342+00', ''),
	('00000000-0000-0000-0000-000000000000', '592d4c3a-8f43-43d0-bcc3-e415a6d1bc80', '{"action":"token_revoked","actor_id":"74dffe01-1824-4118-a205-87bace940e3a","actor_name":"Bonjour","actor_username":"c.fallotin@gmail.com","actor_via_sso":false,"log_type":"token"}', '2024-07-08 23:02:45.837504+00', ''),
	('00000000-0000-0000-0000-000000000000', '56b4a154-6d76-45f0-aa2a-ce4a2e8b4f26', '{"action":"token_refreshed","actor_id":"74dffe01-1824-4118-a205-87bace940e3a","actor_name":"Bonjour","actor_username":"c.fallotin@gmail.com","actor_via_sso":false,"log_type":"token"}', '2024-07-09 01:19:33.654443+00', ''),
	('00000000-0000-0000-0000-000000000000', '264990ba-c384-42a7-b07d-2eab8ef67aab', '{"action":"token_revoked","actor_id":"74dffe01-1824-4118-a205-87bace940e3a","actor_name":"Bonjour","actor_username":"c.fallotin@gmail.com","actor_via_sso":false,"log_type":"token"}', '2024-07-09 01:19:33.657245+00', ''),
	('00000000-0000-0000-0000-000000000000', '2d260d11-0c0d-440e-8bff-13a28bc8cec4', '{"action":"token_refreshed","actor_id":"74dffe01-1824-4118-a205-87bace940e3a","actor_name":"Bonjour","actor_username":"c.fallotin@gmail.com","actor_via_sso":false,"log_type":"token"}', '2024-07-09 02:17:34.027373+00', ''),
	('00000000-0000-0000-0000-000000000000', 'cdd06c92-df47-4cf5-b954-574db45ef048', '{"action":"token_revoked","actor_id":"74dffe01-1824-4118-a205-87bace940e3a","actor_name":"Bonjour","actor_username":"c.fallotin@gmail.com","actor_via_sso":false,"log_type":"token"}', '2024-07-09 02:17:34.029552+00', ''),
	('00000000-0000-0000-0000-000000000000', '292b4700-784e-482b-9ec0-a34cd43e0c2f', '{"action":"token_refreshed","actor_id":"74dffe01-1824-4118-a205-87bace940e3a","actor_name":"Bonjour","actor_username":"c.fallotin@gmail.com","actor_via_sso":false,"log_type":"token"}', '2024-07-09 03:35:42.856636+00', ''),
	('00000000-0000-0000-0000-000000000000', '43465184-a8a8-440e-9aec-1e2ec05afb50', '{"action":"token_revoked","actor_id":"74dffe01-1824-4118-a205-87bace940e3a","actor_name":"Bonjour","actor_username":"c.fallotin@gmail.com","actor_via_sso":false,"log_type":"token"}', '2024-07-09 03:35:42.85982+00', ''),
	('00000000-0000-0000-0000-000000000000', '0868e7d3-0a24-4a54-9493-074b01ed96fa', '{"action":"token_refreshed","actor_id":"76c8cee0-7630-46ea-a697-88d813c1688c","actor_username":"hateleylisa@gmail.com","actor_via_sso":false,"log_type":"token"}', '2024-07-09 03:45:09.781494+00', ''),
	('00000000-0000-0000-0000-000000000000', 'c275a22b-8a2c-4a0c-9f79-0fa203189e17', '{"action":"token_revoked","actor_id":"76c8cee0-7630-46ea-a697-88d813c1688c","actor_username":"hateleylisa@gmail.com","actor_via_sso":false,"log_type":"token"}', '2024-07-09 03:45:09.784562+00', ''),
	('00000000-0000-0000-0000-000000000000', 'd52d2c48-8911-4ff8-b294-1f0c0e50795b', '{"action":"token_refreshed","actor_id":"74dffe01-1824-4118-a205-87bace940e3a","actor_name":"Bonjour","actor_username":"c.fallotin@gmail.com","actor_via_sso":false,"log_type":"token"}', '2024-07-09 04:18:32.086453+00', ''),
	('00000000-0000-0000-0000-000000000000', '4df93240-e6b8-49ca-a708-5caf9a150d93', '{"action":"token_revoked","actor_id":"74dffe01-1824-4118-a205-87bace940e3a","actor_name":"Bonjour","actor_username":"c.fallotin@gmail.com","actor_via_sso":false,"log_type":"token"}', '2024-07-09 04:18:32.088458+00', ''),
	('00000000-0000-0000-0000-000000000000', '0c2b1709-dfd1-42bc-8f9f-2254561a7dd6', '{"action":"token_refreshed","actor_id":"74dffe01-1824-4118-a205-87bace940e3a","actor_name":"Bonjour","actor_username":"c.fallotin@gmail.com","actor_via_sso":false,"log_type":"token"}', '2024-07-09 11:13:15.196575+00', ''),
	('00000000-0000-0000-0000-000000000000', '74d0f6e7-5432-412c-8137-ca6317c49ff5', '{"action":"token_revoked","actor_id":"74dffe01-1824-4118-a205-87bace940e3a","actor_name":"Bonjour","actor_username":"c.fallotin@gmail.com","actor_via_sso":false,"log_type":"token"}', '2024-07-09 11:13:15.205049+00', ''),
	('00000000-0000-0000-0000-000000000000', '954d00fa-ef5a-44dc-96c0-3477b26733d6', '{"action":"token_refreshed","actor_id":"74dffe01-1824-4118-a205-87bace940e3a","actor_name":"Bonjour","actor_username":"c.fallotin@gmail.com","actor_via_sso":false,"log_type":"token"}', '2024-07-10 00:52:10.295135+00', ''),
	('00000000-0000-0000-0000-000000000000', '8b3d4592-0285-419b-a04d-7f590609305f', '{"action":"token_revoked","actor_id":"74dffe01-1824-4118-a205-87bace940e3a","actor_name":"Bonjour","actor_username":"c.fallotin@gmail.com","actor_via_sso":false,"log_type":"token"}', '2024-07-10 00:52:10.298673+00', ''),
	('00000000-0000-0000-0000-000000000000', '6c4e20d2-1911-4c1a-b6af-30bd64d89efc', '{"action":"token_refreshed","actor_id":"74dffe01-1824-4118-a205-87bace940e3a","actor_name":"Bonjour","actor_username":"c.fallotin@gmail.com","actor_via_sso":false,"log_type":"token"}', '2024-07-10 02:22:40.170021+00', ''),
	('00000000-0000-0000-0000-000000000000', '6d6483d2-5ee3-489b-bb29-e171c5c4d0bf', '{"action":"token_revoked","actor_id":"74dffe01-1824-4118-a205-87bace940e3a","actor_name":"Bonjour","actor_username":"c.fallotin@gmail.com","actor_via_sso":false,"log_type":"token"}', '2024-07-10 02:22:40.173275+00', ''),
	('00000000-0000-0000-0000-000000000000', '61ae3283-2b42-4cc3-8f4a-447e6df955ed', '{"action":"token_refreshed","actor_id":"76c8cee0-7630-46ea-a697-88d813c1688c","actor_username":"hateleylisa@gmail.com","actor_via_sso":false,"log_type":"token"}', '2024-07-10 06:06:44.647489+00', ''),
	('00000000-0000-0000-0000-000000000000', 'beca6022-4cad-467f-a2fb-f80f6bc0cd97', '{"action":"token_revoked","actor_id":"76c8cee0-7630-46ea-a697-88d813c1688c","actor_username":"hateleylisa@gmail.com","actor_via_sso":false,"log_type":"token"}', '2024-07-10 06:06:44.651245+00', ''),
	('00000000-0000-0000-0000-000000000000', '58a39e3b-297a-4019-871d-9d1d158d2270', '{"action":"token_refreshed","actor_id":"74dffe01-1824-4118-a205-87bace940e3a","actor_name":"Bonjour","actor_username":"c.fallotin@gmail.com","actor_via_sso":false,"log_type":"token"}', '2024-07-10 06:56:13.670979+00', ''),
	('00000000-0000-0000-0000-000000000000', '84f196e0-af15-4640-a854-b10fa91383cc', '{"action":"token_revoked","actor_id":"74dffe01-1824-4118-a205-87bace940e3a","actor_name":"Bonjour","actor_username":"c.fallotin@gmail.com","actor_via_sso":false,"log_type":"token"}', '2024-07-10 06:56:13.673489+00', ''),
	('00000000-0000-0000-0000-000000000000', '0b2930b3-41d5-4ca8-86b0-862537a0d506', '{"action":"token_refreshed","actor_id":"74dffe01-1824-4118-a205-87bace940e3a","actor_name":"Bonjour","actor_username":"c.fallotin@gmail.com","actor_via_sso":false,"log_type":"token"}', '2024-07-10 08:12:11.311688+00', ''),
	('00000000-0000-0000-0000-000000000000', '10926914-b6d4-40db-9be4-74d528b4b69c', '{"action":"token_revoked","actor_id":"74dffe01-1824-4118-a205-87bace940e3a","actor_name":"Bonjour","actor_username":"c.fallotin@gmail.com","actor_via_sso":false,"log_type":"token"}', '2024-07-10 08:12:11.316879+00', ''),
	('00000000-0000-0000-0000-000000000000', 'a03c2d97-7037-41c6-81c5-2fa1a6473b41', '{"action":"token_refreshed","actor_id":"74dffe01-1824-4118-a205-87bace940e3a","actor_name":"Bonjour","actor_username":"c.fallotin@gmail.com","actor_via_sso":false,"log_type":"token"}', '2024-07-10 08:27:09.085371+00', ''),
	('00000000-0000-0000-0000-000000000000', 'a7bfcf80-a014-4adb-a276-91493d4f34db', '{"action":"token_revoked","actor_id":"74dffe01-1824-4118-a205-87bace940e3a","actor_name":"Bonjour","actor_username":"c.fallotin@gmail.com","actor_via_sso":false,"log_type":"token"}', '2024-07-10 08:27:09.088065+00', ''),
	('00000000-0000-0000-0000-000000000000', 'af81c305-133e-4dad-828b-d7273073c3e7', '{"action":"token_refreshed","actor_id":"74dffe01-1824-4118-a205-87bace940e3a","actor_name":"Bonjour","actor_username":"c.fallotin@gmail.com","actor_via_sso":false,"log_type":"token"}', '2024-07-10 09:25:22.161016+00', ''),
	('00000000-0000-0000-0000-000000000000', 'd9b5f486-68b8-471b-9f34-cb423ce15af9', '{"action":"token_revoked","actor_id":"74dffe01-1824-4118-a205-87bace940e3a","actor_name":"Bonjour","actor_username":"c.fallotin@gmail.com","actor_via_sso":false,"log_type":"token"}', '2024-07-10 09:25:22.163857+00', ''),
	('00000000-0000-0000-0000-000000000000', '94a2b9bb-9d44-4a4c-a329-edc8bc12fcec', '{"action":"token_refreshed","actor_id":"74dffe01-1824-4118-a205-87bace940e3a","actor_name":"Bonjour","actor_username":"c.fallotin@gmail.com","actor_via_sso":false,"log_type":"token"}', '2024-07-10 09:37:35.888339+00', ''),
	('00000000-0000-0000-0000-000000000000', 'c8dd27b9-caeb-42db-8765-6299c978c3a7', '{"action":"token_revoked","actor_id":"74dffe01-1824-4118-a205-87bace940e3a","actor_name":"Bonjour","actor_username":"c.fallotin@gmail.com","actor_via_sso":false,"log_type":"token"}', '2024-07-10 09:37:35.891926+00', ''),
	('00000000-0000-0000-0000-000000000000', '9ced1c72-de12-4511-90a6-dfb6f55f6865', '{"action":"token_refreshed","actor_id":"74dffe01-1824-4118-a205-87bace940e3a","actor_name":"Bonjour","actor_username":"c.fallotin@gmail.com","actor_via_sso":false,"log_type":"token"}', '2024-07-10 12:01:17.104746+00', ''),
	('00000000-0000-0000-0000-000000000000', 'c7cc6dc5-a298-4701-93b0-436d2029852c', '{"action":"token_revoked","actor_id":"74dffe01-1824-4118-a205-87bace940e3a","actor_name":"Bonjour","actor_username":"c.fallotin@gmail.com","actor_via_sso":false,"log_type":"token"}', '2024-07-10 12:01:17.108218+00', ''),
	('00000000-0000-0000-0000-000000000000', '3041df79-0288-4d48-9e05-bd3073a48073', '{"action":"token_refreshed","actor_id":"74dffe01-1824-4118-a205-87bace940e3a","actor_name":"Bonjour","actor_username":"c.fallotin@gmail.com","actor_via_sso":false,"log_type":"token"}', '2024-07-10 20:16:51.470413+00', ''),
	('00000000-0000-0000-0000-000000000000', '39328a75-6195-4a51-83d0-4ba3451cbf7e', '{"action":"token_revoked","actor_id":"74dffe01-1824-4118-a205-87bace940e3a","actor_name":"Bonjour","actor_username":"c.fallotin@gmail.com","actor_via_sso":false,"log_type":"token"}', '2024-07-10 20:16:51.482553+00', ''),
	('00000000-0000-0000-0000-000000000000', '7d1a96ca-23d0-4979-b130-1d831e783a95', '{"action":"token_refreshed","actor_id":"74dffe01-1824-4118-a205-87bace940e3a","actor_name":"Bonjour","actor_username":"c.fallotin@gmail.com","actor_via_sso":false,"log_type":"token"}', '2024-07-11 03:17:48.173113+00', ''),
	('00000000-0000-0000-0000-000000000000', '0c238871-c494-4f61-88ca-fbabae75add7', '{"action":"token_revoked","actor_id":"74dffe01-1824-4118-a205-87bace940e3a","actor_name":"Bonjour","actor_username":"c.fallotin@gmail.com","actor_via_sso":false,"log_type":"token"}', '2024-07-11 03:17:48.18177+00', ''),
	('00000000-0000-0000-0000-000000000000', '5c9972f3-c460-45ad-96de-1e9f8bd1e812', '{"action":"token_refreshed","actor_id":"74dffe01-1824-4118-a205-87bace940e3a","actor_name":"Bonjour","actor_username":"c.fallotin@gmail.com","actor_via_sso":false,"log_type":"token"}', '2024-07-11 06:32:04.604692+00', ''),
	('00000000-0000-0000-0000-000000000000', '4ecfbfcf-25b0-4f17-a5e2-1efcac3b9f27', '{"action":"token_revoked","actor_id":"74dffe01-1824-4118-a205-87bace940e3a","actor_name":"Bonjour","actor_username":"c.fallotin@gmail.com","actor_via_sso":false,"log_type":"token"}', '2024-07-11 06:32:04.607398+00', ''),
	('00000000-0000-0000-0000-000000000000', '776412f5-9e87-4e2b-9025-280d5467af01', '{"action":"token_refreshed","actor_id":"74dffe01-1824-4118-a205-87bace940e3a","actor_name":"Bonjour","actor_username":"c.fallotin@gmail.com","actor_via_sso":false,"log_type":"token"}', '2024-07-11 07:36:10.997782+00', ''),
	('00000000-0000-0000-0000-000000000000', 'e5ed1c47-3e06-41b2-8744-8f4f38666e9d', '{"action":"token_revoked","actor_id":"74dffe01-1824-4118-a205-87bace940e3a","actor_name":"Bonjour","actor_username":"c.fallotin@gmail.com","actor_via_sso":false,"log_type":"token"}', '2024-07-11 07:36:11.005312+00', ''),
	('00000000-0000-0000-0000-000000000000', 'e4cdd487-ae47-43b9-a915-b3588a7dd6f8', '{"action":"token_refreshed","actor_id":"74dffe01-1824-4118-a205-87bace940e3a","actor_name":"Bonjour","actor_username":"c.fallotin@gmail.com","actor_via_sso":false,"log_type":"token"}', '2024-07-11 09:40:36.593885+00', ''),
	('00000000-0000-0000-0000-000000000000', 'eb497fd1-3510-47eb-abbb-5108a3987c0f', '{"action":"token_revoked","actor_id":"74dffe01-1824-4118-a205-87bace940e3a","actor_name":"Bonjour","actor_username":"c.fallotin@gmail.com","actor_via_sso":false,"log_type":"token"}', '2024-07-11 09:40:36.595097+00', ''),
	('00000000-0000-0000-0000-000000000000', 'b5d00639-15b9-4241-b0cc-b9d4c7a5ddf0', '{"action":"token_refreshed","actor_id":"74dffe01-1824-4118-a205-87bace940e3a","actor_name":"Bonjour","actor_username":"c.fallotin@gmail.com","actor_via_sso":false,"log_type":"token"}', '2024-07-11 10:15:20.634924+00', ''),
	('00000000-0000-0000-0000-000000000000', '36cec45b-fe1a-4c91-885c-5d716dc39ee2', '{"action":"token_revoked","actor_id":"74dffe01-1824-4118-a205-87bace940e3a","actor_name":"Bonjour","actor_username":"c.fallotin@gmail.com","actor_via_sso":false,"log_type":"token"}', '2024-07-11 10:15:20.639955+00', ''),
	('00000000-0000-0000-0000-000000000000', '9ad99310-f8df-4f26-85ff-c0586dfd6146', '{"action":"token_refreshed","actor_id":"76c8cee0-7630-46ea-a697-88d813c1688c","actor_username":"hateleylisa@gmail.com","actor_via_sso":false,"log_type":"token"}', '2024-07-11 10:15:22.449883+00', ''),
	('00000000-0000-0000-0000-000000000000', '85a1c3dc-6070-4a59-af04-99ca31cf9fbb', '{"action":"token_revoked","actor_id":"76c8cee0-7630-46ea-a697-88d813c1688c","actor_username":"hateleylisa@gmail.com","actor_via_sso":false,"log_type":"token"}', '2024-07-11 10:15:22.451224+00', ''),
	('00000000-0000-0000-0000-000000000000', 'f14880de-4128-4bab-abe6-79ddea3dcd4f', '{"action":"token_refreshed","actor_id":"74dffe01-1824-4118-a205-87bace940e3a","actor_name":"Bonjour","actor_username":"c.fallotin@gmail.com","actor_via_sso":false,"log_type":"token"}', '2024-07-11 10:38:44.116851+00', ''),
	('00000000-0000-0000-0000-000000000000', '9c01013b-ff27-483a-a522-87f8dbe3a1cc', '{"action":"token_revoked","actor_id":"74dffe01-1824-4118-a205-87bace940e3a","actor_name":"Bonjour","actor_username":"c.fallotin@gmail.com","actor_via_sso":false,"log_type":"token"}', '2024-07-11 10:38:44.119347+00', ''),
	('00000000-0000-0000-0000-000000000000', 'b8a1af27-0398-4266-928c-5bcf3881b78b', '{"action":"token_refreshed","actor_id":"74dffe01-1824-4118-a205-87bace940e3a","actor_name":"Bonjour","actor_username":"c.fallotin@gmail.com","actor_via_sso":false,"log_type":"token"}', '2024-07-11 11:36:47.228233+00', ''),
	('00000000-0000-0000-0000-000000000000', '1a8be706-9c45-4623-8af5-52307d422ec6', '{"action":"token_revoked","actor_id":"74dffe01-1824-4118-a205-87bace940e3a","actor_name":"Bonjour","actor_username":"c.fallotin@gmail.com","actor_via_sso":false,"log_type":"token"}', '2024-07-11 11:36:47.231133+00', ''),
	('00000000-0000-0000-0000-000000000000', '813101d4-96a6-4e03-b2ed-b05b43e8ced0', '{"action":"token_refreshed","actor_id":"74dffe01-1824-4118-a205-87bace940e3a","actor_name":"Bonjour","actor_username":"c.fallotin@gmail.com","actor_via_sso":false,"log_type":"token"}', '2024-07-11 12:00:52.887808+00', ''),
	('00000000-0000-0000-0000-000000000000', '5ae0d1be-9328-4f19-bf21-5875ae9df942', '{"action":"token_revoked","actor_id":"74dffe01-1824-4118-a205-87bace940e3a","actor_name":"Bonjour","actor_username":"c.fallotin@gmail.com","actor_via_sso":false,"log_type":"token"}', '2024-07-11 12:00:52.890219+00', ''),
	('00000000-0000-0000-0000-000000000000', 'c7c50859-409a-4def-9b04-30e5c852038d', '{"action":"token_refreshed","actor_id":"74dffe01-1824-4118-a205-87bace940e3a","actor_name":"Bonjour","actor_username":"c.fallotin@gmail.com","actor_via_sso":false,"log_type":"token"}', '2024-07-11 12:34:48.902942+00', ''),
	('00000000-0000-0000-0000-000000000000', 'bb69fae2-b180-4fed-9e97-498b1ae6cc38', '{"action":"token_revoked","actor_id":"74dffe01-1824-4118-a205-87bace940e3a","actor_name":"Bonjour","actor_username":"c.fallotin@gmail.com","actor_via_sso":false,"log_type":"token"}', '2024-07-11 12:34:48.90533+00', ''),
	('00000000-0000-0000-0000-000000000000', '739af322-ff01-4c4e-9f14-7a2f1098c232', '{"action":"token_refreshed","actor_id":"74dffe01-1824-4118-a205-87bace940e3a","actor_name":"Bonjour","actor_username":"c.fallotin@gmail.com","actor_via_sso":false,"log_type":"token"}', '2024-07-11 23:03:09.022815+00', ''),
	('00000000-0000-0000-0000-000000000000', 'e93c890b-b4d8-4c36-8dc7-37c32c2f3584', '{"action":"token_revoked","actor_id":"74dffe01-1824-4118-a205-87bace940e3a","actor_name":"Bonjour","actor_username":"c.fallotin@gmail.com","actor_via_sso":false,"log_type":"token"}', '2024-07-11 23:03:09.034221+00', ''),
	('00000000-0000-0000-0000-000000000000', '18288526-3f16-4c83-962b-5a01683e3ac3', '{"action":"token_refreshed","actor_id":"74dffe01-1824-4118-a205-87bace940e3a","actor_name":"Bonjour","actor_username":"c.fallotin@gmail.com","actor_via_sso":false,"log_type":"token"}', '2024-07-12 00:36:46.836799+00', ''),
	('00000000-0000-0000-0000-000000000000', '728eb26a-a6bc-4fba-a4b6-0b7fb317c1af', '{"action":"token_revoked","actor_id":"74dffe01-1824-4118-a205-87bace940e3a","actor_name":"Bonjour","actor_username":"c.fallotin@gmail.com","actor_via_sso":false,"log_type":"token"}', '2024-07-12 00:36:46.839336+00', ''),
	('00000000-0000-0000-0000-000000000000', '8c68e9d9-b655-48a4-bf6c-33cf63a6b695', '{"action":"token_refreshed","actor_id":"74dffe01-1824-4118-a205-87bace940e3a","actor_name":"Bonjour","actor_username":"c.fallotin@gmail.com","actor_via_sso":false,"log_type":"token"}', '2024-07-12 02:41:05.279582+00', ''),
	('00000000-0000-0000-0000-000000000000', '939a241a-b6ce-4f42-bc70-ca1ba353d264', '{"action":"token_revoked","actor_id":"74dffe01-1824-4118-a205-87bace940e3a","actor_name":"Bonjour","actor_username":"c.fallotin@gmail.com","actor_via_sso":false,"log_type":"token"}', '2024-07-12 02:41:05.285017+00', ''),
	('00000000-0000-0000-0000-000000000000', 'd9cd2225-af14-4f64-9374-12bdaf9f09e2', '{"action":"token_refreshed","actor_id":"74dffe01-1824-4118-a205-87bace940e3a","actor_name":"Bonjour","actor_username":"c.fallotin@gmail.com","actor_via_sso":false,"log_type":"token"}', '2024-07-13 02:29:19.671122+00', ''),
	('00000000-0000-0000-0000-000000000000', 'c0e0a27a-79a1-4a2e-8fc3-cb5426123b44', '{"action":"token_revoked","actor_id":"74dffe01-1824-4118-a205-87bace940e3a","actor_name":"Bonjour","actor_username":"c.fallotin@gmail.com","actor_via_sso":false,"log_type":"token"}', '2024-07-13 02:29:19.679746+00', ''),
	('00000000-0000-0000-0000-000000000000', '28d0681e-98f3-4589-9cdd-10156e17dbb8', '{"action":"token_refreshed","actor_id":"74dffe01-1824-4118-a205-87bace940e3a","actor_name":"Bonjour","actor_username":"c.fallotin@gmail.com","actor_via_sso":false,"log_type":"token"}', '2024-07-13 06:12:52.549996+00', ''),
	('00000000-0000-0000-0000-000000000000', '4e27dbca-89bb-4bad-9c2d-ce1e378686db', '{"action":"token_revoked","actor_id":"74dffe01-1824-4118-a205-87bace940e3a","actor_name":"Bonjour","actor_username":"c.fallotin@gmail.com","actor_via_sso":false,"log_type":"token"}', '2024-07-13 06:12:52.553778+00', ''),
	('00000000-0000-0000-0000-000000000000', '11342461-2c4b-4d82-b17e-920c4cd4730e', '{"action":"token_refreshed","actor_id":"74dffe01-1824-4118-a205-87bace940e3a","actor_name":"Bonjour","actor_username":"c.fallotin@gmail.com","actor_via_sso":false,"log_type":"token"}', '2024-07-13 07:11:09.398405+00', ''),
	('00000000-0000-0000-0000-000000000000', '1f4dcdd9-f042-493d-aab6-e20b5f469367', '{"action":"token_revoked","actor_id":"74dffe01-1824-4118-a205-87bace940e3a","actor_name":"Bonjour","actor_username":"c.fallotin@gmail.com","actor_via_sso":false,"log_type":"token"}', '2024-07-13 07:11:09.403675+00', ''),
	('00000000-0000-0000-0000-000000000000', '54219491-861a-470c-a4d8-e06d47732623', '{"action":"token_refreshed","actor_id":"74dffe01-1824-4118-a205-87bace940e3a","actor_name":"Bonjour","actor_username":"c.fallotin@gmail.com","actor_via_sso":false,"log_type":"token"}', '2024-07-13 07:22:32.925928+00', ''),
	('00000000-0000-0000-0000-000000000000', '5eead6bb-b1c0-4912-ad6a-5055e31a17be', '{"action":"token_revoked","actor_id":"74dffe01-1824-4118-a205-87bace940e3a","actor_name":"Bonjour","actor_username":"c.fallotin@gmail.com","actor_via_sso":false,"log_type":"token"}', '2024-07-13 07:22:32.929326+00', ''),
	('00000000-0000-0000-0000-000000000000', '91393848-20d3-4ea3-a906-eebb0bd15656', '{"action":"token_refreshed","actor_id":"74dffe01-1824-4118-a205-87bace940e3a","actor_name":"Bonjour","actor_username":"c.fallotin@gmail.com","actor_via_sso":false,"log_type":"token"}', '2024-07-13 08:09:38.937889+00', ''),
	('00000000-0000-0000-0000-000000000000', '29b90f4b-afbe-4dcc-9b9c-079989d10bb3', '{"action":"token_revoked","actor_id":"74dffe01-1824-4118-a205-87bace940e3a","actor_name":"Bonjour","actor_username":"c.fallotin@gmail.com","actor_via_sso":false,"log_type":"token"}', '2024-07-13 08:09:38.942043+00', ''),
	('00000000-0000-0000-0000-000000000000', 'dde95130-9c5d-48ae-bf16-75273ea6bc52', '{"action":"token_refreshed","actor_id":"74dffe01-1824-4118-a205-87bace940e3a","actor_name":"Bonjour","actor_username":"c.fallotin@gmail.com","actor_via_sso":false,"log_type":"token"}', '2024-07-13 09:15:38.397934+00', ''),
	('00000000-0000-0000-0000-000000000000', '780454dd-da1b-4505-9bf0-212d0362351d', '{"action":"token_revoked","actor_id":"74dffe01-1824-4118-a205-87bace940e3a","actor_name":"Bonjour","actor_username":"c.fallotin@gmail.com","actor_via_sso":false,"log_type":"token"}', '2024-07-13 09:15:38.400883+00', ''),
	('00000000-0000-0000-0000-000000000000', '449090ed-1da4-4ad9-b7ea-69f11f833232', '{"action":"token_refreshed","actor_id":"74dffe01-1824-4118-a205-87bace940e3a","actor_name":"Bonjour","actor_username":"c.fallotin@gmail.com","actor_via_sso":false,"log_type":"token"}', '2024-07-13 09:55:33.355298+00', ''),
	('00000000-0000-0000-0000-000000000000', '7ead8f07-0791-47ba-beac-2dcf37533d20', '{"action":"token_revoked","actor_id":"74dffe01-1824-4118-a205-87bace940e3a","actor_name":"Bonjour","actor_username":"c.fallotin@gmail.com","actor_via_sso":false,"log_type":"token"}', '2024-07-13 09:55:33.358664+00', ''),
	('00000000-0000-0000-0000-000000000000', '6f91f9a0-9ee7-41b6-9ac9-5acde5af1453', '{"action":"token_refreshed","actor_id":"74dffe01-1824-4118-a205-87bace940e3a","actor_name":"Bonjour","actor_username":"c.fallotin@gmail.com","actor_via_sso":false,"log_type":"token"}', '2024-07-13 10:19:45.39921+00', ''),
	('00000000-0000-0000-0000-000000000000', '806bbfc8-582a-474e-ae29-d0b7f195da03', '{"action":"token_revoked","actor_id":"74dffe01-1824-4118-a205-87bace940e3a","actor_name":"Bonjour","actor_username":"c.fallotin@gmail.com","actor_via_sso":false,"log_type":"token"}', '2024-07-13 10:19:45.402208+00', ''),
	('00000000-0000-0000-0000-000000000000', '8990690c-3da1-4f14-b488-af39a8938146', '{"action":"token_refreshed","actor_id":"74dffe01-1824-4118-a205-87bace940e3a","actor_name":"Bonjour","actor_username":"c.fallotin@gmail.com","actor_via_sso":false,"log_type":"token"}', '2024-07-13 11:18:02.400428+00', ''),
	('00000000-0000-0000-0000-000000000000', '5e1c9f0a-c318-4d16-aec1-1f66068ffcda', '{"action":"token_revoked","actor_id":"74dffe01-1824-4118-a205-87bace940e3a","actor_name":"Bonjour","actor_username":"c.fallotin@gmail.com","actor_via_sso":false,"log_type":"token"}', '2024-07-13 11:18:02.402987+00', ''),
	('00000000-0000-0000-0000-000000000000', '83e69432-7c15-49f2-9ed8-1c2b9ffc5176', '{"action":"token_refreshed","actor_id":"74dffe01-1824-4118-a205-87bace940e3a","actor_name":"Bonjour","actor_username":"c.fallotin@gmail.com","actor_via_sso":false,"log_type":"token"}', '2024-07-13 12:21:00.004034+00', ''),
	('00000000-0000-0000-0000-000000000000', 'f44fd843-b964-4a4d-98c4-4335197b74ad', '{"action":"token_revoked","actor_id":"74dffe01-1824-4118-a205-87bace940e3a","actor_name":"Bonjour","actor_username":"c.fallotin@gmail.com","actor_via_sso":false,"log_type":"token"}', '2024-07-13 12:21:00.006697+00', ''),
	('00000000-0000-0000-0000-000000000000', 'ec19e903-3cda-4197-9ba7-67b58ee0c4dd', '{"action":"token_refreshed","actor_id":"74dffe01-1824-4118-a205-87bace940e3a","actor_name":"Bonjour","actor_username":"c.fallotin@gmail.com","actor_via_sso":false,"log_type":"token"}', '2024-07-13 13:08:27.908089+00', ''),
	('00000000-0000-0000-0000-000000000000', '3ca28a8d-6586-4e11-aaea-3293f3b6affb', '{"action":"token_revoked","actor_id":"74dffe01-1824-4118-a205-87bace940e3a","actor_name":"Bonjour","actor_username":"c.fallotin@gmail.com","actor_via_sso":false,"log_type":"token"}', '2024-07-13 13:08:27.913418+00', ''),
	('00000000-0000-0000-0000-000000000000', '647d054b-9d55-48fb-958f-1c46a8be5ac2', '{"action":"token_refreshed","actor_id":"74dffe01-1824-4118-a205-87bace940e3a","actor_name":"Bonjour","actor_username":"c.fallotin@gmail.com","actor_via_sso":false,"log_type":"token"}', '2024-07-14 00:25:09.623238+00', ''),
	('00000000-0000-0000-0000-000000000000', 'c235a120-ae3a-4ff2-b102-29f86666b726', '{"action":"token_revoked","actor_id":"74dffe01-1824-4118-a205-87bace940e3a","actor_name":"Bonjour","actor_username":"c.fallotin@gmail.com","actor_via_sso":false,"log_type":"token"}', '2024-07-14 00:25:09.630721+00', ''),
	('00000000-0000-0000-0000-000000000000', '6c2c867d-76f9-4824-8188-54107fd6c5ed', '{"action":"token_refreshed","actor_id":"74dffe01-1824-4118-a205-87bace940e3a","actor_name":"Bonjour","actor_username":"c.fallotin@gmail.com","actor_via_sso":false,"log_type":"token"}', '2024-07-14 02:14:15.402117+00', ''),
	('00000000-0000-0000-0000-000000000000', '9113a18b-39f4-4a89-ae4d-6a00aedf5d69', '{"action":"token_revoked","actor_id":"74dffe01-1824-4118-a205-87bace940e3a","actor_name":"Bonjour","actor_username":"c.fallotin@gmail.com","actor_via_sso":false,"log_type":"token"}', '2024-07-14 02:14:15.406413+00', ''),
	('00000000-0000-0000-0000-000000000000', 'fc468893-5631-4f2f-930a-dba5621a21a9', '{"action":"token_refreshed","actor_id":"76c8cee0-7630-46ea-a697-88d813c1688c","actor_username":"hateleylisa@gmail.com","actor_via_sso":false,"log_type":"token"}', '2024-07-14 02:14:37.981425+00', ''),
	('00000000-0000-0000-0000-000000000000', '33cc1933-b0b8-4f4d-8e71-eb60e86a7d68', '{"action":"token_revoked","actor_id":"76c8cee0-7630-46ea-a697-88d813c1688c","actor_username":"hateleylisa@gmail.com","actor_via_sso":false,"log_type":"token"}', '2024-07-14 02:14:37.982914+00', ''),
	('00000000-0000-0000-0000-000000000000', 'f1cd5e37-be2a-4199-b6d0-ef4d420d35b7', '{"action":"token_refreshed","actor_id":"74dffe01-1824-4118-a205-87bace940e3a","actor_name":"Bonjour","actor_username":"c.fallotin@gmail.com","actor_via_sso":false,"log_type":"token"}', '2024-07-14 05:09:53.209605+00', ''),
	('00000000-0000-0000-0000-000000000000', 'f21acf5c-d146-4d6a-b439-c257799e2e4f', '{"action":"token_revoked","actor_id":"74dffe01-1824-4118-a205-87bace940e3a","actor_name":"Bonjour","actor_username":"c.fallotin@gmail.com","actor_via_sso":false,"log_type":"token"}', '2024-07-14 05:09:53.212397+00', ''),
	('00000000-0000-0000-0000-000000000000', '7cdb8683-c53c-44c5-9b09-9b983e7958a2', '{"action":"token_refreshed","actor_id":"74dffe01-1824-4118-a205-87bace940e3a","actor_name":"Bonjour","actor_username":"c.fallotin@gmail.com","actor_via_sso":false,"log_type":"token"}', '2024-07-14 05:19:46.386941+00', ''),
	('00000000-0000-0000-0000-000000000000', '406f2e60-73c9-40f0-b825-b025fd992f79', '{"action":"token_revoked","actor_id":"74dffe01-1824-4118-a205-87bace940e3a","actor_name":"Bonjour","actor_username":"c.fallotin@gmail.com","actor_via_sso":false,"log_type":"token"}', '2024-07-14 05:19:46.391421+00', ''),
	('00000000-0000-0000-0000-000000000000', 'b04fe3c5-4bd0-48fa-ad4f-6e6fa09ea32f', '{"action":"token_refreshed","actor_id":"74dffe01-1824-4118-a205-87bace940e3a","actor_name":"Bonjour","actor_username":"c.fallotin@gmail.com","actor_via_sso":false,"log_type":"token"}', '2024-07-14 06:17:48.535496+00', ''),
	('00000000-0000-0000-0000-000000000000', 'a519dac8-a094-4804-80aa-bf1a7d50a580', '{"action":"token_revoked","actor_id":"74dffe01-1824-4118-a205-87bace940e3a","actor_name":"Bonjour","actor_username":"c.fallotin@gmail.com","actor_via_sso":false,"log_type":"token"}', '2024-07-14 06:17:48.538421+00', ''),
	('00000000-0000-0000-0000-000000000000', 'baaf0deb-68a2-43df-a0a1-80c62443509d', '{"action":"token_refreshed","actor_id":"74dffe01-1824-4118-a205-87bace940e3a","actor_name":"Bonjour","actor_username":"c.fallotin@gmail.com","actor_via_sso":false,"log_type":"token"}', '2024-07-14 07:02:54.328285+00', ''),
	('00000000-0000-0000-0000-000000000000', 'c988cfca-1ff2-42b2-8ce3-852bdcd506b1', '{"action":"token_revoked","actor_id":"74dffe01-1824-4118-a205-87bace940e3a","actor_name":"Bonjour","actor_username":"c.fallotin@gmail.com","actor_via_sso":false,"log_type":"token"}', '2024-07-14 07:02:54.334099+00', ''),
	('00000000-0000-0000-0000-000000000000', '9f3459ec-3a99-4402-9a45-db3297bc5a43', '{"action":"token_refreshed","actor_id":"74dffe01-1824-4118-a205-87bace940e3a","actor_name":"Bonjour","actor_username":"c.fallotin@gmail.com","actor_via_sso":false,"log_type":"token"}', '2024-07-14 07:16:17.395048+00', ''),
	('00000000-0000-0000-0000-000000000000', '7a494549-026f-4a7a-8f51-14d10bc16834', '{"action":"token_revoked","actor_id":"74dffe01-1824-4118-a205-87bace940e3a","actor_name":"Bonjour","actor_username":"c.fallotin@gmail.com","actor_via_sso":false,"log_type":"token"}', '2024-07-14 07:16:17.398465+00', ''),
	('00000000-0000-0000-0000-000000000000', '80c6f831-21a8-499a-8d3f-b6dcb4323e20', '{"action":"token_refreshed","actor_id":"76c8cee0-7630-46ea-a697-88d813c1688c","actor_username":"hateleylisa@gmail.com","actor_via_sso":false,"log_type":"token"}', '2024-07-14 07:29:33.890123+00', ''),
	('00000000-0000-0000-0000-000000000000', 'af360992-2ada-4a90-b3c4-d5dbf72b84ac', '{"action":"token_revoked","actor_id":"76c8cee0-7630-46ea-a697-88d813c1688c","actor_username":"hateleylisa@gmail.com","actor_via_sso":false,"log_type":"token"}', '2024-07-14 07:29:33.892983+00', ''),
	('00000000-0000-0000-0000-000000000000', 'ac4e0259-c23b-4045-882c-6db04ac0d443', '{"action":"token_refreshed","actor_id":"74dffe01-1824-4118-a205-87bace940e3a","actor_name":"Bonjour","actor_username":"c.fallotin@gmail.com","actor_via_sso":false,"log_type":"token"}', '2024-07-14 08:14:36.385585+00', ''),
	('00000000-0000-0000-0000-000000000000', '664ed875-83f0-4482-84ce-ba92624165f0', '{"action":"token_revoked","actor_id":"74dffe01-1824-4118-a205-87bace940e3a","actor_name":"Bonjour","actor_username":"c.fallotin@gmail.com","actor_via_sso":false,"log_type":"token"}', '2024-07-14 08:14:36.389029+00', ''),
	('00000000-0000-0000-0000-000000000000', '38d01657-23a8-4928-b455-ddb70203d747', '{"action":"token_refreshed","actor_id":"74dffe01-1824-4118-a205-87bace940e3a","actor_name":"Bonjour","actor_username":"c.fallotin@gmail.com","actor_via_sso":false,"log_type":"token"}', '2024-07-14 08:15:21.750391+00', ''),
	('00000000-0000-0000-0000-000000000000', '3ddda80b-48d7-4659-90e7-6079b5ad238c', '{"action":"token_revoked","actor_id":"74dffe01-1824-4118-a205-87bace940e3a","actor_name":"Bonjour","actor_username":"c.fallotin@gmail.com","actor_via_sso":false,"log_type":"token"}', '2024-07-14 08:15:21.751656+00', ''),
	('00000000-0000-0000-0000-000000000000', '04e4373e-ec01-4185-8f92-d5fa217a65f2', '{"action":"token_refreshed","actor_id":"74dffe01-1824-4118-a205-87bace940e3a","actor_name":"Bonjour","actor_username":"c.fallotin@gmail.com","actor_via_sso":false,"log_type":"token"}', '2024-07-14 09:12:55.705819+00', ''),
	('00000000-0000-0000-0000-000000000000', 'fd1f08bc-ff6e-4420-803c-5da6ead1a6c3', '{"action":"token_revoked","actor_id":"74dffe01-1824-4118-a205-87bace940e3a","actor_name":"Bonjour","actor_username":"c.fallotin@gmail.com","actor_via_sso":false,"log_type":"token"}', '2024-07-14 09:12:55.712391+00', ''),
	('00000000-0000-0000-0000-000000000000', 'b353f28d-1bb2-49d5-b587-90fca7f51d6d', '{"action":"token_refreshed","actor_id":"74dffe01-1824-4118-a205-87bace940e3a","actor_name":"Bonjour","actor_username":"c.fallotin@gmail.com","actor_via_sso":false,"log_type":"token"}', '2024-07-14 10:10:56.604796+00', ''),
	('00000000-0000-0000-0000-000000000000', 'a56b89ea-34ec-448c-b88f-8e80fe58b514', '{"action":"token_revoked","actor_id":"74dffe01-1824-4118-a205-87bace940e3a","actor_name":"Bonjour","actor_username":"c.fallotin@gmail.com","actor_via_sso":false,"log_type":"token"}', '2024-07-14 10:10:56.607139+00', ''),
	('00000000-0000-0000-0000-000000000000', '8f12f0a5-a9a5-46e1-aeac-c5209ea11c3f', '{"action":"token_refreshed","actor_id":"74dffe01-1824-4118-a205-87bace940e3a","actor_name":"Bonjour","actor_username":"c.fallotin@gmail.com","actor_via_sso":false,"log_type":"token"}', '2024-07-14 11:17:16.098398+00', ''),
	('00000000-0000-0000-0000-000000000000', '71e53262-b9a7-4cb0-8a62-cab5ab30ccfe', '{"action":"token_revoked","actor_id":"74dffe01-1824-4118-a205-87bace940e3a","actor_name":"Bonjour","actor_username":"c.fallotin@gmail.com","actor_via_sso":false,"log_type":"token"}', '2024-07-14 11:17:16.102267+00', ''),
	('00000000-0000-0000-0000-000000000000', '7700cacf-1be5-498e-b9c0-05c5c1bfed71', '{"action":"token_refreshed","actor_id":"74dffe01-1824-4118-a205-87bace940e3a","actor_name":"Bonjour","actor_username":"c.fallotin@gmail.com","actor_via_sso":false,"log_type":"token"}', '2024-07-14 12:15:32.508939+00', ''),
	('00000000-0000-0000-0000-000000000000', '318c4102-62da-4030-9ab4-017c8dbbeab2', '{"action":"token_revoked","actor_id":"74dffe01-1824-4118-a205-87bace940e3a","actor_name":"Bonjour","actor_username":"c.fallotin@gmail.com","actor_via_sso":false,"log_type":"token"}', '2024-07-14 12:15:32.511957+00', ''),
	('00000000-0000-0000-0000-000000000000', 'b772f2fb-ab41-4882-917c-03f304d91705', '{"action":"token_refreshed","actor_id":"74dffe01-1824-4118-a205-87bace940e3a","actor_name":"Bonjour","actor_username":"c.fallotin@gmail.com","actor_via_sso":false,"log_type":"token"}', '2024-07-14 13:13:48.569788+00', ''),
	('00000000-0000-0000-0000-000000000000', '79c6ce24-4c64-4a08-af57-2546ef30b7a3', '{"action":"token_revoked","actor_id":"74dffe01-1824-4118-a205-87bace940e3a","actor_name":"Bonjour","actor_username":"c.fallotin@gmail.com","actor_via_sso":false,"log_type":"token"}', '2024-07-14 13:13:48.572573+00', ''),
	('00000000-0000-0000-0000-000000000000', '86a1977f-7be7-4e70-9dde-98164b67ba60', '{"action":"token_refreshed","actor_id":"74dffe01-1824-4118-a205-87bace940e3a","actor_name":"Bonjour","actor_username":"c.fallotin@gmail.com","actor_via_sso":false,"log_type":"token"}', '2024-07-14 13:25:25.91771+00', ''),
	('00000000-0000-0000-0000-000000000000', '79b31bb8-5597-4c22-ab2d-2fd8901bc4bd', '{"action":"token_revoked","actor_id":"74dffe01-1824-4118-a205-87bace940e3a","actor_name":"Bonjour","actor_username":"c.fallotin@gmail.com","actor_via_sso":false,"log_type":"token"}', '2024-07-14 13:25:25.921201+00', ''),
	('00000000-0000-0000-0000-000000000000', '5c00660a-a277-4d1f-b5aa-ed31f4bebfae', '{"action":"token_refreshed","actor_id":"74dffe01-1824-4118-a205-87bace940e3a","actor_name":"Bonjour","actor_username":"c.fallotin@gmail.com","actor_via_sso":false,"log_type":"token"}', '2024-07-14 14:12:17.621613+00', ''),
	('00000000-0000-0000-0000-000000000000', 'c4d0de3a-27ce-49ac-a3ed-12b99b18c464', '{"action":"token_revoked","actor_id":"74dffe01-1824-4118-a205-87bace940e3a","actor_name":"Bonjour","actor_username":"c.fallotin@gmail.com","actor_via_sso":false,"log_type":"token"}', '2024-07-14 14:12:17.624594+00', ''),
	('00000000-0000-0000-0000-000000000000', 'c9face3a-ea2d-4cbd-8c1c-8418492efc55', '{"action":"token_refreshed","actor_id":"74dffe01-1824-4118-a205-87bace940e3a","actor_name":"Bonjour","actor_username":"c.fallotin@gmail.com","actor_via_sso":false,"log_type":"token"}', '2024-07-14 14:36:15.212003+00', ''),
	('00000000-0000-0000-0000-000000000000', '55498eda-966c-488a-9792-b727ac17c7b8', '{"action":"token_revoked","actor_id":"74dffe01-1824-4118-a205-87bace940e3a","actor_name":"Bonjour","actor_username":"c.fallotin@gmail.com","actor_via_sso":false,"log_type":"token"}', '2024-07-14 14:36:15.215231+00', ''),
	('00000000-0000-0000-0000-000000000000', 'ddee1bac-f506-484a-bf3c-368e7dd064e1', '{"action":"token_refreshed","actor_id":"74dffe01-1824-4118-a205-87bace940e3a","actor_name":"Bonjour","actor_username":"c.fallotin@gmail.com","actor_via_sso":false,"log_type":"token"}', '2024-07-14 15:37:09.758423+00', ''),
	('00000000-0000-0000-0000-000000000000', '95ab807f-7f09-4c21-a8fd-2b283ec5ecc5', '{"action":"token_revoked","actor_id":"74dffe01-1824-4118-a205-87bace940e3a","actor_name":"Bonjour","actor_username":"c.fallotin@gmail.com","actor_via_sso":false,"log_type":"token"}', '2024-07-14 15:37:09.760449+00', ''),
	('00000000-0000-0000-0000-000000000000', 'b442107b-1485-477b-a7ef-cb32e070c9ff', '{"action":"token_refreshed","actor_id":"74dffe01-1824-4118-a205-87bace940e3a","actor_name":"Bonjour","actor_username":"c.fallotin@gmail.com","actor_via_sso":false,"log_type":"token"}', '2024-07-14 22:52:46.708284+00', ''),
	('00000000-0000-0000-0000-000000000000', 'f598ccb1-1d47-4c99-b7e4-a1eaa7802d46', '{"action":"token_revoked","actor_id":"74dffe01-1824-4118-a205-87bace940e3a","actor_name":"Bonjour","actor_username":"c.fallotin@gmail.com","actor_via_sso":false,"log_type":"token"}', '2024-07-14 22:52:46.712629+00', ''),
	('00000000-0000-0000-0000-000000000000', '842f0618-d1c5-4ace-bd3d-1235f51adb43', '{"action":"token_refreshed","actor_id":"74dffe01-1824-4118-a205-87bace940e3a","actor_name":"Bonjour","actor_username":"c.fallotin@gmail.com","actor_via_sso":false,"log_type":"token"}', '2024-07-15 01:33:16.062123+00', ''),
	('00000000-0000-0000-0000-000000000000', '09c9bf30-1e13-4110-9e58-37b517a56047', '{"action":"token_revoked","actor_id":"74dffe01-1824-4118-a205-87bace940e3a","actor_name":"Bonjour","actor_username":"c.fallotin@gmail.com","actor_via_sso":false,"log_type":"token"}', '2024-07-15 01:33:16.067235+00', ''),
	('00000000-0000-0000-0000-000000000000', '8a5d25f1-14ab-4839-a90c-83cf2437d561', '{"action":"token_refreshed","actor_id":"74dffe01-1824-4118-a205-87bace940e3a","actor_name":"Bonjour","actor_username":"c.fallotin@gmail.com","actor_via_sso":false,"log_type":"token"}', '2024-07-15 01:50:26.709966+00', ''),
	('00000000-0000-0000-0000-000000000000', '6526d7ff-3089-48a7-8fa4-4045258b6fbb', '{"action":"token_revoked","actor_id":"74dffe01-1824-4118-a205-87bace940e3a","actor_name":"Bonjour","actor_username":"c.fallotin@gmail.com","actor_via_sso":false,"log_type":"token"}', '2024-07-15 01:50:26.712352+00', ''),
	('00000000-0000-0000-0000-000000000000', '6a2a2851-d51b-4381-a4d6-58aabcc85bab', '{"action":"token_refreshed","actor_id":"76c8cee0-7630-46ea-a697-88d813c1688c","actor_username":"hateleylisa@gmail.com","actor_via_sso":false,"log_type":"token"}', '2024-07-15 02:16:18.277987+00', ''),
	('00000000-0000-0000-0000-000000000000', '51129596-6954-43e3-97ce-ab65b0d68853', '{"action":"token_revoked","actor_id":"76c8cee0-7630-46ea-a697-88d813c1688c","actor_username":"hateleylisa@gmail.com","actor_via_sso":false,"log_type":"token"}', '2024-07-15 02:16:18.280444+00', ''),
	('00000000-0000-0000-0000-000000000000', '826d6ae1-e2c4-4911-b6f2-903e9aea0c57', '{"action":"token_refreshed","actor_id":"74dffe01-1824-4118-a205-87bace940e3a","actor_name":"Bonjour","actor_username":"c.fallotin@gmail.com","actor_via_sso":false,"log_type":"token"}', '2024-07-15 02:48:45.875675+00', ''),
	('00000000-0000-0000-0000-000000000000', '72d7e88d-d588-4f61-923d-6bfa4c708557', '{"action":"token_revoked","actor_id":"74dffe01-1824-4118-a205-87bace940e3a","actor_name":"Bonjour","actor_username":"c.fallotin@gmail.com","actor_via_sso":false,"log_type":"token"}', '2024-07-15 02:48:45.878998+00', ''),
	('00000000-0000-0000-0000-000000000000', '0e6e5e0a-858a-41fb-ba29-f56294394d22', '{"action":"token_refreshed","actor_id":"74dffe01-1824-4118-a205-87bace940e3a","actor_name":"Bonjour","actor_username":"c.fallotin@gmail.com","actor_via_sso":false,"log_type":"token"}', '2024-07-15 03:46:46.101402+00', ''),
	('00000000-0000-0000-0000-000000000000', 'de179654-0093-4f02-82fb-085aa47f09b2', '{"action":"token_revoked","actor_id":"74dffe01-1824-4118-a205-87bace940e3a","actor_name":"Bonjour","actor_username":"c.fallotin@gmail.com","actor_via_sso":false,"log_type":"token"}', '2024-07-15 03:46:46.105517+00', ''),
	('00000000-0000-0000-0000-000000000000', '0d0e38f9-08d9-48d7-9f9c-d18d1b7325c5', '{"action":"token_refreshed","actor_id":"74dffe01-1824-4118-a205-87bace940e3a","actor_name":"Bonjour","actor_username":"c.fallotin@gmail.com","actor_via_sso":false,"log_type":"token"}', '2024-07-15 04:40:13.120358+00', ''),
	('00000000-0000-0000-0000-000000000000', '955574dc-c639-4941-b57d-bf65fa1d86b6', '{"action":"token_revoked","actor_id":"74dffe01-1824-4118-a205-87bace940e3a","actor_name":"Bonjour","actor_username":"c.fallotin@gmail.com","actor_via_sso":false,"log_type":"token"}', '2024-07-15 04:40:13.122422+00', ''),
	('00000000-0000-0000-0000-000000000000', '589bf260-93a9-4f3c-ae7c-ad0934d4e705', '{"action":"token_refreshed","actor_id":"74dffe01-1824-4118-a205-87bace940e3a","actor_name":"Bonjour","actor_username":"c.fallotin@gmail.com","actor_via_sso":false,"log_type":"token"}', '2024-07-15 04:44:48.053189+00', ''),
	('00000000-0000-0000-0000-000000000000', 'dde7019d-2c58-4674-b7a1-385f6e0747df', '{"action":"token_revoked","actor_id":"74dffe01-1824-4118-a205-87bace940e3a","actor_name":"Bonjour","actor_username":"c.fallotin@gmail.com","actor_via_sso":false,"log_type":"token"}', '2024-07-15 04:44:48.055632+00', ''),
	('00000000-0000-0000-0000-000000000000', 'eda59b4c-15a2-4eab-8f99-d845a2b0b0d0', '{"action":"token_refreshed","actor_id":"74dffe01-1824-4118-a205-87bace940e3a","actor_name":"Bonjour","actor_username":"c.fallotin@gmail.com","actor_via_sso":false,"log_type":"token"}', '2024-07-15 05:43:17.915279+00', ''),
	('00000000-0000-0000-0000-000000000000', '70837475-a903-4b41-b08e-cf213f33a97c', '{"action":"token_revoked","actor_id":"74dffe01-1824-4118-a205-87bace940e3a","actor_name":"Bonjour","actor_username":"c.fallotin@gmail.com","actor_via_sso":false,"log_type":"token"}', '2024-07-15 05:43:17.917708+00', ''),
	('00000000-0000-0000-0000-000000000000', '3a2f3615-ba60-4b55-a617-e5f968fb0ce1', '{"action":"token_refreshed","actor_id":"74dffe01-1824-4118-a205-87bace940e3a","actor_name":"Bonjour","actor_username":"c.fallotin@gmail.com","actor_via_sso":false,"log_type":"token"}', '2024-07-15 06:41:21.610481+00', ''),
	('00000000-0000-0000-0000-000000000000', 'fc46c38d-230c-4787-99d2-e26b9223cde0', '{"action":"token_revoked","actor_id":"74dffe01-1824-4118-a205-87bace940e3a","actor_name":"Bonjour","actor_username":"c.fallotin@gmail.com","actor_via_sso":false,"log_type":"token"}', '2024-07-15 06:41:21.614133+00', ''),
	('00000000-0000-0000-0000-000000000000', '5d2c403e-f817-48fc-a02e-b6ec679acb0d', '{"action":"token_refreshed","actor_id":"74dffe01-1824-4118-a205-87bace940e3a","actor_name":"Bonjour","actor_username":"c.fallotin@gmail.com","actor_via_sso":false,"log_type":"token"}', '2024-07-15 06:46:23.905444+00', ''),
	('00000000-0000-0000-0000-000000000000', '75a89cb1-8986-4036-9c85-4d4bf69206c9', '{"action":"token_revoked","actor_id":"74dffe01-1824-4118-a205-87bace940e3a","actor_name":"Bonjour","actor_username":"c.fallotin@gmail.com","actor_via_sso":false,"log_type":"token"}', '2024-07-15 06:46:23.907795+00', ''),
	('00000000-0000-0000-0000-000000000000', '5c0447d5-d131-4e91-ab17-8911d5408588', '{"action":"token_refreshed","actor_id":"76c8cee0-7630-46ea-a697-88d813c1688c","actor_username":"hateleylisa@gmail.com","actor_via_sso":false,"log_type":"token"}', '2024-07-15 06:48:45.100938+00', ''),
	('00000000-0000-0000-0000-000000000000', '1735672f-b874-484e-a1c2-f2a3df10ba1f', '{"action":"token_revoked","actor_id":"76c8cee0-7630-46ea-a697-88d813c1688c","actor_username":"hateleylisa@gmail.com","actor_via_sso":false,"log_type":"token"}', '2024-07-15 06:48:45.105795+00', ''),
	('00000000-0000-0000-0000-000000000000', '487a45a7-373b-44ea-8590-8047e73887ac', '{"action":"token_refreshed","actor_id":"74dffe01-1824-4118-a205-87bace940e3a","actor_name":"Bonjour","actor_username":"c.fallotin@gmail.com","actor_via_sso":false,"log_type":"token"}', '2024-07-15 07:39:45.394564+00', ''),
	('00000000-0000-0000-0000-000000000000', '3bc8faf4-7e64-4d33-b0f3-9cfc9231f775', '{"action":"token_revoked","actor_id":"74dffe01-1824-4118-a205-87bace940e3a","actor_name":"Bonjour","actor_username":"c.fallotin@gmail.com","actor_via_sso":false,"log_type":"token"}', '2024-07-15 07:39:45.398198+00', ''),
	('00000000-0000-0000-0000-000000000000', '8e2658ef-c81f-422c-9c34-ce7ccb213e75', '{"action":"token_refreshed","actor_id":"74dffe01-1824-4118-a205-87bace940e3a","actor_name":"Bonjour","actor_username":"c.fallotin@gmail.com","actor_via_sso":false,"log_type":"token"}', '2024-07-15 08:37:53.521158+00', ''),
	('00000000-0000-0000-0000-000000000000', '7b0157a0-9f01-4846-b03d-783a12fa7c5b', '{"action":"token_revoked","actor_id":"74dffe01-1824-4118-a205-87bace940e3a","actor_name":"Bonjour","actor_username":"c.fallotin@gmail.com","actor_via_sso":false,"log_type":"token"}', '2024-07-15 08:37:53.528338+00', ''),
	('00000000-0000-0000-0000-000000000000', '9ab0d68f-627f-4a08-97ba-ccaca56f7d46', '{"action":"token_refreshed","actor_id":"74dffe01-1824-4118-a205-87bace940e3a","actor_name":"Bonjour","actor_username":"c.fallotin@gmail.com","actor_via_sso":false,"log_type":"token"}', '2024-07-15 09:36:18.486791+00', ''),
	('00000000-0000-0000-0000-000000000000', '0a03df04-4ec0-43d9-b0a5-4085ae817a9c', '{"action":"token_revoked","actor_id":"74dffe01-1824-4118-a205-87bace940e3a","actor_name":"Bonjour","actor_username":"c.fallotin@gmail.com","actor_via_sso":false,"log_type":"token"}', '2024-07-15 09:36:18.491612+00', ''),
	('00000000-0000-0000-0000-000000000000', '13ed5533-8817-429c-afd6-af247b9c2a2a', '{"action":"token_refreshed","actor_id":"74dffe01-1824-4118-a205-87bace940e3a","actor_name":"Bonjour","actor_username":"c.fallotin@gmail.com","actor_via_sso":false,"log_type":"token"}', '2024-07-15 10:13:46.399357+00', ''),
	('00000000-0000-0000-0000-000000000000', 'd4c41148-1422-4ff2-84d4-b45882a475a5', '{"action":"token_revoked","actor_id":"74dffe01-1824-4118-a205-87bace940e3a","actor_name":"Bonjour","actor_username":"c.fallotin@gmail.com","actor_via_sso":false,"log_type":"token"}', '2024-07-15 10:13:46.404028+00', ''),
	('00000000-0000-0000-0000-000000000000', '3e961dc4-1fc1-462a-8052-151302fc663f', '{"action":"token_refreshed","actor_id":"76c8cee0-7630-46ea-a697-88d813c1688c","actor_username":"hateleylisa@gmail.com","actor_via_sso":false,"log_type":"token"}', '2024-07-15 10:33:10.290746+00', ''),
	('00000000-0000-0000-0000-000000000000', 'd556d8ae-0b70-422d-ba7d-53dde59cd7c2', '{"action":"token_revoked","actor_id":"76c8cee0-7630-46ea-a697-88d813c1688c","actor_username":"hateleylisa@gmail.com","actor_via_sso":false,"log_type":"token"}', '2024-07-15 10:33:10.292579+00', ''),
	('00000000-0000-0000-0000-000000000000', 'f741cf28-4aa4-474f-90c2-2387e58f7160', '{"action":"token_refreshed","actor_id":"74dffe01-1824-4118-a205-87bace940e3a","actor_name":"Bonjour","actor_username":"c.fallotin@gmail.com","actor_via_sso":false,"log_type":"token"}', '2024-07-15 10:34:37.538475+00', ''),
	('00000000-0000-0000-0000-000000000000', '06c898e0-8c60-4c9f-8dcd-6bcfa3f75c98', '{"action":"token_revoked","actor_id":"74dffe01-1824-4118-a205-87bace940e3a","actor_name":"Bonjour","actor_username":"c.fallotin@gmail.com","actor_via_sso":false,"log_type":"token"}', '2024-07-15 10:34:37.540889+00', ''),
	('00000000-0000-0000-0000-000000000000', '5c5ffa1e-325c-4df4-b0f3-14c5c21b0991', '{"action":"token_refreshed","actor_id":"74dffe01-1824-4118-a205-87bace940e3a","actor_name":"Bonjour","actor_username":"c.fallotin@gmail.com","actor_via_sso":false,"log_type":"token"}', '2024-07-15 11:50:13.085329+00', ''),
	('00000000-0000-0000-0000-000000000000', '6e209552-0152-4177-9d01-4520e7e8aba8', '{"action":"token_revoked","actor_id":"74dffe01-1824-4118-a205-87bace940e3a","actor_name":"Bonjour","actor_username":"c.fallotin@gmail.com","actor_via_sso":false,"log_type":"token"}', '2024-07-15 11:50:13.087903+00', ''),
	('00000000-0000-0000-0000-000000000000', '2fce23b0-1d19-4597-ae20-58bbdc7a7336', '{"action":"token_refreshed","actor_id":"74dffe01-1824-4118-a205-87bace940e3a","actor_name":"Bonjour","actor_username":"c.fallotin@gmail.com","actor_via_sso":false,"log_type":"token"}', '2024-07-15 12:22:39.545501+00', ''),
	('00000000-0000-0000-0000-000000000000', '539258c7-7c5b-465e-9c0b-ab26283a7651', '{"action":"token_revoked","actor_id":"74dffe01-1824-4118-a205-87bace940e3a","actor_name":"Bonjour","actor_username":"c.fallotin@gmail.com","actor_via_sso":false,"log_type":"token"}', '2024-07-15 12:22:39.548346+00', ''),
	('00000000-0000-0000-0000-000000000000', '305eac1e-fb4f-468d-885f-f00fa1ab8398', '{"action":"token_refreshed","actor_id":"74dffe01-1824-4118-a205-87bace940e3a","actor_name":"Bonjour","actor_username":"c.fallotin@gmail.com","actor_via_sso":false,"log_type":"token"}', '2024-07-15 13:00:45.786318+00', ''),
	('00000000-0000-0000-0000-000000000000', '19b9d5a8-ddf2-4f4e-b655-8c58e0814899', '{"action":"token_revoked","actor_id":"74dffe01-1824-4118-a205-87bace940e3a","actor_name":"Bonjour","actor_username":"c.fallotin@gmail.com","actor_via_sso":false,"log_type":"token"}', '2024-07-15 13:00:45.789419+00', ''),
	('00000000-0000-0000-0000-000000000000', '01ec9bde-1e73-4783-b45f-9d4932198a1a', '{"action":"token_refreshed","actor_id":"74dffe01-1824-4118-a205-87bace940e3a","actor_name":"Bonjour","actor_username":"c.fallotin@gmail.com","actor_via_sso":false,"log_type":"token"}', '2024-07-15 14:01:04.031972+00', ''),
	('00000000-0000-0000-0000-000000000000', 'b7549d22-8a01-4307-90ea-a9f76dab9026', '{"action":"token_revoked","actor_id":"74dffe01-1824-4118-a205-87bace940e3a","actor_name":"Bonjour","actor_username":"c.fallotin@gmail.com","actor_via_sso":false,"log_type":"token"}', '2024-07-15 14:01:04.034054+00', ''),
	('00000000-0000-0000-0000-000000000000', '361acd12-0f2c-45fd-b194-b9eb2f5e4392', '{"action":"token_refreshed","actor_id":"74dffe01-1824-4118-a205-87bace940e3a","actor_name":"Bonjour","actor_username":"c.fallotin@gmail.com","actor_via_sso":false,"log_type":"token"}', '2024-07-15 17:46:59.045427+00', ''),
	('00000000-0000-0000-0000-000000000000', '189275b8-a917-411c-b355-2e61d2b5bd1b', '{"action":"token_revoked","actor_id":"74dffe01-1824-4118-a205-87bace940e3a","actor_name":"Bonjour","actor_username":"c.fallotin@gmail.com","actor_via_sso":false,"log_type":"token"}', '2024-07-15 17:46:59.046844+00', ''),
	('00000000-0000-0000-0000-000000000000', '61057bba-0228-4043-9cae-fbbe50627bc9', '{"action":"token_refreshed","actor_id":"74dffe01-1824-4118-a205-87bace940e3a","actor_name":"Bonjour","actor_username":"c.fallotin@gmail.com","actor_via_sso":false,"log_type":"token"}', '2024-07-15 18:45:40.107314+00', ''),
	('00000000-0000-0000-0000-000000000000', '464fdbbf-a2b5-4fe2-9d21-016e3674ddb8', '{"action":"token_revoked","actor_id":"74dffe01-1824-4118-a205-87bace940e3a","actor_name":"Bonjour","actor_username":"c.fallotin@gmail.com","actor_via_sso":false,"log_type":"token"}', '2024-07-15 18:45:40.108707+00', ''),
	('00000000-0000-0000-0000-000000000000', '7f58258c-6e7b-451d-95da-bb7bc19e6885', '{"action":"token_refreshed","actor_id":"74dffe01-1824-4118-a205-87bace940e3a","actor_name":"Bonjour","actor_username":"c.fallotin@gmail.com","actor_via_sso":false,"log_type":"token"}', '2024-07-15 19:48:58.55014+00', ''),
	('00000000-0000-0000-0000-000000000000', '016eba28-90cf-4331-bce5-fd36c0da4462', '{"action":"token_revoked","actor_id":"74dffe01-1824-4118-a205-87bace940e3a","actor_name":"Bonjour","actor_username":"c.fallotin@gmail.com","actor_via_sso":false,"log_type":"token"}', '2024-07-15 19:48:58.551521+00', ''),
	('00000000-0000-0000-0000-000000000000', '91b8b6ab-5d7e-471a-8f2d-8163b129a391', '{"action":"token_refreshed","actor_id":"74dffe01-1824-4118-a205-87bace940e3a","actor_name":"Bonjour","actor_username":"c.fallotin@gmail.com","actor_via_sso":false,"log_type":"token"}', '2024-07-15 20:49:58.880766+00', ''),
	('00000000-0000-0000-0000-000000000000', '1c12cb73-2c94-4c12-892e-57cb3c1ab7e2', '{"action":"token_revoked","actor_id":"74dffe01-1824-4118-a205-87bace940e3a","actor_name":"Bonjour","actor_username":"c.fallotin@gmail.com","actor_via_sso":false,"log_type":"token"}', '2024-07-15 20:49:58.88267+00', ''),
	('00000000-0000-0000-0000-000000000000', '44e042a0-9925-45a6-8c57-6e56d0541449', '{"action":"token_refreshed","actor_id":"74dffe01-1824-4118-a205-87bace940e3a","actor_name":"Bonjour","actor_username":"c.fallotin@gmail.com","actor_via_sso":false,"log_type":"token"}', '2024-07-15 21:43:04.522671+00', ''),
	('00000000-0000-0000-0000-000000000000', '18546926-f0a4-4a30-a5b5-b133b321c123', '{"action":"token_revoked","actor_id":"74dffe01-1824-4118-a205-87bace940e3a","actor_name":"Bonjour","actor_username":"c.fallotin@gmail.com","actor_via_sso":false,"log_type":"token"}', '2024-07-15 21:43:04.524614+00', ''),
	('00000000-0000-0000-0000-000000000000', '1287be47-fb19-4069-b0de-3df865934710', '{"action":"token_refreshed","actor_id":"74dffe01-1824-4118-a205-87bace940e3a","actor_name":"Bonjour","actor_username":"c.fallotin@gmail.com","actor_via_sso":false,"log_type":"token"}', '2024-07-15 21:50:58.560635+00', ''),
	('00000000-0000-0000-0000-000000000000', '721e08d8-0660-4078-885a-cfcfea3c0d7b', '{"action":"token_revoked","actor_id":"74dffe01-1824-4118-a205-87bace940e3a","actor_name":"Bonjour","actor_username":"c.fallotin@gmail.com","actor_via_sso":false,"log_type":"token"}', '2024-07-15 21:50:58.562917+00', ''),
	('00000000-0000-0000-0000-000000000000', 'b74e8ad1-f7a6-48a1-a068-e52317f7c975', '{"action":"token_refreshed","actor_id":"74dffe01-1824-4118-a205-87bace940e3a","actor_name":"Bonjour","actor_username":"c.fallotin@gmail.com","actor_via_sso":false,"log_type":"token"}', '2024-07-15 22:51:58.646396+00', ''),
	('00000000-0000-0000-0000-000000000000', '0bd95af8-90a1-4d18-b937-6a42c0dc0419', '{"action":"token_revoked","actor_id":"74dffe01-1824-4118-a205-87bace940e3a","actor_name":"Bonjour","actor_username":"c.fallotin@gmail.com","actor_via_sso":false,"log_type":"token"}', '2024-07-15 22:51:58.648488+00', ''),
	('00000000-0000-0000-0000-000000000000', '18ac85fa-de64-43ca-8c7c-565c1a82dc11', '{"action":"token_refreshed","actor_id":"74dffe01-1824-4118-a205-87bace940e3a","actor_name":"Bonjour","actor_username":"c.fallotin@gmail.com","actor_via_sso":false,"log_type":"token"}', '2024-07-15 23:52:58.517426+00', ''),
	('00000000-0000-0000-0000-000000000000', 'ba01cabd-7fb5-49a0-a31a-a253aba62546', '{"action":"token_revoked","actor_id":"74dffe01-1824-4118-a205-87bace940e3a","actor_name":"Bonjour","actor_username":"c.fallotin@gmail.com","actor_via_sso":false,"log_type":"token"}', '2024-07-15 23:52:58.519858+00', ''),
	('00000000-0000-0000-0000-000000000000', 'db4e3f8c-5873-4d3d-88b7-c58edf969239', '{"action":"token_refreshed","actor_id":"74dffe01-1824-4118-a205-87bace940e3a","actor_name":"Bonjour","actor_username":"c.fallotin@gmail.com","actor_via_sso":false,"log_type":"token"}', '2024-07-16 00:51:11.856946+00', ''),
	('00000000-0000-0000-0000-000000000000', 'bfaa08ee-67ad-4a46-a90c-78cff085d88c', '{"action":"token_revoked","actor_id":"74dffe01-1824-4118-a205-87bace940e3a","actor_name":"Bonjour","actor_username":"c.fallotin@gmail.com","actor_via_sso":false,"log_type":"token"}', '2024-07-16 00:51:11.859684+00', ''),
	('00000000-0000-0000-0000-000000000000', '5820cefc-7c2f-4bd7-ae63-56e4df84d0c3', '{"action":"token_refreshed","actor_id":"74dffe01-1824-4118-a205-87bace940e3a","actor_name":"Bonjour","actor_username":"c.fallotin@gmail.com","actor_via_sso":false,"log_type":"token"}', '2024-07-16 01:49:29.932465+00', ''),
	('00000000-0000-0000-0000-000000000000', 'bbcb9237-adf4-442a-bcf5-7b574a3628ee', '{"action":"token_revoked","actor_id":"74dffe01-1824-4118-a205-87bace940e3a","actor_name":"Bonjour","actor_username":"c.fallotin@gmail.com","actor_via_sso":false,"log_type":"token"}', '2024-07-16 01:49:29.934565+00', ''),
	('00000000-0000-0000-0000-000000000000', 'ef19e411-693d-438b-becc-5a45b41c050f', '{"action":"token_refreshed","actor_id":"74dffe01-1824-4118-a205-87bace940e3a","actor_name":"Bonjour","actor_username":"c.fallotin@gmail.com","actor_via_sso":false,"log_type":"token"}', '2024-07-16 02:47:58.018541+00', ''),
	('00000000-0000-0000-0000-000000000000', '2edd58af-f90d-43a1-99c0-e4b0ff6acd73', '{"action":"token_revoked","actor_id":"74dffe01-1824-4118-a205-87bace940e3a","actor_name":"Bonjour","actor_username":"c.fallotin@gmail.com","actor_via_sso":false,"log_type":"token"}', '2024-07-16 02:47:58.019752+00', ''),
	('00000000-0000-0000-0000-000000000000', '86a05875-4a4a-4e17-b709-e83f11d58ada', '{"action":"token_refreshed","actor_id":"74dffe01-1824-4118-a205-87bace940e3a","actor_name":"Bonjour","actor_username":"c.fallotin@gmail.com","actor_via_sso":false,"log_type":"token"}', '2024-07-16 03:30:21.801733+00', ''),
	('00000000-0000-0000-0000-000000000000', 'f2074b4c-5732-4e81-8d32-5e5481fb971c', '{"action":"token_revoked","actor_id":"74dffe01-1824-4118-a205-87bace940e3a","actor_name":"Bonjour","actor_username":"c.fallotin@gmail.com","actor_via_sso":false,"log_type":"token"}', '2024-07-16 03:30:21.802884+00', ''),
	('00000000-0000-0000-0000-000000000000', '4117e52b-d39a-4b00-9207-9d489a8e3445', '{"action":"token_refreshed","actor_id":"74dffe01-1824-4118-a205-87bace940e3a","actor_name":"Bonjour","actor_username":"c.fallotin@gmail.com","actor_via_sso":false,"log_type":"token"}', '2024-07-16 03:46:00.077699+00', ''),
	('00000000-0000-0000-0000-000000000000', '4441b540-5e66-405e-8088-cdd829c0d2e6', '{"action":"token_revoked","actor_id":"74dffe01-1824-4118-a205-87bace940e3a","actor_name":"Bonjour","actor_username":"c.fallotin@gmail.com","actor_via_sso":false,"log_type":"token"}', '2024-07-16 03:46:00.079888+00', ''),
	('00000000-0000-0000-0000-000000000000', 'b97b4952-9167-4ac4-9e0b-c87da6aa3c3e', '{"action":"token_refreshed","actor_id":"74dffe01-1824-4118-a205-87bace940e3a","actor_name":"Bonjour","actor_username":"c.fallotin@gmail.com","actor_via_sso":false,"log_type":"token"}', '2024-07-16 04:44:30.537368+00', ''),
	('00000000-0000-0000-0000-000000000000', 'b5e6c95a-94d4-4a0b-aa29-144db68dc100', '{"action":"token_revoked","actor_id":"74dffe01-1824-4118-a205-87bace940e3a","actor_name":"Bonjour","actor_username":"c.fallotin@gmail.com","actor_via_sso":false,"log_type":"token"}', '2024-07-16 04:44:30.538469+00', ''),
	('00000000-0000-0000-0000-000000000000', 'eec48061-3a45-47f5-b7c4-895c1275e675', '{"action":"token_refreshed","actor_id":"74dffe01-1824-4118-a205-87bace940e3a","actor_name":"Bonjour","actor_username":"c.fallotin@gmail.com","actor_via_sso":false,"log_type":"token"}', '2024-07-16 05:42:31.557778+00', ''),
	('00000000-0000-0000-0000-000000000000', '332e95c3-1c6e-405d-9758-5c60d5b65348', '{"action":"token_revoked","actor_id":"74dffe01-1824-4118-a205-87bace940e3a","actor_name":"Bonjour","actor_username":"c.fallotin@gmail.com","actor_via_sso":false,"log_type":"token"}', '2024-07-16 05:42:31.562606+00', ''),
	('00000000-0000-0000-0000-000000000000', '0103a777-5d83-40b5-a00f-3a5f254bea03', '{"action":"token_refreshed","actor_id":"74dffe01-1824-4118-a205-87bace940e3a","actor_name":"Bonjour","actor_username":"c.fallotin@gmail.com","actor_via_sso":false,"log_type":"token"}', '2024-07-16 05:57:22.690427+00', ''),
	('00000000-0000-0000-0000-000000000000', '8804008c-087c-4f97-9c9b-d4e2cbcd867f', '{"action":"token_revoked","actor_id":"74dffe01-1824-4118-a205-87bace940e3a","actor_name":"Bonjour","actor_username":"c.fallotin@gmail.com","actor_via_sso":false,"log_type":"token"}', '2024-07-16 05:57:22.692074+00', ''),
	('00000000-0000-0000-0000-000000000000', '3cdcae10-6d6f-49fd-8a9c-5fbbff98d575', '{"action":"token_refreshed","actor_id":"74dffe01-1824-4118-a205-87bace940e3a","actor_name":"Bonjour","actor_username":"c.fallotin@gmail.com","actor_via_sso":false,"log_type":"token"}', '2024-07-16 06:40:31.901501+00', ''),
	('00000000-0000-0000-0000-000000000000', '1c3a38a7-94e0-49ca-8234-a0b083f4ac6a', '{"action":"token_revoked","actor_id":"74dffe01-1824-4118-a205-87bace940e3a","actor_name":"Bonjour","actor_username":"c.fallotin@gmail.com","actor_via_sso":false,"log_type":"token"}', '2024-07-16 06:40:31.904071+00', ''),
	('00000000-0000-0000-0000-000000000000', 'b0bbdfeb-c50c-450d-9bb1-4dc52e30af32', '{"action":"token_refreshed","actor_id":"74dffe01-1824-4118-a205-87bace940e3a","actor_name":"Bonjour","actor_username":"c.fallotin@gmail.com","actor_via_sso":false,"log_type":"token"}', '2024-07-16 07:38:35.807463+00', ''),
	('00000000-0000-0000-0000-000000000000', '262dd5c0-aa6f-42f4-8f03-206dc8793c35', '{"action":"token_revoked","actor_id":"74dffe01-1824-4118-a205-87bace940e3a","actor_name":"Bonjour","actor_username":"c.fallotin@gmail.com","actor_via_sso":false,"log_type":"token"}', '2024-07-16 07:38:35.810698+00', ''),
	('00000000-0000-0000-0000-000000000000', 'c6ae9404-1051-4114-898c-2a6e3025376a', '{"action":"token_refreshed","actor_id":"74dffe01-1824-4118-a205-87bace940e3a","actor_name":"Bonjour","actor_username":"c.fallotin@gmail.com","actor_via_sso":false,"log_type":"token"}', '2024-07-16 08:36:57.247129+00', ''),
	('00000000-0000-0000-0000-000000000000', '3aec9584-e84b-4a43-bb7d-d87578b34d55', '{"action":"token_revoked","actor_id":"74dffe01-1824-4118-a205-87bace940e3a","actor_name":"Bonjour","actor_username":"c.fallotin@gmail.com","actor_via_sso":false,"log_type":"token"}', '2024-07-16 08:36:57.249385+00', ''),
	('00000000-0000-0000-0000-000000000000', '2914afc0-2c05-4463-a4f6-69ab1ff333bf', '{"action":"token_refreshed","actor_id":"74dffe01-1824-4118-a205-87bace940e3a","actor_name":"Bonjour","actor_username":"c.fallotin@gmail.com","actor_via_sso":false,"log_type":"token"}', '2024-07-16 09:34:57.781908+00', ''),
	('00000000-0000-0000-0000-000000000000', '0fdcf8d7-1409-4815-b80e-b55ad18a3a61', '{"action":"token_revoked","actor_id":"74dffe01-1824-4118-a205-87bace940e3a","actor_name":"Bonjour","actor_username":"c.fallotin@gmail.com","actor_via_sso":false,"log_type":"token"}', '2024-07-16 09:34:57.784701+00', ''),
	('00000000-0000-0000-0000-000000000000', '6b2e4798-86b4-474d-b721-8c6e9b18741f', '{"action":"token_refreshed","actor_id":"74dffe01-1824-4118-a205-87bace940e3a","actor_name":"Bonjour","actor_username":"c.fallotin@gmail.com","actor_via_sso":false,"log_type":"token"}', '2024-07-16 10:32:58.813628+00', ''),
	('00000000-0000-0000-0000-000000000000', '12a1d49f-e96c-4169-a70c-5a2aaff4bc66', '{"action":"token_revoked","actor_id":"74dffe01-1824-4118-a205-87bace940e3a","actor_name":"Bonjour","actor_username":"c.fallotin@gmail.com","actor_via_sso":false,"log_type":"token"}', '2024-07-16 10:32:58.815183+00', ''),
	('00000000-0000-0000-0000-000000000000', '0febd19c-cfe2-4eec-a931-4cb39e1ce326', '{"action":"token_refreshed","actor_id":"74dffe01-1824-4118-a205-87bace940e3a","actor_name":"Bonjour","actor_username":"c.fallotin@gmail.com","actor_via_sso":false,"log_type":"token"}', '2024-07-16 11:31:08.789399+00', ''),
	('00000000-0000-0000-0000-000000000000', '943093af-7b59-49ef-aafe-26e814a9c7f0', '{"action":"token_revoked","actor_id":"74dffe01-1824-4118-a205-87bace940e3a","actor_name":"Bonjour","actor_username":"c.fallotin@gmail.com","actor_via_sso":false,"log_type":"token"}', '2024-07-16 11:31:08.792439+00', ''),
	('00000000-0000-0000-0000-000000000000', '84648890-2816-42c3-9e1d-13bee5db8860', '{"action":"token_refreshed","actor_id":"74dffe01-1824-4118-a205-87bace940e3a","actor_name":"Bonjour","actor_username":"c.fallotin@gmail.com","actor_via_sso":false,"log_type":"token"}', '2024-07-16 12:29:29.815419+00', ''),
	('00000000-0000-0000-0000-000000000000', '6435137e-46d9-458f-9b0f-a44a77c96b66', '{"action":"token_revoked","actor_id":"74dffe01-1824-4118-a205-87bace940e3a","actor_name":"Bonjour","actor_username":"c.fallotin@gmail.com","actor_via_sso":false,"log_type":"token"}', '2024-07-16 12:29:29.818443+00', ''),
	('00000000-0000-0000-0000-000000000000', '0cc79d5e-b92a-4312-981c-dfcdc926c85d', '{"action":"token_refreshed","actor_id":"74dffe01-1824-4118-a205-87bace940e3a","actor_name":"Bonjour","actor_username":"c.fallotin@gmail.com","actor_via_sso":false,"log_type":"token"}', '2024-07-16 12:42:20.468026+00', ''),
	('00000000-0000-0000-0000-000000000000', 'a15a5546-65cc-4f89-8b50-ad7314c79133', '{"action":"token_revoked","actor_id":"74dffe01-1824-4118-a205-87bace940e3a","actor_name":"Bonjour","actor_username":"c.fallotin@gmail.com","actor_via_sso":false,"log_type":"token"}', '2024-07-16 12:42:20.469939+00', ''),
	('00000000-0000-0000-0000-000000000000', 'b38fc79d-2e5a-40ed-877f-b3cc11726ca0', '{"action":"token_refreshed","actor_id":"76c8cee0-7630-46ea-a697-88d813c1688c","actor_username":"hateleylisa@gmail.com","actor_via_sso":false,"log_type":"token"}', '2024-07-16 12:42:38.18892+00', ''),
	('00000000-0000-0000-0000-000000000000', '4f96cec3-a5fe-4a1a-9e28-5643385cd24f', '{"action":"token_revoked","actor_id":"76c8cee0-7630-46ea-a697-88d813c1688c","actor_username":"hateleylisa@gmail.com","actor_via_sso":false,"log_type":"token"}', '2024-07-16 12:42:38.190882+00', ''),
	('00000000-0000-0000-0000-000000000000', '02029c54-1157-4449-8212-99dd8ce3f708', '{"action":"token_refreshed","actor_id":"74dffe01-1824-4118-a205-87bace940e3a","actor_name":"Bonjour","actor_username":"c.fallotin@gmail.com","actor_via_sso":false,"log_type":"token"}', '2024-07-16 21:56:02.666722+00', ''),
	('00000000-0000-0000-0000-000000000000', '655274cf-85b0-43fd-ab9c-44c4feb133ae', '{"action":"token_revoked","actor_id":"74dffe01-1824-4118-a205-87bace940e3a","actor_name":"Bonjour","actor_username":"c.fallotin@gmail.com","actor_via_sso":false,"log_type":"token"}', '2024-07-16 21:56:02.67088+00', ''),
	('00000000-0000-0000-0000-000000000000', '57d8bb0c-011d-4fb9-9e3e-9db37d6ce156', '{"action":"token_refreshed","actor_id":"74dffe01-1824-4118-a205-87bace940e3a","actor_name":"Bonjour","actor_username":"c.fallotin@gmail.com","actor_via_sso":false,"log_type":"token"}', '2024-07-16 23:23:00.297233+00', ''),
	('00000000-0000-0000-0000-000000000000', '1103155b-fc71-4cd9-a657-a5491284d48e', '{"action":"token_revoked","actor_id":"74dffe01-1824-4118-a205-87bace940e3a","actor_name":"Bonjour","actor_username":"c.fallotin@gmail.com","actor_via_sso":false,"log_type":"token"}', '2024-07-16 23:23:00.299086+00', ''),
	('00000000-0000-0000-0000-000000000000', 'c940942a-b8a2-4383-bd2c-82af7f885763', '{"action":"token_refreshed","actor_id":"74dffe01-1824-4118-a205-87bace940e3a","actor_name":"Bonjour","actor_username":"c.fallotin@gmail.com","actor_via_sso":false,"log_type":"token"}', '2024-07-17 01:24:43.499007+00', ''),
	('00000000-0000-0000-0000-000000000000', '419c0419-61a9-480b-b331-882e4f8b5d8a', '{"action":"token_revoked","actor_id":"74dffe01-1824-4118-a205-87bace940e3a","actor_name":"Bonjour","actor_username":"c.fallotin@gmail.com","actor_via_sso":false,"log_type":"token"}', '2024-07-17 01:24:43.501328+00', ''),
	('00000000-0000-0000-0000-000000000000', 'de322386-4748-4021-8066-02ff3f036729', '{"action":"token_refreshed","actor_id":"74dffe01-1824-4118-a205-87bace940e3a","actor_name":"Bonjour","actor_username":"c.fallotin@gmail.com","actor_via_sso":false,"log_type":"token"}', '2024-07-17 01:51:41.733042+00', ''),
	('00000000-0000-0000-0000-000000000000', '90afb825-f044-4550-8b70-307722f8a853', '{"action":"token_revoked","actor_id":"74dffe01-1824-4118-a205-87bace940e3a","actor_name":"Bonjour","actor_username":"c.fallotin@gmail.com","actor_via_sso":false,"log_type":"token"}', '2024-07-17 01:51:41.73539+00', ''),
	('00000000-0000-0000-0000-000000000000', 'efe60f6c-851b-4686-a21f-3d3da91f35a1', '{"action":"token_refreshed","actor_id":"74dffe01-1824-4118-a205-87bace940e3a","actor_name":"Bonjour","actor_username":"c.fallotin@gmail.com","actor_via_sso":false,"log_type":"token"}', '2024-07-17 02:50:11.323668+00', ''),
	('00000000-0000-0000-0000-000000000000', 'b241f32b-2594-4ac0-8f7a-e6f857589d54', '{"action":"token_revoked","actor_id":"74dffe01-1824-4118-a205-87bace940e3a","actor_name":"Bonjour","actor_username":"c.fallotin@gmail.com","actor_via_sso":false,"log_type":"token"}', '2024-07-17 02:50:11.3255+00', ''),
	('00000000-0000-0000-0000-000000000000', '7153e0ca-955b-4ace-8d04-f9a556d9896b', '{"action":"token_refreshed","actor_id":"74dffe01-1824-4118-a205-87bace940e3a","actor_name":"Bonjour","actor_username":"c.fallotin@gmail.com","actor_via_sso":false,"log_type":"token"}', '2024-07-17 03:48:18.385176+00', ''),
	('00000000-0000-0000-0000-000000000000', '6f227eef-e7cb-4dd5-a32e-31311a29d900', '{"action":"token_revoked","actor_id":"74dffe01-1824-4118-a205-87bace940e3a","actor_name":"Bonjour","actor_username":"c.fallotin@gmail.com","actor_via_sso":false,"log_type":"token"}', '2024-07-17 03:48:18.387171+00', ''),
	('00000000-0000-0000-0000-000000000000', '0750c646-85c9-4fb1-ad8f-e04e4740b0b7', '{"action":"user_modified","actor_id":"74dffe01-1824-4118-a205-87bace940e3a","actor_name":"Bonjour","actor_username":"c.fallotin@gmail.com","actor_via_sso":false,"log_type":"user"}', '2024-07-17 04:07:10.191079+00', ''),
	('00000000-0000-0000-0000-000000000000', '9580229b-0e4f-48c2-bb94-b4cc6b0422f6', '{"action":"user_modified","actor_id":"74dffe01-1824-4118-a205-87bace940e3a","actor_name":"Bonjour","actor_username":"c.fallotin@gmail.com","actor_via_sso":false,"log_type":"user"}', '2024-07-17 04:35:50.091009+00', ''),
	('00000000-0000-0000-0000-000000000000', 'b3574520-1901-4ffa-9837-4755c64464a2', '{"action":"user_modified","actor_id":"74dffe01-1824-4118-a205-87bace940e3a","actor_name":"Bonjour","actor_username":"c.fallotin@gmail.com","actor_via_sso":false,"log_type":"user"}', '2024-07-17 04:44:55.712093+00', ''),
	('00000000-0000-0000-0000-000000000000', '569557db-6f5d-4dec-8dec-79dc5c772259', '{"action":"token_refreshed","actor_id":"74dffe01-1824-4118-a205-87bace940e3a","actor_name":"Bonjour","actor_username":"c.fallotin@gmail.com","actor_via_sso":false,"log_type":"token"}', '2024-07-17 04:46:39.348233+00', ''),
	('00000000-0000-0000-0000-000000000000', '2138bc84-a402-42ac-a5ff-86fe020a19ea', '{"action":"token_revoked","actor_id":"74dffe01-1824-4118-a205-87bace940e3a","actor_name":"Bonjour","actor_username":"c.fallotin@gmail.com","actor_via_sso":false,"log_type":"token"}', '2024-07-17 04:46:39.350835+00', ''),
	('00000000-0000-0000-0000-000000000000', '06cae3c8-1172-4141-a69e-d99baf964b1a', '{"action":"user_modified","actor_id":"74dffe01-1824-4118-a205-87bace940e3a","actor_name":"Bonjour","actor_username":"c.fallotin@gmail.com","actor_via_sso":false,"log_type":"user"}', '2024-07-17 05:32:59.749904+00', ''),
	('00000000-0000-0000-0000-000000000000', 'bb0abc2c-f785-4b7c-86f7-a7521c9f9503', '{"action":"user_modified","actor_id":"74dffe01-1824-4118-a205-87bace940e3a","actor_name":"Bonjour","actor_username":"c.fallotin@gmail.com","actor_via_sso":false,"log_type":"user"}', '2024-07-17 05:38:43.551644+00', ''),
	('00000000-0000-0000-0000-000000000000', '3cf06210-12f5-4495-b256-080509a9e237', '{"action":"user_modified","actor_id":"74dffe01-1824-4118-a205-87bace940e3a","actor_name":"Bonjour","actor_username":"c.fallotin@gmail.com","actor_via_sso":false,"log_type":"user"}', '2024-07-17 05:44:27.704627+00', ''),
	('00000000-0000-0000-0000-000000000000', 'a81832fd-2e4d-4c7a-b39a-62a346d025f8', '{"action":"token_refreshed","actor_id":"74dffe01-1824-4118-a205-87bace940e3a","actor_name":"Bonjour","actor_username":"c.fallotin@gmail.com","actor_via_sso":false,"log_type":"token"}', '2024-07-17 05:44:39.26326+00', ''),
	('00000000-0000-0000-0000-000000000000', '8c4930cf-1ca5-406f-b93a-4c74580b65b5', '{"action":"token_revoked","actor_id":"74dffe01-1824-4118-a205-87bace940e3a","actor_name":"Bonjour","actor_username":"c.fallotin@gmail.com","actor_via_sso":false,"log_type":"token"}', '2024-07-17 05:44:39.264261+00', ''),
	('00000000-0000-0000-0000-000000000000', '9006147c-108f-43b5-beb5-756ab14d42f8', '{"action":"user_modified","actor_id":"74dffe01-1824-4118-a205-87bace940e3a","actor_name":"Bonjour","actor_username":"c.fallotin@gmail.com","actor_via_sso":false,"log_type":"user"}', '2024-07-17 06:05:17.07547+00', ''),
	('00000000-0000-0000-0000-000000000000', '75e61590-b0ec-412c-b60a-74b50e4ffd43', '{"action":"user_modified","actor_id":"74dffe01-1824-4118-a205-87bace940e3a","actor_name":"Bonjour","actor_username":"c.fallotin@gmail.com","actor_via_sso":false,"log_type":"user"}', '2024-07-17 06:06:03.347485+00', ''),
	('00000000-0000-0000-0000-000000000000', '1005f7bf-79ba-4c2e-baf6-3135e5acbfb3', '{"action":"user_modified","actor_id":"74dffe01-1824-4118-a205-87bace940e3a","actor_name":"Bonjour","actor_username":"c.fallotin@gmail.com","actor_via_sso":false,"log_type":"user"}', '2024-07-17 06:06:08.842322+00', ''),
	('00000000-0000-0000-0000-000000000000', '03b7beca-72f5-4c1d-b3ed-cc82d3565461', '{"action":"token_refreshed","actor_id":"74dffe01-1824-4118-a205-87bace940e3a","actor_name":"Bonjour","actor_username":"c.fallotin@gmail.com","actor_via_sso":false,"log_type":"token"}', '2024-07-17 06:42:54.399659+00', ''),
	('00000000-0000-0000-0000-000000000000', '163a0124-9c4c-4cd3-aebb-ab7c6e09626e', '{"action":"token_revoked","actor_id":"74dffe01-1824-4118-a205-87bace940e3a","actor_name":"Bonjour","actor_username":"c.fallotin@gmail.com","actor_via_sso":false,"log_type":"token"}', '2024-07-17 06:42:54.404113+00', ''),
	('00000000-0000-0000-0000-000000000000', 'f1fb3256-4dac-4b6d-bdec-602ea937a3a4', '{"action":"token_refreshed","actor_id":"76c8cee0-7630-46ea-a697-88d813c1688c","actor_username":"hateleylisa@gmail.com","actor_via_sso":false,"log_type":"token"}', '2024-07-17 07:11:20.366259+00', ''),
	('00000000-0000-0000-0000-000000000000', '57ea4101-c7fc-4cf4-bacf-bbbb232c4711', '{"action":"token_revoked","actor_id":"76c8cee0-7630-46ea-a697-88d813c1688c","actor_username":"hateleylisa@gmail.com","actor_via_sso":false,"log_type":"token"}', '2024-07-17 07:11:20.368222+00', ''),
	('00000000-0000-0000-0000-000000000000', '53ae91d0-9301-4c75-89be-5e6ffe93e68c', '{"action":"token_refreshed","actor_id":"74dffe01-1824-4118-a205-87bace940e3a","actor_name":"Bonjour","actor_username":"c.fallotin@gmail.com","actor_via_sso":false,"log_type":"token"}', '2024-07-17 07:11:59.375943+00', ''),
	('00000000-0000-0000-0000-000000000000', '039212ee-c80e-4562-b995-ee7988e6ca26', '{"action":"token_revoked","actor_id":"74dffe01-1824-4118-a205-87bace940e3a","actor_name":"Bonjour","actor_username":"c.fallotin@gmail.com","actor_via_sso":false,"log_type":"token"}', '2024-07-17 07:11:59.376534+00', ''),
	('00000000-0000-0000-0000-000000000000', '220ad5d0-5203-4c9b-8e8c-788bbfe17574', '{"action":"user_modified","actor_id":"76c8cee0-7630-46ea-a697-88d813c1688c","actor_username":"hateleylisa@gmail.com","actor_via_sso":false,"log_type":"user"}', '2024-07-17 07:12:10.719422+00', ''),
	('00000000-0000-0000-0000-000000000000', 'd071c92e-4c59-4d33-86ab-62d8a3fd02ee', '{"action":"user_modified","actor_id":"74dffe01-1824-4118-a205-87bace940e3a","actor_name":"Bonjour","actor_username":"c.fallotin@gmail.com","actor_via_sso":false,"log_type":"user"}', '2024-07-17 07:15:27.085427+00', ''),
	('00000000-0000-0000-0000-000000000000', '63ef1d1f-e818-4b96-829e-43172d9560ba', '{"action":"token_refreshed","actor_id":"74dffe01-1824-4118-a205-87bace940e3a","actor_name":"Bonjour","actor_username":"c.fallotin@gmail.com","actor_via_sso":false,"log_type":"token"}', '2024-07-17 07:40:55.795823+00', ''),
	('00000000-0000-0000-0000-000000000000', '4f2b47d3-7420-457c-914b-33fa8e8c68b3', '{"action":"token_revoked","actor_id":"74dffe01-1824-4118-a205-87bace940e3a","actor_name":"Bonjour","actor_username":"c.fallotin@gmail.com","actor_via_sso":false,"log_type":"token"}', '2024-07-17 07:40:55.797679+00', ''),
	('00000000-0000-0000-0000-000000000000', '8787a15f-d592-4634-bfe3-29993e275182', '{"action":"user_modified","actor_id":"74dffe01-1824-4118-a205-87bace940e3a","actor_name":"Bonjour","actor_username":"c.fallotin@gmail.com","actor_via_sso":false,"log_type":"user"}', '2024-07-17 08:00:19.567107+00', ''),
	('00000000-0000-0000-0000-000000000000', '3431b323-11dc-49c0-bcc3-6571e72b27d4', '{"action":"token_refreshed","actor_id":"74dffe01-1824-4118-a205-87bace940e3a","actor_name":"Bonjour","actor_username":"c.fallotin@gmail.com","actor_via_sso":false,"log_type":"token"}', '2024-07-17 08:38:56.69912+00', ''),
	('00000000-0000-0000-0000-000000000000', '0032977a-c61a-4005-aea3-c5c911512026', '{"action":"token_revoked","actor_id":"74dffe01-1824-4118-a205-87bace940e3a","actor_name":"Bonjour","actor_username":"c.fallotin@gmail.com","actor_via_sso":false,"log_type":"token"}', '2024-07-17 08:38:56.700876+00', ''),
	('00000000-0000-0000-0000-000000000000', '6fe90e4c-bdcf-44be-9417-ac99bad3209a', '{"action":"token_refreshed","actor_id":"74dffe01-1824-4118-a205-87bace940e3a","actor_name":"Bonjour","actor_username":"c.fallotin@gmail.com","actor_via_sso":false,"log_type":"token"}', '2024-07-17 09:37:17.474202+00', ''),
	('00000000-0000-0000-0000-000000000000', '5a274ae8-8b57-4ea5-a104-2e266e6176c0', '{"action":"token_revoked","actor_id":"74dffe01-1824-4118-a205-87bace940e3a","actor_name":"Bonjour","actor_username":"c.fallotin@gmail.com","actor_via_sso":false,"log_type":"token"}', '2024-07-17 09:37:17.478269+00', ''),
	('00000000-0000-0000-0000-000000000000', 'aaea1d10-928d-47c6-996c-cf43c6f4fa76', '{"action":"token_refreshed","actor_id":"74dffe01-1824-4118-a205-87bace940e3a","actor_name":"Bonjour","actor_username":"c.fallotin@gmail.com","actor_via_sso":false,"log_type":"token"}', '2024-07-17 10:35:22.291284+00', ''),
	('00000000-0000-0000-0000-000000000000', '852638c8-071a-4750-8bc0-73d9d28d779a', '{"action":"token_revoked","actor_id":"74dffe01-1824-4118-a205-87bace940e3a","actor_name":"Bonjour","actor_username":"c.fallotin@gmail.com","actor_via_sso":false,"log_type":"token"}', '2024-07-17 10:35:22.293596+00', ''),
	('00000000-0000-0000-0000-000000000000', '24b34431-bc09-4088-9fce-1b8f300bb8c5', '{"action":"token_refreshed","actor_id":"74dffe01-1824-4118-a205-87bace940e3a","actor_name":"Bonjour","actor_username":"c.fallotin@gmail.com","actor_via_sso":false,"log_type":"token"}', '2024-07-17 11:32:49.545678+00', ''),
	('00000000-0000-0000-0000-000000000000', 'd13ca006-dd76-472e-a482-8f2d0630e3f3', '{"action":"token_revoked","actor_id":"74dffe01-1824-4118-a205-87bace940e3a","actor_name":"Bonjour","actor_username":"c.fallotin@gmail.com","actor_via_sso":false,"log_type":"token"}', '2024-07-17 11:32:49.550211+00', ''),
	('00000000-0000-0000-0000-000000000000', 'ededa619-581e-453a-b712-6d651efa392e', '{"action":"token_refreshed","actor_id":"74dffe01-1824-4118-a205-87bace940e3a","actor_name":"Bonjour","actor_username":"c.fallotin@gmail.com","actor_via_sso":false,"log_type":"token"}', '2024-07-17 11:32:51.28743+00', ''),
	('00000000-0000-0000-0000-000000000000', '9c6cd753-ce81-439c-ad84-a8e3caf74394', '{"action":"token_refreshed","actor_id":"74dffe01-1824-4118-a205-87bace940e3a","actor_name":"Bonjour","actor_username":"c.fallotin@gmail.com","actor_via_sso":false,"log_type":"token"}', '2024-07-17 11:33:39.833602+00', ''),
	('00000000-0000-0000-0000-000000000000', '4b8d473d-a6cd-4bfa-b4ef-9241d54888e4', '{"action":"token_revoked","actor_id":"74dffe01-1824-4118-a205-87bace940e3a","actor_name":"Bonjour","actor_username":"c.fallotin@gmail.com","actor_via_sso":false,"log_type":"token"}', '2024-07-17 11:33:39.834255+00', ''),
	('00000000-0000-0000-0000-000000000000', '1b681cdd-f5ae-4f14-82da-4852aea14669', '{"action":"token_refreshed","actor_id":"76c8cee0-7630-46ea-a697-88d813c1688c","actor_username":"hateleylisa@gmail.com","actor_via_sso":false,"log_type":"token"}', '2024-07-17 11:49:11.996504+00', ''),
	('00000000-0000-0000-0000-000000000000', '477be18f-4f00-4691-832a-856ec1dad425', '{"action":"token_revoked","actor_id":"76c8cee0-7630-46ea-a697-88d813c1688c","actor_username":"hateleylisa@gmail.com","actor_via_sso":false,"log_type":"token"}', '2024-07-17 11:49:11.998567+00', ''),
	('00000000-0000-0000-0000-000000000000', '94aa3917-5681-4e92-b521-80e79d3f69bd', '{"action":"token_refreshed","actor_id":"74dffe01-1824-4118-a205-87bace940e3a","actor_name":"Bonjour","actor_username":"c.fallotin@gmail.com","actor_via_sso":false,"log_type":"token"}', '2024-07-18 00:13:06.269613+00', ''),
	('00000000-0000-0000-0000-000000000000', '47a75764-b90e-4e05-9e32-266cb3b4c4cc', '{"action":"token_revoked","actor_id":"74dffe01-1824-4118-a205-87bace940e3a","actor_name":"Bonjour","actor_username":"c.fallotin@gmail.com","actor_via_sso":false,"log_type":"token"}', '2024-07-18 00:13:06.271698+00', ''),
	('00000000-0000-0000-0000-000000000000', '6c502395-9503-43e7-9d4f-17dd588199e0', '{"action":"token_refreshed","actor_id":"74dffe01-1824-4118-a205-87bace940e3a","actor_name":"Bonjour","actor_username":"c.fallotin@gmail.com","actor_via_sso":false,"log_type":"token"}', '2024-07-18 00:18:42.128257+00', ''),
	('00000000-0000-0000-0000-000000000000', '22987edb-5f33-45b9-aa86-6c9cc08fa69c', '{"action":"token_revoked","actor_id":"74dffe01-1824-4118-a205-87bace940e3a","actor_name":"Bonjour","actor_username":"c.fallotin@gmail.com","actor_via_sso":false,"log_type":"token"}', '2024-07-18 00:18:42.130776+00', ''),
	('00000000-0000-0000-0000-000000000000', '3cc4ddb5-dca8-4559-af8b-a3b3fcb9687f', '{"action":"token_refreshed","actor_id":"74dffe01-1824-4118-a205-87bace940e3a","actor_name":"Bonjour","actor_username":"c.fallotin@gmail.com","actor_via_sso":false,"log_type":"token"}', '2024-07-18 01:16:44.123252+00', ''),
	('00000000-0000-0000-0000-000000000000', 'fd7e08d5-fcc4-4b30-a232-83f15a70efad', '{"action":"token_revoked","actor_id":"74dffe01-1824-4118-a205-87bace940e3a","actor_name":"Bonjour","actor_username":"c.fallotin@gmail.com","actor_via_sso":false,"log_type":"token"}', '2024-07-18 01:16:44.12469+00', '');


--
-- Data for Name: flow_state; Type: TABLE DATA; Schema: auth; Owner: supabase_auth_admin
--

INSERT INTO "auth"."flow_state" ("id", "user_id", "auth_code", "code_challenge_method", "code_challenge", "provider_type", "provider_access_token", "provider_refresh_token", "created_at", "updated_at", "authentication_method", "auth_code_issued_at") VALUES
	('2a60c8ad-47e0-4640-a5df-b42d9cf01bb9', '74dffe01-1824-4118-a205-87bace940e3a', '04859958-21ef-4462-9283-eff583a8907b', 's256', '4AfVdVi5NXl5wc5TgcC_NjbCaf3Z-gDnsKhwpEx0YEA', 'email', '', '', '2024-05-09 02:45:33.826622+00', '2024-05-09 02:46:12.905891+00', 'email/signup', '2024-05-09 02:46:12.905848+00');


--
-- Data for Name: users; Type: TABLE DATA; Schema: auth; Owner: supabase_auth_admin
--

INSERT INTO "auth"."users" ("instance_id", "id", "aud", "role", "email", "encrypted_password", "email_confirmed_at", "invited_at", "confirmation_token", "confirmation_sent_at", "recovery_token", "recovery_sent_at", "email_change_token_new", "email_change", "email_change_sent_at", "last_sign_in_at", "raw_app_meta_data", "raw_user_meta_data", "is_super_admin", "created_at", "updated_at", "phone", "phone_confirmed_at", "phone_change", "phone_change_token", "phone_change_sent_at", "email_change_token_current", "email_change_confirm_status", "banned_until", "reauthentication_token", "reauthentication_sent_at", "is_sso_user", "deleted_at", "is_anonymous") VALUES
	('00000000-0000-0000-0000-000000000000', '58c6ca51-b625-4e32-9962-b06894652fd6', 'authenticated', 'authenticated', 'c.fallotin+2@gmail.com', '$2a$10$lokZK9iUr9o5s6uD4tOgleGQPmrubn5sfVYeBRnbBGbl/zhXbO2L.', '2024-05-09 03:35:44.328347+00', NULL, '', '2024-05-09 03:35:11.792599+00', '', NULL, '', '', NULL, '2024-05-09 03:35:45.741938+00', '{"provider": "email", "providers": ["email"]}', '{"sub": "58c6ca51-b625-4e32-9962-b06894652fd6", "email": "c.fallotin+2@gmail.com", "full_name": "CHAD2", "email_verified": false, "phone_verified": false}', NULL, '2024-05-09 03:35:11.778385+00', '2024-05-09 05:56:56.698881+00', NULL, NULL, '', '', NULL, '', 0, NULL, '', NULL, false, NULL, false),
	('00000000-0000-0000-0000-000000000000', '76c8cee0-7630-46ea-a697-88d813c1688c', 'authenticated', 'authenticated', 'hateleylisa@gmail.com', '', '2024-06-11 10:43:38.556878+00', NULL, '', NULL, '', NULL, '', '', NULL, '2024-06-12 09:12:43.909886+00', '{"provider": "apple", "providers": ["apple"]}', '{"iss": "https://appleid.apple.com", "sub": "000291.0af8e0a64eb8492bb83a12308acdfbe5.1043", "email": "hateleylisa@gmail.com", "username": "Your Eminence ", "avatar_url": "https://jgewlgweozgpouputpjs.supabase.co/storage/v1/object/public/avatars/avatars/1721200328003-atwsl5.jpg", "provider_id": "000291.0af8e0a64eb8492bb83a12308acdfbe5.1043", "custom_claims": {"auth_time": 1718183561}, "email_verified": true, "phone_verified": false}', NULL, '2024-06-11 10:43:38.535826+00', '2024-07-17 11:49:12.005276+00', NULL, NULL, '', '', NULL, '', 0, NULL, '', NULL, false, NULL, false),
	('00000000-0000-0000-0000-000000000000', '9d0346e8-d342-4ea5-9af3-5aa9754ade76', 'authenticated', 'authenticated', '64b9tvf5h7@privaterelay.appleid.com', '', '2024-06-06 01:55:24.370403+00', NULL, '', NULL, '', NULL, '', '', NULL, '2024-06-28 00:23:24.863672+00', '{"provider": "apple", "providers": ["apple"]}', '{"iss": "https://appleid.apple.com", "sub": "001491.27c3c34efd7e4b1bb39590e14b3ca480.0150", "email": "64b9tvf5h7@privaterelay.appleid.com", "provider_id": "001491.27c3c34efd7e4b1bb39590e14b3ca480.0150", "custom_claims": {"auth_time": 1719534202, "is_private_email": true}, "email_verified": true, "phone_verified": false}', NULL, '2024-06-06 01:55:24.337224+00', '2024-06-28 00:23:24.868489+00', NULL, NULL, '', '', NULL, '', 0, NULL, '', NULL, false, NULL, false),
	('00000000-0000-0000-0000-000000000000', '74dffe01-1824-4118-a205-87bace940e3a', 'authenticated', 'authenticated', 'c.fallotin@gmail.com', '$2a$10$qRvB1TKW7/x5sqN41oaRI.4gWeRAHDJ3ElFeUfhJVLVIpJsLtE.9W', '2024-05-09 02:46:12.901782+00', NULL, '', '2024-05-09 02:45:33.827691+00', '', NULL, '', '', NULL, '2024-07-06 08:57:50.896368+00', '{"provider": "email", "providers": ["email"]}', '{"sub": "74dffe01-1824-4118-a205-87bace940e3a", "email": "c.fallotin@gmail.com", "username": "cf913", "full_name": "Bonjour", "avatar_url": "https://jgewlgweozgpouputpjs.supabase.co/storage/v1/object/public/avatars/avatars/1721203218633-9coyhu.jpg", "email_verified": false, "phone_verified": false}', NULL, '2024-05-09 02:45:33.808751+00', '2024-07-18 01:16:44.131356+00', NULL, NULL, '', '', NULL, '', 0, NULL, '', NULL, false, NULL, false),
	('00000000-0000-0000-0000-000000000000', 'ddee3ea7-0d3d-4194-8ab1-5e0a36ec2026', 'authenticated', 'authenticated', '6kgrw22qg8@privaterelay.appleid.com', '', '2024-05-29 05:56:44.060565+00', NULL, '', NULL, '', NULL, '', '', NULL, '2024-06-05 14:17:47.026151+00', '{"provider": "apple", "providers": ["apple"]}', '{"iss": "https://appleid.apple.com", "sub": "001491.c8590ef02b754efd977b3ee41c93a05f.0556", "email": "6kgrw22qg8@privaterelay.appleid.com", "provider_id": "001491.c8590ef02b754efd977b3ee41c93a05f.0556", "custom_claims": {"auth_time": 1717597064, "is_private_email": true}, "email_verified": true, "phone_verified": false}', NULL, '2024-05-29 05:56:44.04666+00', '2024-06-27 15:17:20.07668+00', NULL, NULL, '', '', NULL, '', 0, NULL, '', NULL, false, NULL, false);


--
-- Data for Name: identities; Type: TABLE DATA; Schema: auth; Owner: supabase_auth_admin
--

INSERT INTO "auth"."identities" ("provider_id", "user_id", "identity_data", "provider", "last_sign_in_at", "created_at", "updated_at", "id") VALUES
	('74dffe01-1824-4118-a205-87bace940e3a', '74dffe01-1824-4118-a205-87bace940e3a', '{"sub": "74dffe01-1824-4118-a205-87bace940e3a", "email": "c.fallotin@gmail.com", "email_verified": false, "phone_verified": false}', 'email', '2024-05-09 02:45:33.820349+00', '2024-05-09 02:45:33.82041+00', '2024-05-09 02:45:33.82041+00', 'a078f2f9-5daa-4f8b-b014-fcab36f1d5ed'),
	('58c6ca51-b625-4e32-9962-b06894652fd6', '58c6ca51-b625-4e32-9962-b06894652fd6', '{"sub": "58c6ca51-b625-4e32-9962-b06894652fd6", "email": "c.fallotin+2@gmail.com", "email_verified": false, "phone_verified": false}', 'email', '2024-05-09 03:35:11.78718+00', '2024-05-09 03:35:11.787232+00', '2024-05-09 03:35:11.787232+00', 'fa69ba11-235f-45ee-b76a-f388059cf0f7'),
	('000291.0af8e0a64eb8492bb83a12308acdfbe5.1043', '76c8cee0-7630-46ea-a697-88d813c1688c', '{"iss": "https://appleid.apple.com", "sub": "000291.0af8e0a64eb8492bb83a12308acdfbe5.1043", "email": "hateleylisa@gmail.com", "provider_id": "000291.0af8e0a64eb8492bb83a12308acdfbe5.1043", "custom_claims": {"auth_time": 1718183561}, "email_verified": true, "phone_verified": false}', 'apple', '2024-06-11 10:43:38.55015+00', '2024-06-11 10:43:38.550195+00', '2024-06-12 09:12:43.904859+00', '55c0f1bf-a79b-495a-a803-f34cc05c8fd1'),
	('001491.c8590ef02b754efd977b3ee41c93a05f.0556', 'ddee3ea7-0d3d-4194-8ab1-5e0a36ec2026', '{"iss": "https://appleid.apple.com", "sub": "001491.c8590ef02b754efd977b3ee41c93a05f.0556", "email": "6kgrw22qg8@privaterelay.appleid.com", "provider_id": "001491.c8590ef02b754efd977b3ee41c93a05f.0556", "custom_claims": {"auth_time": 1717597064, "is_private_email": true}, "email_verified": true, "phone_verified": false}', 'apple', '2024-05-29 05:56:44.05404+00', '2024-05-29 05:56:44.054089+00', '2024-06-05 14:17:47.017005+00', '91477dd1-fe46-4fc9-9c21-c16445dfda74'),
	('001491.27c3c34efd7e4b1bb39590e14b3ca480.0150', '9d0346e8-d342-4ea5-9af3-5aa9754ade76', '{"iss": "https://appleid.apple.com", "sub": "001491.27c3c34efd7e4b1bb39590e14b3ca480.0150", "email": "64b9tvf5h7@privaterelay.appleid.com", "provider_id": "001491.27c3c34efd7e4b1bb39590e14b3ca480.0150", "custom_claims": {"auth_time": 1719534202, "is_private_email": true}, "email_verified": true, "phone_verified": false}', 'apple', '2024-06-06 01:55:24.356693+00', '2024-06-06 01:55:24.356753+00', '2024-06-28 00:23:24.860084+00', '3d018ebd-a8d6-4442-ae3d-99e9e8f063c3');


--
-- Data for Name: instances; Type: TABLE DATA; Schema: auth; Owner: supabase_auth_admin
--



--
-- Data for Name: sessions; Type: TABLE DATA; Schema: auth; Owner: supabase_auth_admin
--

INSERT INTO "auth"."sessions" ("id", "user_id", "created_at", "updated_at", "factor_id", "aal", "not_after", "refreshed_at", "user_agent", "ip", "tag") VALUES
	('b4d70bb2-411e-4f17-ab70-f1c208a12689', '76c8cee0-7630-46ea-a697-88d813c1688c', '2024-06-12 09:12:43.909953+00', '2024-07-17 11:49:12.006916+00', NULL, 'aal1', NULL, '2024-07-17 11:49:12.006845', 'Capito/0 CFNetwork/1496.0.7 Darwin/23.5.0', '1.128.17.163', NULL),
	('e48a2708-c2e8-4c71-bce2-14179479987e', '74dffe01-1824-4118-a205-87bace940e3a', '2024-07-03 20:51:40.797261+00', '2024-07-18 00:13:06.27977+00', NULL, 'aal1', NULL, '2024-07-18 00:13:06.279701', 'Capito/0 CFNetwork/1496.0.7 Darwin/23.5.0', '101.115.68.159', NULL),
	('8c3d6c8f-ce92-459e-a23f-76cee081d0f0', '74dffe01-1824-4118-a205-87bace940e3a', '2024-07-06 08:57:50.897404+00', '2024-07-18 01:16:44.133239+00', NULL, 'aal1', NULL, '2024-07-18 01:16:44.133161', 'Capito/0 CFNetwork/1496.0.7 Darwin/23.5.0', '101.115.68.159', NULL),
	('6b9aaf8a-2f8f-4a49-ba09-e61435590bf5', '76c8cee0-7630-46ea-a697-88d813c1688c', '2024-06-11 10:43:38.559352+00', '2024-06-12 09:11:00.134517+00', NULL, 'aal1', NULL, '2024-06-12 09:11:00.134443', 'budgetkeepr/3 CFNetwork/1496.0.7 Darwin/23.5.0', '101.115.179.102', NULL);


--
-- Data for Name: mfa_amr_claims; Type: TABLE DATA; Schema: auth; Owner: supabase_auth_admin
--

INSERT INTO "auth"."mfa_amr_claims" ("session_id", "created_at", "updated_at", "authentication_method", "id") VALUES
	('6b9aaf8a-2f8f-4a49-ba09-e61435590bf5', '2024-06-11 10:43:38.56233+00', '2024-06-11 10:43:38.56233+00', 'oauth', 'd6047a1d-2f7f-4499-85ea-348955e6570a'),
	('b4d70bb2-411e-4f17-ab70-f1c208a12689', '2024-06-12 09:12:43.912456+00', '2024-06-12 09:12:43.912456+00', 'oauth', '51af312a-c1ff-4897-901e-ed6dd0b41e14'),
	('e48a2708-c2e8-4c71-bce2-14179479987e', '2024-07-03 20:51:40.80508+00', '2024-07-03 20:51:40.80508+00', 'password', '715c46f2-0c97-49ee-bede-80fc4954684c'),
	('8c3d6c8f-ce92-459e-a23f-76cee081d0f0', '2024-07-06 08:57:50.934829+00', '2024-07-06 08:57:50.934829+00', 'password', 'e2b4a46d-3ba3-46b1-bea9-6fa47e9d2f12');


--
-- Data for Name: mfa_factors; Type: TABLE DATA; Schema: auth; Owner: supabase_auth_admin
--



--
-- Data for Name: mfa_challenges; Type: TABLE DATA; Schema: auth; Owner: supabase_auth_admin
--



--
-- Data for Name: one_time_tokens; Type: TABLE DATA; Schema: auth; Owner: supabase_auth_admin
--



--
-- Data for Name: refresh_tokens; Type: TABLE DATA; Schema: auth; Owner: supabase_auth_admin
--

INSERT INTO "auth"."refresh_tokens" ("instance_id", "id", "token", "user_id", "revoked", "created_at", "updated_at", "parent", "session_id") VALUES
	('00000000-0000-0000-0000-000000000000', 339, 'JN1IvZlwO_3oPJxbDILHDA', '76c8cee0-7630-46ea-a697-88d813c1688c', true, '2024-06-18 02:38:31.140111+00', '2024-06-19 04:26:00.460336+00', 'AmI1EtM8j-PJ2ECaYS9PCg', 'b4d70bb2-411e-4f17-ab70-f1c208a12689'),
	('00000000-0000-0000-0000-000000000000', 550, '33llI2ynmiTjmqmKWw64rw', '76c8cee0-7630-46ea-a697-88d813c1688c', true, '2024-07-03 03:58:53.295615+00', '2024-07-03 20:32:10.470405+00', 'FZRsfmdtnqmuI5vpVgp7yA', 'b4d70bb2-411e-4f17-ab70-f1c208a12689'),
	('00000000-0000-0000-0000-000000000000', 622, 'rUJSm8vNXICakMyhhZCHSg', '74dffe01-1824-4118-a205-87bace940e3a', true, '2024-07-14 08:14:36.39464+00', '2024-07-14 09:12:55.713455+00', '9t_-3zuihGsE80ZXgK44zA', '8c3d6c8f-ce92-459e-a23f-76cee081d0f0'),
	('00000000-0000-0000-0000-000000000000', 355, 'rqHleYy7jHc5hhoUqINStA', '76c8cee0-7630-46ea-a697-88d813c1688c', true, '2024-06-19 04:26:00.462149+00', '2024-06-19 05:33:33.50029+00', 'JN1IvZlwO_3oPJxbDILHDA', 'b4d70bb2-411e-4f17-ab70-f1c208a12689'),
	('00000000-0000-0000-0000-000000000000', 300, '1INffCU5fuDlgan59xmXDQ', '76c8cee0-7630-46ea-a697-88d813c1688c', true, '2024-06-16 11:00:04.857116+00', '2024-06-17 00:48:46.470453+00', 'y-K6V_-Bi2hx94GYwPOTOw', 'b4d70bb2-411e-4f17-ab70-f1c208a12689'),
	('00000000-0000-0000-0000-000000000000', 264, 'P7bKpyIyiKi7j6NI1KT_HQ', '76c8cee0-7630-46ea-a697-88d813c1688c', true, '2024-06-15 04:20:43.522164+00', '2024-06-16 00:40:31.421717+00', 'OT4T6vHT8egVqe5B6pIIlg', 'b4d70bb2-411e-4f17-ab70-f1c208a12689'),
	('00000000-0000-0000-0000-000000000000', 556, '2g17zRjt8amx8QmN2D123A', '74dffe01-1824-4118-a205-87bace940e3a', true, '2024-07-05 00:30:24.917056+00', '2024-07-05 04:50:45.457459+00', 'v9DQuZKJzCMOf475kN0jWA', 'e48a2708-c2e8-4c71-bce2-14179479987e'),
	('00000000-0000-0000-0000-000000000000', 624, 'TDBuit7DJET5Q-Y3meHGRg', '74dffe01-1824-4118-a205-87bace940e3a', true, '2024-07-14 09:12:55.721831+00', '2024-07-14 10:10:56.607669+00', 'rUJSm8vNXICakMyhhZCHSg', '8c3d6c8f-ce92-459e-a23f-76cee081d0f0'),
	('00000000-0000-0000-0000-000000000000', 560, 'RPMBqzougNI6CPAeGO6JPw', '74dffe01-1824-4118-a205-87bace940e3a', true, '2024-07-06 09:56:00.802202+00', '2024-07-06 10:54:02.640353+00', 'uqTocT3zbZwEpoJJYk4rtQ', '8c3d6c8f-ce92-459e-a23f-76cee081d0f0'),
	('00000000-0000-0000-0000-000000000000', 514, 'lSWYsjM_rBfY3syJ81d7jQ', '76c8cee0-7630-46ea-a697-88d813c1688c', true, '2024-06-30 09:43:50.812333+00', '2024-06-30 21:28:50.413807+00', 'KvsBodQ6nh-Lbv5KYuCGdQ', 'b4d70bb2-411e-4f17-ab70-f1c208a12689'),
	('00000000-0000-0000-0000-000000000000', 304, 'k-7toyitSgr58--yhRlC6Q', '76c8cee0-7630-46ea-a697-88d813c1688c', true, '2024-06-17 00:48:46.472578+00', '2024-06-17 08:45:57.984753+00', '1INffCU5fuDlgan59xmXDQ', 'b4d70bb2-411e-4f17-ab70-f1c208a12689'),
	('00000000-0000-0000-0000-000000000000', 564, 'y3bNaDy_mSlpmmFvCzklNg', '74dffe01-1824-4118-a205-87bace940e3a', true, '2024-07-07 05:45:17.340655+00', '2024-07-07 10:22:24.316602+00', '3dSGOQoCHHrHxvUk6Y0jhw', 'e48a2708-c2e8-4c71-bce2-14179479987e'),
	('00000000-0000-0000-0000-000000000000', 552, 'PwRBeoG7H0FT4HNE_Ve8lg', '76c8cee0-7630-46ea-a697-88d813c1688c', true, '2024-07-03 20:32:10.474286+00', '2024-07-08 04:15:23.403145+00', '33llI2ynmiTjmqmKWw64rw', 'b4d70bb2-411e-4f17-ab70-f1c208a12689'),
	('00000000-0000-0000-0000-000000000000', 481, '_hN2ZDzuCbTnwn7YpHZmJg', '76c8cee0-7630-46ea-a697-88d813c1688c', true, '2024-06-28 02:43:32.268627+00', '2024-06-28 21:50:47.696059+00', 'rROU_RAn09c63TJu2XG3mA', 'b4d70bb2-411e-4f17-ab70-f1c208a12689'),
	('00000000-0000-0000-0000-000000000000', 623, '0Uc3x5LI6ddsJ6JRptgBGQ', '74dffe01-1824-4118-a205-87bace940e3a', true, '2024-07-14 08:15:21.752457+00', '2024-07-14 13:25:25.921726+00', 'hMjteHV_uxEe3urhpWg1yQ', 'e48a2708-c2e8-4c71-bce2-14179479987e'),
	('00000000-0000-0000-0000-000000000000', 568, 'u2HYsigeRMNj8Gp8jEuBZg', '74dffe01-1824-4118-a205-87bace940e3a', true, '2024-07-08 04:22:41.094304+00', '2024-07-08 11:06:02.316129+00', 'imwkbdYLGCAMaehu2A8_ZQ', 'e48a2708-c2e8-4c71-bce2-14179479987e'),
	('00000000-0000-0000-0000-000000000000', 394, 'aCBVcq9o7J3DxRg2UcshXQ', '76c8cee0-7630-46ea-a697-88d813c1688c', true, '2024-06-21 07:10:37.477768+00', '2024-06-23 00:15:18.892155+00', '4a72uDPwxeitsCU7IZaBPQ', 'b4d70bb2-411e-4f17-ab70-f1c208a12689'),
	('00000000-0000-0000-0000-000000000000', 628, 'JF47bWbJ0Lxg4J453OhiJg', '74dffe01-1824-4118-a205-87bace940e3a', true, '2024-07-14 13:13:48.576804+00', '2024-07-14 14:12:17.625716+00', 'X-6pX0IO03GtcD4GOOztuA', '8c3d6c8f-ce92-459e-a23f-76cee081d0f0'),
	('00000000-0000-0000-0000-000000000000', 572, 'EI_xgpqMWlOkYFwUDDrA8w', '74dffe01-1824-4118-a205-87bace940e3a', true, '2024-07-08 23:02:45.841848+00', '2024-07-09 03:35:42.861292+00', 'oJoWCu-gsrX3MlfM3Zbabg', 'e48a2708-c2e8-4c71-bce2-14179479987e'),
	('00000000-0000-0000-0000-000000000000', 632, 'prczDGcJO0GlbuYIbHK0zg', '74dffe01-1824-4118-a205-87bace940e3a', true, '2024-07-14 15:37:09.764968+00', '2024-07-14 22:52:46.714195+00', 'xyCCv7Rk47TxF89g8qc5PQ', 'e48a2708-c2e8-4c71-bce2-14179479987e'),
	('00000000-0000-0000-0000-000000000000', 576, '6SGwUkPjSQv8Sp6_Ki6wtA', '76c8cee0-7630-46ea-a697-88d813c1688c', true, '2024-07-09 03:45:09.78775+00', '2024-07-10 06:06:44.6537+00', 'cOkaTzQekC9oHV_dOZCbQw', 'b4d70bb2-411e-4f17-ab70-f1c208a12689'),
	('00000000-0000-0000-0000-000000000000', 580, 'asMZRvT0xzZ5royGyb7q7w', '74dffe01-1824-4118-a205-87bace940e3a', true, '2024-07-10 02:22:40.176418+00', '2024-07-10 06:56:13.674865+00', 'H88MfNcrXjLyYnmQhnwIeQ', 'e48a2708-c2e8-4c71-bce2-14179479987e'),
	('00000000-0000-0000-0000-000000000000', 501, 'eLI8rB9HiF-eZyuqqW_M9A', '76c8cee0-7630-46ea-a697-88d813c1688c', true, '2024-06-29 12:57:22.096449+00', '2024-06-29 22:52:40.912347+00', 'UNaEXCXLMOmakABWrTDc8Q', 'b4d70bb2-411e-4f17-ab70-f1c208a12689'),
	('00000000-0000-0000-0000-000000000000', 584, 'PLz0EYElofvyL47VUnA8Vw', '74dffe01-1824-4118-a205-87bace940e3a', true, '2024-07-10 08:27:09.091717+00', '2024-07-10 09:25:22.164371+00', 'NEHzlvnvz2jf4JfEhIiCYg', '8c3d6c8f-ce92-459e-a23f-76cee081d0f0'),
	('00000000-0000-0000-0000-000000000000', 588, '6gpD-UNjHoJyLd96Q0pVEA', '74dffe01-1824-4118-a205-87bace940e3a', true, '2024-07-10 20:16:51.497187+00', '2024-07-11 03:17:48.18276+00', 'yACLeGriYPzUGaNg8YkBgA', 'e48a2708-c2e8-4c71-bce2-14179479987e'),
	('00000000-0000-0000-0000-000000000000', 412, 'Hojx3el4tKkZVrvSFKKktA', '76c8cee0-7630-46ea-a697-88d813c1688c', true, '2024-06-23 00:15:18.893615+00', '2024-06-23 21:53:34.686013+00', 'aCBVcq9o7J3DxRg2UcshXQ', 'b4d70bb2-411e-4f17-ab70-f1c208a12689'),
	('00000000-0000-0000-0000-000000000000', 640, 'IOdkTw_uBQ-aKbD2BPTAAw', '74dffe01-1824-4118-a205-87bace940e3a', true, '2024-07-15 04:44:48.060263+00', '2024-07-15 05:43:17.919098+00', '8jO54Xs8wjSbDXG_zGutyQ', '8c3d6c8f-ce92-459e-a23f-76cee081d0f0'),
	('00000000-0000-0000-0000-000000000000', 592, 'YRzdWSWoW8qQba7ZpvftpA', '74dffe01-1824-4118-a205-87bace940e3a', true, '2024-07-11 09:40:36.597786+00', '2024-07-11 10:38:44.120922+00', 'iZnHh0bLWoekNTT8LtZzZw', '8c3d6c8f-ce92-459e-a23f-76cee081d0f0'),
	('00000000-0000-0000-0000-000000000000', 636, 'FRiWfK1XR3jM4iz9qejBVQ', '76c8cee0-7630-46ea-a697-88d813c1688c', true, '2024-07-15 02:16:18.284415+00', '2024-07-15 06:48:45.107261+00', 'oxixS-3TqMkh9Z4GifJjfg', 'b4d70bb2-411e-4f17-ab70-f1c208a12689'),
	('00000000-0000-0000-0000-000000000000', 597, '7K6X2RsTDS4lcc8ZWiIZvw', '74dffe01-1824-4118-a205-87bace940e3a', true, '2024-07-11 12:00:52.89593+00', '2024-07-11 23:03:09.044701+00', 'UU1hZWC-2s5nlTAcMWIu3A', 'e48a2708-c2e8-4c71-bce2-14179479987e'),
	('00000000-0000-0000-0000-000000000000', 425, 'LhtfVgqPG6DQA-mJ2_-Ncg', '76c8cee0-7630-46ea-a697-88d813c1688c', true, '2024-06-23 21:53:34.693917+00', '2024-06-24 08:08:10.626021+00', 'Hojx3el4tKkZVrvSFKKktA', 'b4d70bb2-411e-4f17-ab70-f1c208a12689'),
	('00000000-0000-0000-0000-000000000000', 601, '75mffPuZlaGvlR2uKoEcPQ', '74dffe01-1824-4118-a205-87bace940e3a', true, '2024-07-12 02:41:05.292888+00', '2024-07-13 06:12:52.555852+00', 'ogDMD4z3YuRAyjmAdkxTiQ', '8c3d6c8f-ce92-459e-a23f-76cee081d0f0'),
	('00000000-0000-0000-0000-000000000000', 644, '-7IT6hQ1Xldr2BG-slm6fw', '76c8cee0-7630-46ea-a697-88d813c1688c', true, '2024-07-15 06:48:45.110669+00', '2024-07-15 10:33:10.293799+00', 'FRiWfK1XR3jM4iz9qejBVQ', 'b4d70bb2-411e-4f17-ab70-f1c208a12689'),
	('00000000-0000-0000-0000-000000000000', 605, 'r_VvMCKdUHEjNadVrvSx6w', '74dffe01-1824-4118-a205-87bace940e3a', true, '2024-07-13 07:22:32.933823+00', '2024-07-13 09:55:33.360228+00', 'R5PVM97HDaIx97lwa5_s8g', 'e48a2708-c2e8-4c71-bce2-14179479987e'),
	('00000000-0000-0000-0000-000000000000', 445, 'pWwagCFunTIN-j7z5a0C2Q', '76c8cee0-7630-46ea-a697-88d813c1688c', true, '2024-06-26 00:49:55.651167+00', '2024-06-26 02:19:14.61311+00', 'ASsbQCQ8ydh6E731uXuEpQ', 'b4d70bb2-411e-4f17-ab70-f1c208a12689'),
	('00000000-0000-0000-0000-000000000000', 648, 'H2ujRViQyWfMGeed6cAZCQ', '74dffe01-1824-4118-a205-87bace940e3a', true, '2024-07-15 10:13:46.409305+00', '2024-07-15 12:22:39.549764+00', '3oFwDSetcsbZMi5RWlCuqQ', 'e48a2708-c2e8-4c71-bce2-14179479987e'),
	('00000000-0000-0000-0000-000000000000', 609, '4poi33ZcHX_lGx8qXy5tAw', '74dffe01-1824-4118-a205-87bace940e3a', true, '2024-07-13 10:19:45.407589+00', '2024-07-13 11:18:02.404122+00', 'yskriMukBd3WjfraeIB5qQ', '8c3d6c8f-ce92-459e-a23f-76cee081d0f0'),
	('00000000-0000-0000-0000-000000000000', 613, 'Omb2nEAo3-kwAcuM334L0g', '74dffe01-1824-4118-a205-87bace940e3a', true, '2024-07-14 00:25:09.639004+00', '2024-07-14 02:14:15.406934+00', 'lyBnD3nVHC8kYEFtNqLQsQ', 'e48a2708-c2e8-4c71-bce2-14179479987e'),
	('00000000-0000-0000-0000-000000000000', 618, 'kk96Jw0Nahvats_NM47vcw', '74dffe01-1824-4118-a205-87bace940e3a', true, '2024-07-14 06:17:48.550472+00', '2024-07-14 07:16:17.398958+00', 'KyQIv628XGW9ZvC7RF36FQ', '8c3d6c8f-ce92-459e-a23f-76cee081d0f0'),
	('00000000-0000-0000-0000-000000000000', 656, 'vjCpg_b_Zzh9GrElJuX3AA', '74dffe01-1824-4118-a205-87bace940e3a', true, '2024-07-15 18:45:40.113845+00', '2024-07-15 19:48:58.55329+00', 'XpYv2l9V_xf1DedinO0DZw', '8c3d6c8f-ce92-459e-a23f-76cee081d0f0'),
	('00000000-0000-0000-0000-000000000000', 652, '5DtwaUSA59vyIm3CF6rdWA', '74dffe01-1824-4118-a205-87bace940e3a', true, '2024-07-15 12:22:39.553295+00', '2024-07-15 21:43:04.52584+00', 'H2ujRViQyWfMGeed6cAZCQ', 'e48a2708-c2e8-4c71-bce2-14179479987e'),
	('00000000-0000-0000-0000-000000000000', 660, 'pBF7VPbQAYDo1tA50xXixw', '74dffe01-1824-4118-a205-87bace940e3a', true, '2024-07-15 21:50:58.56809+00', '2024-07-15 22:51:58.649907+00', 'vycVGn-2M5iFoyzEuuCHxA', '8c3d6c8f-ce92-459e-a23f-76cee081d0f0'),
	('00000000-0000-0000-0000-000000000000', 664, 'wF7PFDUn-kD1MLHZeVezog', '74dffe01-1824-4118-a205-87bace940e3a', true, '2024-07-16 01:49:29.938772+00', '2024-07-16 02:47:58.020762+00', 'l-F5YSBNjALebLyd5sq9Vw', '8c3d6c8f-ce92-459e-a23f-76cee081d0f0'),
	('00000000-0000-0000-0000-000000000000', 668, 'kpfzC0wv6r4dsqHglR4PGw', '74dffe01-1824-4118-a205-87bace940e3a', true, '2024-07-16 04:44:30.54328+00', '2024-07-16 05:42:31.563955+00', 'aVBb1zhA6MBs29MQf8Eyvw', '8c3d6c8f-ce92-459e-a23f-76cee081d0f0'),
	('00000000-0000-0000-0000-000000000000', 672, 'UX3MjI6FKKyaOUuGym_69g', '74dffe01-1824-4118-a205-87bace940e3a', true, '2024-07-16 07:38:35.818132+00', '2024-07-16 08:36:57.250966+00', 'mN8EkeYI95ODNt-8XredSA', '8c3d6c8f-ce92-459e-a23f-76cee081d0f0'),
	('00000000-0000-0000-0000-000000000000', 676, 'CeJxjMFyatsZ-1ibsIxD4w', '74dffe01-1824-4118-a205-87bace940e3a', true, '2024-07-16 11:31:08.805019+00', '2024-07-16 12:29:29.820855+00', 'A0aOKAMSHzk8GX1-izi12g', '8c3d6c8f-ce92-459e-a23f-76cee081d0f0'),
	('00000000-0000-0000-0000-000000000000', 553, '1i7i97ShTkLtcEi-hIUlyA', '74dffe01-1824-4118-a205-87bace940e3a', true, '2024-07-03 20:51:40.802155+00', '2024-07-04 04:59:26.790214+00', NULL, 'e48a2708-c2e8-4c71-bce2-14179479987e'),
	('00000000-0000-0000-0000-000000000000', 625, '_6jHu2iPodrXAlDduFgLDw', '74dffe01-1824-4118-a205-87bace940e3a', true, '2024-07-14 10:10:56.610079+00', '2024-07-14 11:17:16.102763+00', 'TDBuit7DJET5Q-Y3meHGRg', '8c3d6c8f-ce92-459e-a23f-76cee081d0f0'),
	('00000000-0000-0000-0000-000000000000', 557, '08C36nMS0qMr_eT9UxpijQ', '74dffe01-1824-4118-a205-87bace940e3a', true, '2024-07-05 04:50:45.460166+00', '2024-07-06 00:16:30.351204+00', '2g17zRjt8amx8QmN2D123A', 'e48a2708-c2e8-4c71-bce2-14179479987e'),
	('00000000-0000-0000-0000-000000000000', 561, 'qYPA87VVhMziP_gvyOkkmQ', '74dffe01-1824-4118-a205-87bace940e3a', true, '2024-07-06 10:54:02.644135+00', '2024-07-06 13:12:49.078399+00', 'RPMBqzougNI6CPAeGO6JPw', '8c3d6c8f-ce92-459e-a23f-76cee081d0f0'),
	('00000000-0000-0000-0000-000000000000', 629, 'ZtEym95U9_Lf5oWUfXsHRQ', '74dffe01-1824-4118-a205-87bace940e3a', true, '2024-07-14 13:25:25.925034+00', '2024-07-14 14:36:15.216441+00', '0Uc3x5LI6ddsJ6JRptgBGQ', 'e48a2708-c2e8-4c71-bce2-14179479987e'),
	('00000000-0000-0000-0000-000000000000', 565, 'BqmZ2-qZOC76Y5n9AAv5Ew', '74dffe01-1824-4118-a205-87bace940e3a', true, '2024-07-07 10:22:24.327698+00', '2024-07-07 14:47:04.394899+00', 'y3bNaDy_mSlpmmFvCzklNg', 'e48a2708-c2e8-4c71-bce2-14179479987e'),
	('00000000-0000-0000-0000-000000000000', 633, 'FnngxY5JVKNfqF19nV9hiA', '74dffe01-1824-4118-a205-87bace940e3a', true, '2024-07-14 22:52:46.718416+00', '2024-07-15 01:33:16.068762+00', 'prczDGcJO0GlbuYIbHK0zg', 'e48a2708-c2e8-4c71-bce2-14179479987e'),
	('00000000-0000-0000-0000-000000000000', 573, 'rU7dE5dHBSI8AG2Hjj9ktw', '74dffe01-1824-4118-a205-87bace940e3a', true, '2024-07-09 01:19:33.659907+00', '2024-07-09 02:17:34.031679+00', 'aNKyTY-0drp6YBiv-VsOBA', '8c3d6c8f-ce92-459e-a23f-76cee081d0f0'),
	('00000000-0000-0000-0000-000000000000', 569, 'cOkaTzQekC9oHV_dOZCbQw', '76c8cee0-7630-46ea-a697-88d813c1688c', true, '2024-07-08 05:21:12.490492+00', '2024-07-09 03:45:09.785497+00', 'ER23DvWZ4J6CXfnVRh_xQQ', 'b4d70bb2-411e-4f17-ab70-f1c208a12689'),
	('00000000-0000-0000-0000-000000000000', 637, 'KX-49DrSfyicgYwpClSvSg', '74dffe01-1824-4118-a205-87bace940e3a', true, '2024-07-15 02:48:45.887452+00', '2024-07-15 03:46:46.106579+00', 'xBauAMMLs0DsUkjxCJz-hg', '8c3d6c8f-ce92-459e-a23f-76cee081d0f0'),
	('00000000-0000-0000-0000-000000000000', 577, 'NEHzlvnvz2jf4JfEhIiCYg', '74dffe01-1824-4118-a205-87bace940e3a', true, '2024-07-09 04:18:32.0939+00', '2024-07-10 08:27:09.089237+00', 'bxda8-7sxyJx2qlotbYkPw', '8c3d6c8f-ce92-459e-a23f-76cee081d0f0'),
	('00000000-0000-0000-0000-000000000000', 641, 'TZxzaRTD62nVP_bLfzHfJA', '74dffe01-1824-4118-a205-87bace940e3a', true, '2024-07-15 05:43:17.921112+00', '2024-07-15 06:41:21.615446+00', 'IOdkTw_uBQ-aKbD2BPTAAw', '8c3d6c8f-ce92-459e-a23f-76cee081d0f0'),
	('00000000-0000-0000-0000-000000000000', 589, 'NDT0WJyjHt3C6nTd4bMncg', '74dffe01-1824-4118-a205-87bace940e3a', true, '2024-07-11 03:17:48.189593+00', '2024-07-11 06:32:04.607909+00', '6gpD-UNjHoJyLd96Q0pVEA', 'e48a2708-c2e8-4c71-bce2-14179479987e'),
	('00000000-0000-0000-0000-000000000000', 585, 'iZnHh0bLWoekNTT8LtZzZw', '74dffe01-1824-4118-a205-87bace940e3a', true, '2024-07-10 09:25:22.165763+00', '2024-07-11 09:40:36.595622+00', 'PLz0EYElofvyL47VUnA8Vw', '8c3d6c8f-ce92-459e-a23f-76cee081d0f0'),
	('00000000-0000-0000-0000-000000000000', 581, 'QQRJ0eUhVodQBZApujOQkQ', '76c8cee0-7630-46ea-a697-88d813c1688c', true, '2024-07-10 06:06:44.656331+00', '2024-07-11 10:15:22.451771+00', '6SGwUkPjSQv8Sp6_Ki6wtA', 'b4d70bb2-411e-4f17-ab70-f1c208a12689'),
	('00000000-0000-0000-0000-000000000000', 645, 'HQGtz91qEa6IWipsAPfiYA', '74dffe01-1824-4118-a205-87bace940e3a', true, '2024-07-15 07:39:45.400913+00', '2024-07-15 08:37:53.528973+00', 'uSiAxDyU_i5cSQDksJLCxQ', '8c3d6c8f-ce92-459e-a23f-76cee081d0f0'),
	('00000000-0000-0000-0000-000000000000', 593, 'UU1hZWC-2s5nlTAcMWIu3A', '74dffe01-1824-4118-a205-87bace940e3a', true, '2024-07-11 10:15:20.645411+00', '2024-07-11 12:00:52.89123+00', 'eL_OrzLqPspsZkNhYHSA1A', 'e48a2708-c2e8-4c71-bce2-14179479987e'),
	('00000000-0000-0000-0000-000000000000', 503, 'fxhqDQ_2ynmRpHMJFUTHHA', '76c8cee0-7630-46ea-a697-88d813c1688c', true, '2024-06-29 22:52:40.912661+00', '2024-06-30 01:21:17.202317+00', 'eLI8rB9HiF-eZyuqqW_M9A', 'b4d70bb2-411e-4f17-ab70-f1c208a12689'),
	('00000000-0000-0000-0000-000000000000', 598, 'ogDMD4z3YuRAyjmAdkxTiQ', '74dffe01-1824-4118-a205-87bace940e3a', true, '2024-07-11 12:34:48.90973+00', '2024-07-12 02:41:05.285546+00', '4nk5gtrZFdAP0vE9vqx5LA', '8c3d6c8f-ce92-459e-a23f-76cee081d0f0'),
	('00000000-0000-0000-0000-000000000000', 602, 'R5PVM97HDaIx97lwa5_s8g', '74dffe01-1824-4118-a205-87bace940e3a', true, '2024-07-13 02:29:19.691699+00', '2024-07-13 07:22:32.929815+00', 'qs1FoX1ZcKE4G6X1zImUXA', 'e48a2708-c2e8-4c71-bce2-14179479987e'),
	('00000000-0000-0000-0000-000000000000', 653, 'yVCjJ5VWqMr-eymNrGnmCQ', '74dffe01-1824-4118-a205-87bace940e3a', true, '2024-07-15 13:00:45.793316+00', '2024-07-15 14:01:04.035557+00', 'ck0WxA0IrlVO9nNOz12www', '8c3d6c8f-ce92-459e-a23f-76cee081d0f0'),
	('00000000-0000-0000-0000-000000000000', 606, 'PfimH1tDiPoE9rmO-7GR2w', '74dffe01-1824-4118-a205-87bace940e3a', true, '2024-07-13 08:09:38.946892+00', '2024-07-13 09:15:38.402147+00', 'r0JWqIFFqIPPJ1jtMzMDuQ', '8c3d6c8f-ce92-459e-a23f-76cee081d0f0'),
	('00000000-0000-0000-0000-000000000000', 357, '4a72uDPwxeitsCU7IZaBPQ', '76c8cee0-7630-46ea-a697-88d813c1688c', true, '2024-06-19 05:33:33.502411+00', '2024-06-21 07:10:37.471148+00', 'rqHleYy7jHc5hhoUqINStA', 'b4d70bb2-411e-4f17-ab70-f1c208a12689'),
	('00000000-0000-0000-0000-000000000000', 610, '3Yhk-36V648EHbNhfg4oLQ', '74dffe01-1824-4118-a205-87bace940e3a', true, '2024-07-13 11:18:02.406139+00', '2024-07-13 12:21:00.008043+00', '4poi33ZcHX_lGx8qXy5tAw', '8c3d6c8f-ce92-459e-a23f-76cee081d0f0'),
	('00000000-0000-0000-0000-000000000000', 657, 'MIFv6NWC1Ag_xwwof89-Jw', '74dffe01-1824-4118-a205-87bace940e3a', true, '2024-07-15 19:48:58.556663+00', '2024-07-15 20:49:58.885784+00', 'vjCpg_b_Zzh9GrElJuX3AA', '8c3d6c8f-ce92-459e-a23f-76cee081d0f0'),
	('00000000-0000-0000-0000-000000000000', 594, 'Ff9kCZ2-a6acnpaac56fAw', '76c8cee0-7630-46ea-a697-88d813c1688c', true, '2024-07-11 10:15:22.452126+00', '2024-07-14 02:14:37.983898+00', 'QQRJ0eUhVodQBZApujOQkQ', 'b4d70bb2-411e-4f17-ab70-f1c208a12689'),
	('00000000-0000-0000-0000-000000000000', 614, 'sPjkLz6mBRu32BHFnRg67g', '74dffe01-1824-4118-a205-87bace940e3a', true, '2024-07-14 02:14:15.409472+00', '2024-07-14 05:09:53.213266+00', 'Omb2nEAo3-kwAcuM334L0g', 'e48a2708-c2e8-4c71-bce2-14179479987e'),
	('00000000-0000-0000-0000-000000000000', 661, 'iUO18JbQHzYrSF4ghVXeEg', '74dffe01-1824-4118-a205-87bace940e3a', true, '2024-07-15 22:51:58.654427+00', '2024-07-15 23:52:58.521678+00', 'pBF7VPbQAYDo1tA50xXixw', '8c3d6c8f-ce92-459e-a23f-76cee081d0f0'),
	('00000000-0000-0000-0000-000000000000', 615, 'z79hKyCtEUiAJ3Acocl9KQ', '76c8cee0-7630-46ea-a697-88d813c1688c', true, '2024-07-14 02:14:37.984226+00', '2024-07-14 07:29:33.894243+00', 'Ff9kCZ2-a6acnpaac56fAw', 'b4d70bb2-411e-4f17-ab70-f1c208a12689'),
	('00000000-0000-0000-0000-000000000000', 619, 'hMjteHV_uxEe3urhpWg1yQ', '74dffe01-1824-4118-a205-87bace940e3a', true, '2024-07-14 07:02:54.340806+00', '2024-07-14 08:15:21.752145+00', 'a9iWEWvqS1yGH8M7gUH2eQ', 'e48a2708-c2e8-4c71-bce2-14179479987e'),
	('00000000-0000-0000-0000-000000000000', 434, 'ASsbQCQ8ydh6E731uXuEpQ', '76c8cee0-7630-46ea-a697-88d813c1688c', true, '2024-06-24 08:08:10.628557+00', '2024-06-26 00:49:55.649387+00', 'LhtfVgqPG6DQA-mJ2_-Ncg', 'b4d70bb2-411e-4f17-ab70-f1c208a12689'),
	('00000000-0000-0000-0000-000000000000', 665, 'A4jhtET-FYJTTHz4FLYOLw', '74dffe01-1824-4118-a205-87bace940e3a', true, '2024-07-16 02:47:58.023484+00', '2024-07-16 03:46:00.083633+00', 'wF7PFDUn-kD1MLHZeVezog', '8c3d6c8f-ce92-459e-a23f-76cee081d0f0'),
	('00000000-0000-0000-0000-000000000000', 669, '3saAoAZ0c4ZjE1En5JWR4A', '74dffe01-1824-4118-a205-87bace940e3a', true, '2024-07-16 05:42:31.571922+00', '2024-07-16 06:40:31.904612+00', 'kpfzC0wv6r4dsqHglR4PGw', '8c3d6c8f-ce92-459e-a23f-76cee081d0f0'),
	('00000000-0000-0000-0000-000000000000', 450, 'zHQj2UfCbyjETUOKdDqedg', '76c8cee0-7630-46ea-a697-88d813c1688c', true, '2024-06-26 10:19:34.40582+00', '2024-06-26 11:31:12.13493+00', 'BXh4Jn83juRrVP-EZghYfA', 'b4d70bb2-411e-4f17-ab70-f1c208a12689'),
	('00000000-0000-0000-0000-000000000000', 673, 'rsWqZd-stSXEVLYEapxUbw', '74dffe01-1824-4118-a205-87bace940e3a', true, '2024-07-16 08:36:57.255255+00', '2024-07-16 09:34:57.785197+00', 'UX3MjI6FKKyaOUuGym_69g', '8c3d6c8f-ce92-459e-a23f-76cee081d0f0'),
	('00000000-0000-0000-0000-000000000000', 649, '-6-CHi96XAXoiTQrO1dndA', '76c8cee0-7630-46ea-a697-88d813c1688c', true, '2024-07-15 10:33:10.296693+00', '2024-07-16 12:42:38.193062+00', '-7IT6hQ1Xldr2BG-slm6fw', 'b4d70bb2-411e-4f17-ab70-f1c208a12689'),
	('00000000-0000-0000-0000-000000000000', 454, 'xsPNOLmwnh9iltxHdMVJ1g', '76c8cee0-7630-46ea-a697-88d813c1688c', true, '2024-06-26 11:31:12.137909+00', '2024-06-27 06:12:50.521536+00', 'zHQj2UfCbyjETUOKdDqedg', 'b4d70bb2-411e-4f17-ab70-f1c208a12689'),
	('00000000-0000-0000-0000-000000000000', 681, 'IFhba-7fAA1Jg0AWoQ6zsA', '74dffe01-1824-4118-a205-87bace940e3a', true, '2024-07-16 23:23:00.302132+00', '2024-07-17 01:24:43.50188+00', 'awX0niJa_OiX0p7qr5gJhQ', 'e48a2708-c2e8-4c71-bce2-14179479987e'),
	('00000000-0000-0000-0000-000000000000', 677, '5PZacnf7nFOg2hlFC7o-5w', '74dffe01-1824-4118-a205-87bace940e3a', true, '2024-07-16 12:29:29.82786+00', '2024-07-17 01:51:41.737146+00', 'CeJxjMFyatsZ-1ibsIxD4w', '8c3d6c8f-ce92-459e-a23f-76cee081d0f0'),
	('00000000-0000-0000-0000-000000000000', 685, 'fTT4vI6itAv78Lj87uAcNw', '74dffe01-1824-4118-a205-87bace940e3a', true, '2024-07-17 03:48:18.392544+00', '2024-07-17 04:46:39.352352+00', '79L4tqzvthe0UJc3ioZBwg', '8c3d6c8f-ce92-459e-a23f-76cee081d0f0'),
	('00000000-0000-0000-0000-000000000000', 687, '_zGJUCAg_mrTr1rR1PYiGA', '74dffe01-1824-4118-a205-87bace940e3a', true, '2024-07-17 05:44:39.269835+00', '2024-07-17 06:42:54.404651+00', 'NfNu_QfBB6I9Anh8eVaHxQ', '8c3d6c8f-ce92-459e-a23f-76cee081d0f0'),
	('00000000-0000-0000-0000-000000000000', 682, 'cuFOgPMwQ6bLBM2s3E62DA', '74dffe01-1824-4118-a205-87bace940e3a', true, '2024-07-17 01:24:43.506738+00', '2024-07-17 07:11:59.382595+00', 'IFhba-7fAA1Jg0AWoQ6zsA', 'e48a2708-c2e8-4c71-bce2-14179479987e'),
	('00000000-0000-0000-0000-000000000000', 692, 'smdX1nwciTft8vDfTbNB0g', '74dffe01-1824-4118-a205-87bace940e3a', true, '2024-07-17 08:38:56.704695+00', '2024-07-17 09:37:17.480743+00', 'OlhjiTEM4MM0w386Dgrysw', '8c3d6c8f-ce92-459e-a23f-76cee081d0f0'),
	('00000000-0000-0000-0000-000000000000', 690, '-HYqOLY4bRHCiGcnljsdeQ', '74dffe01-1824-4118-a205-87bace940e3a', true, '2024-07-17 07:11:59.382958+00', '2024-07-17 11:32:49.551861+00', 'cuFOgPMwQ6bLBM2s3E62DA', 'e48a2708-c2e8-4c71-bce2-14179479987e'),
	('00000000-0000-0000-0000-000000000000', 694, 'zZp_A8VHS_l2gE_AUqt11w', '74dffe01-1824-4118-a205-87bace940e3a', true, '2024-07-17 10:35:22.299848+00', '2024-07-17 11:33:39.835635+00', '9g9YgCDEvIZkFGjx7S5SVQ', '8c3d6c8f-ce92-459e-a23f-76cee081d0f0'),
	('00000000-0000-0000-0000-000000000000', 689, '7UenqjHj8dwkCkx5L1USjw', '76c8cee0-7630-46ea-a697-88d813c1688c', true, '2024-07-17 07:11:20.374992+00', '2024-07-17 11:49:11.999428+00', 'pHwn0_RWu_aXNGH0oUr3Cg', 'b4d70bb2-411e-4f17-ab70-f1c208a12689'),
	('00000000-0000-0000-0000-000000000000', 554, 'tTqtQvAdtwHVZrlbBhjSsg', '74dffe01-1824-4118-a205-87bace940e3a', true, '2024-07-04 04:59:26.800802+00', '2024-07-04 23:27:29.76047+00', '1i7i97ShTkLtcEi-hIUlyA', 'e48a2708-c2e8-4c71-bce2-14179479987e'),
	('00000000-0000-0000-0000-000000000000', 284, 'y-K6V_-Bi2hx94GYwPOTOw', '76c8cee0-7630-46ea-a697-88d813c1688c', true, '2024-06-16 00:40:31.426067+00', '2024-06-16 11:00:04.856523+00', 'P7bKpyIyiKi7j6NI1KT_HQ', 'b4d70bb2-411e-4f17-ab70-f1c208a12689'),
	('00000000-0000-0000-0000-000000000000', 626, 'pmiXdHtsyR0bocDm4646RQ', '74dffe01-1824-4118-a205-87bace940e3a', true, '2024-07-14 11:17:16.105979+00', '2024-07-14 12:15:32.51376+00', '_6jHu2iPodrXAlDduFgLDw', '8c3d6c8f-ce92-459e-a23f-76cee081d0f0'),
	('00000000-0000-0000-0000-000000000000', 558, 'qUHsBmWs8UPVH3qs4fxYbg', '74dffe01-1824-4118-a205-87bace940e3a', true, '2024-07-06 00:16:30.36021+00', '2024-07-06 22:24:30.075576+00', '08C36nMS0qMr_eT9UxpijQ', 'e48a2708-c2e8-4c71-bce2-14179479987e'),
	('00000000-0000-0000-0000-000000000000', 566, 'imwkbdYLGCAMaehu2A8_ZQ', '74dffe01-1824-4118-a205-87bace940e3a', true, '2024-07-07 14:47:04.39611+00', '2024-07-08 04:22:41.091835+00', 'BqmZ2-qZOC76Y5n9AAv5Ew', 'e48a2708-c2e8-4c71-bce2-14179479987e'),
	('00000000-0000-0000-0000-000000000000', 630, '7yFV_GyZwVtuavZpuON_Fg', '74dffe01-1824-4118-a205-87bace940e3a', true, '2024-07-14 14:12:17.627559+00', '2024-07-15 01:50:26.714266+00', 'JF47bWbJ0Lxg4J453OhiJg', '8c3d6c8f-ce92-459e-a23f-76cee081d0f0'),
	('00000000-0000-0000-0000-000000000000', 570, 'f3qyY55FSFPJNOjjEuG8Uw', '74dffe01-1824-4118-a205-87bace940e3a', true, '2024-07-08 11:06:02.323955+00', '2024-07-08 16:00:18.770872+00', 'u2HYsigeRMNj8Gp8jEuBZg', 'e48a2708-c2e8-4c71-bce2-14179479987e'),
	('00000000-0000-0000-0000-000000000000', 562, 'aNKyTY-0drp6YBiv-VsOBA', '74dffe01-1824-4118-a205-87bace940e3a', true, '2024-07-06 13:12:49.080158+00', '2024-07-09 01:19:33.65818+00', 'qYPA87VVhMziP_gvyOkkmQ', '8c3d6c8f-ce92-459e-a23f-76cee081d0f0'),
	('00000000-0000-0000-0000-000000000000', 205, 'L3Brb7kq-ODn22eYjeEPzQ', '76c8cee0-7630-46ea-a697-88d813c1688c', true, '2024-06-11 10:43:38.560251+00', '2024-06-11 11:50:44.8324+00', NULL, '6b9aaf8a-2f8f-4a49-ba09-e61435590bf5'),
	('00000000-0000-0000-0000-000000000000', 574, 'bxda8-7sxyJx2qlotbYkPw', '74dffe01-1824-4118-a205-87bace940e3a', true, '2024-07-09 02:17:34.033327+00', '2024-07-09 04:18:32.090672+00', 'rU7dE5dHBSI8AG2Hjj9ktw', '8c3d6c8f-ce92-459e-a23f-76cee081d0f0'),
	('00000000-0000-0000-0000-000000000000', 634, 'CNGozEWqT7wEwQyDCPO3yA', '74dffe01-1824-4118-a205-87bace940e3a', true, '2024-07-15 01:33:16.073424+00', '2024-07-15 04:40:13.123288+00', 'FnngxY5JVKNfqF19nV9hiA', 'e48a2708-c2e8-4c71-bce2-14179479987e'),
	('00000000-0000-0000-0000-000000000000', 578, 'CdwX2A5YtG3Sn6E1PBH0nA', '74dffe01-1824-4118-a205-87bace940e3a', true, '2024-07-09 11:13:15.213326+00', '2024-07-10 00:52:10.300031+00', 'UWzMGJA-PTCS-y3D1Uvt6g', 'e48a2708-c2e8-4c71-bce2-14179479987e'),
	('00000000-0000-0000-0000-000000000000', 499, 'UNaEXCXLMOmakABWrTDc8Q', '76c8cee0-7630-46ea-a697-88d813c1688c', true, '2024-06-29 08:37:02.760756+00', '2024-06-29 12:57:22.09253+00', 'i9rjb8QOCEqrcc45o8ZggA', 'b4d70bb2-411e-4f17-ab70-f1c208a12689'),
	('00000000-0000-0000-0000-000000000000', 638, '8jO54Xs8wjSbDXG_zGutyQ', '74dffe01-1824-4118-a205-87bace940e3a', true, '2024-07-15 03:46:46.10989+00', '2024-07-15 04:44:48.056684+00', 'KX-49DrSfyicgYwpClSvSg', '8c3d6c8f-ce92-459e-a23f-76cee081d0f0'),
	('00000000-0000-0000-0000-000000000000', 582, 'dppF3VTFA6Rjj0CUpkdASQ', '74dffe01-1824-4118-a205-87bace940e3a', true, '2024-07-10 06:56:13.677966+00', '2024-07-10 08:12:11.317427+00', 'asMZRvT0xzZ5royGyb7q7w', 'e48a2708-c2e8-4c71-bce2-14179479987e'),
	('00000000-0000-0000-0000-000000000000', 586, 'myob7nGJAr2mb8nBTquSSg', '74dffe01-1824-4118-a205-87bace940e3a', true, '2024-07-10 09:37:35.896042+00', '2024-07-10 12:01:17.109502+00', 'innGYdAkIZ0NGdNN4_YsJg', 'e48a2708-c2e8-4c71-bce2-14179479987e'),
	('00000000-0000-0000-0000-000000000000', 642, 'uSiAxDyU_i5cSQDksJLCxQ', '74dffe01-1824-4118-a205-87bace940e3a', true, '2024-07-15 06:41:21.617915+00', '2024-07-15 07:39:45.398723+00', 'TZxzaRTD62nVP_bLfzHfJA', '8c3d6c8f-ce92-459e-a23f-76cee081d0f0'),
	('00000000-0000-0000-0000-000000000000', 590, 'u7-QWaztwT8hPcHxpt6n5w', '74dffe01-1824-4118-a205-87bace940e3a', true, '2024-07-11 06:32:04.611355+00', '2024-07-11 07:36:11.007907+00', 'NDT0WJyjHt3C6nTd4bMncg', 'e48a2708-c2e8-4c71-bce2-14179479987e'),
	('00000000-0000-0000-0000-000000000000', 595, '33UccOxnYJm6jD189XlcRA', '74dffe01-1824-4118-a205-87bace940e3a', true, '2024-07-11 10:38:44.123103+00', '2024-07-11 11:36:47.232496+00', 'YRzdWSWoW8qQba7ZpvftpA', '8c3d6c8f-ce92-459e-a23f-76cee081d0f0'),
	('00000000-0000-0000-0000-000000000000', 646, 'xFhI6Xuu1WzDs5zKXVbUfw', '74dffe01-1824-4118-a205-87bace940e3a', true, '2024-07-15 08:37:53.536335+00', '2024-07-15 09:36:18.493252+00', 'HQGtz91qEa6IWipsAPfiYA', '8c3d6c8f-ce92-459e-a23f-76cee081d0f0'),
	('00000000-0000-0000-0000-000000000000', 599, 'wPs0UhNPiGvsKH1UIS-TWA', '74dffe01-1824-4118-a205-87bace940e3a', true, '2024-07-11 23:03:09.052211+00', '2024-07-12 00:36:46.840979+00', '7K6X2RsTDS4lcc8ZWiIZvw', 'e48a2708-c2e8-4c71-bce2-14179479987e'),
	('00000000-0000-0000-0000-000000000000', 603, 'ecuA6e90nGrh5mcmS6japQ', '74dffe01-1824-4118-a205-87bace940e3a', true, '2024-07-13 06:12:52.561009+00', '2024-07-13 07:11:09.404182+00', '75mffPuZlaGvlR2uKoEcPQ', '8c3d6c8f-ce92-459e-a23f-76cee081d0f0'),
	('00000000-0000-0000-0000-000000000000', 650, 'N032uuRenjp0Qar1Le_56A', '74dffe01-1824-4118-a205-87bace940e3a', true, '2024-07-15 10:34:37.542775+00', '2024-07-15 11:50:13.088782+00', 't0Vs2qeGb7lqvnIbc_XWZg', '8c3d6c8f-ce92-459e-a23f-76cee081d0f0'),
	('00000000-0000-0000-0000-000000000000', 544, 'FZRsfmdtnqmuI5vpVgp7yA', '76c8cee0-7630-46ea-a697-88d813c1688c', true, '2024-07-01 09:41:59.144906+00', '2024-07-03 03:58:53.292027+00', '6H9mJAJvG-GDoUBhZIja8A', 'b4d70bb2-411e-4f17-ab70-f1c208a12689'),
	('00000000-0000-0000-0000-000000000000', 607, 'yskriMukBd3WjfraeIB5qQ', '74dffe01-1824-4118-a205-87bace940e3a', true, '2024-07-13 09:15:38.404318+00', '2024-07-13 10:19:45.402707+00', 'PfimH1tDiPoE9rmO-7GR2w', '8c3d6c8f-ce92-459e-a23f-76cee081d0f0'),
	('00000000-0000-0000-0000-000000000000', 208, 'vWfp2UhS_i7rehmZII5DsQ', '76c8cee0-7630-46ea-a697-88d813c1688c', true, '2024-06-11 11:50:44.834493+00', '2024-06-12 09:11:00.132216+00', 'L3Brb7kq-ODn22eYjeEPzQ', '6b9aaf8a-2f8f-4a49-ba09-e61435590bf5'),
	('00000000-0000-0000-0000-000000000000', 220, 'KAuc3RNSMDbYaO_PmWs-DQ', '76c8cee0-7630-46ea-a697-88d813c1688c', false, '2024-06-12 09:11:00.132734+00', '2024-06-12 09:11:00.132734+00', 'vWfp2UhS_i7rehmZII5DsQ', '6b9aaf8a-2f8f-4a49-ba09-e61435590bf5'),
	('00000000-0000-0000-0000-000000000000', 654, 'XBxd_uN5WeLJKGD0yx53kQ', '74dffe01-1824-4118-a205-87bace940e3a', true, '2024-07-15 14:01:04.039922+00', '2024-07-15 17:46:59.048039+00', 'yVCjJ5VWqMr-eymNrGnmCQ', '8c3d6c8f-ce92-459e-a23f-76cee081d0f0'),
	('00000000-0000-0000-0000-000000000000', 447, 'AV7VcfuwoROcvBfe3FpKUQ', '76c8cee0-7630-46ea-a697-88d813c1688c', true, '2024-06-26 02:19:14.616928+00', '2024-06-26 07:03:20.71718+00', 'pWwagCFunTIN-j7z5a0C2Q', 'b4d70bb2-411e-4f17-ab70-f1c208a12689'),
	('00000000-0000-0000-0000-000000000000', 611, 'nA_cwYYg5f00Y9YIWDnVNQ', '74dffe01-1824-4118-a205-87bace940e3a', true, '2024-07-13 12:21:00.010414+00', '2024-07-14 05:19:46.393146+00', '3Yhk-36V648EHbNhfg4oLQ', '8c3d6c8f-ce92-459e-a23f-76cee081d0f0'),
	('00000000-0000-0000-0000-000000000000', 221, '9cxZldRG0DkGfCY-BpCdRg', '76c8cee0-7630-46ea-a697-88d813c1688c', true, '2024-06-12 09:12:43.910841+00', '2024-06-12 10:39:53.847142+00', NULL, 'b4d70bb2-411e-4f17-ab70-f1c208a12689'),
	('00000000-0000-0000-0000-000000000000', 616, 'a9iWEWvqS1yGH8M7gUH2eQ', '74dffe01-1824-4118-a205-87bace940e3a', true, '2024-07-14 05:09:53.216886+00', '2024-07-14 07:02:54.334713+00', 'sPjkLz6mBRu32BHFnRg67g', 'e48a2708-c2e8-4c71-bce2-14179479987e'),
	('00000000-0000-0000-0000-000000000000', 620, '9t_-3zuihGsE80ZXgK44zA', '74dffe01-1824-4118-a205-87bace940e3a', true, '2024-07-14 07:16:17.401932+00', '2024-07-14 08:14:36.391147+00', 'kk96Jw0Nahvats_NM47vcw', '8c3d6c8f-ce92-459e-a23f-76cee081d0f0'),
	('00000000-0000-0000-0000-000000000000', 658, 'vycVGn-2M5iFoyzEuuCHxA', '74dffe01-1824-4118-a205-87bace940e3a', true, '2024-07-15 20:49:58.889668+00', '2024-07-15 21:50:58.564537+00', 'MIFv6NWC1Ag_xwwof89-Jw', '8c3d6c8f-ce92-459e-a23f-76cee081d0f0'),
	('00000000-0000-0000-0000-000000000000', 662, 'dP4ioIiIfykxvhXMzlnA0A', '74dffe01-1824-4118-a205-87bace940e3a', true, '2024-07-15 23:52:58.525964+00', '2024-07-16 00:51:11.860577+00', 'iUO18JbQHzYrSF4ghVXeEg', '8c3d6c8f-ce92-459e-a23f-76cee081d0f0'),
	('00000000-0000-0000-0000-000000000000', 666, 'fyM-gNYVtGNx7dgqKxkJMw', '74dffe01-1824-4118-a205-87bace940e3a', true, '2024-07-16 03:30:21.807593+00', '2024-07-16 05:57:22.692581+00', 'xuFcbjREFKP7OE8vXrlNCg', 'e48a2708-c2e8-4c71-bce2-14179479987e'),
	('00000000-0000-0000-0000-000000000000', 674, 'DanQY0JuPWt_TVIBa14Dbg', '74dffe01-1824-4118-a205-87bace940e3a', true, '2024-07-16 09:34:57.789716+00', '2024-07-16 10:32:58.816475+00', 'rsWqZd-stSXEVLYEapxUbw', '8c3d6c8f-ce92-459e-a23f-76cee081d0f0'),
	('00000000-0000-0000-0000-000000000000', 670, 'F0My8Sz5QrSxNEpzpttXpQ', '74dffe01-1824-4118-a205-87bace940e3a', true, '2024-07-16 05:57:22.69571+00', '2024-07-16 12:42:20.471069+00', 'fyM-gNYVtGNx7dgqKxkJMw', 'e48a2708-c2e8-4c71-bce2-14179479987e'),
	('00000000-0000-0000-0000-000000000000', 678, 'QVK52e1JupigZlBP83o4bA', '74dffe01-1824-4118-a205-87bace940e3a', true, '2024-07-16 12:42:20.475737+00', '2024-07-16 21:56:02.671923+00', 'F0My8Sz5QrSxNEpzpttXpQ', 'e48a2708-c2e8-4c71-bce2-14179479987e'),
	('00000000-0000-0000-0000-000000000000', 683, 'rhZ93uOG8Q3dFMaCVbY-wg', '74dffe01-1824-4118-a205-87bace940e3a', true, '2024-07-17 01:51:41.741013+00', '2024-07-17 02:50:11.327308+00', '5PZacnf7nFOg2hlFC7o-5w', '8c3d6c8f-ce92-459e-a23f-76cee081d0f0'),
	('00000000-0000-0000-0000-000000000000', 679, 'pHwn0_RWu_aXNGH0oUr3Cg', '76c8cee0-7630-46ea-a697-88d813c1688c', true, '2024-07-16 12:42:38.196837+00', '2024-07-17 07:11:20.370847+00', '-6-CHi96XAXoiTQrO1dndA', 'b4d70bb2-411e-4f17-ab70-f1c208a12689'),
	('00000000-0000-0000-0000-000000000000', 223, 'Imdu87tdlnVBxYg4gISkSw', '76c8cee0-7630-46ea-a697-88d813c1688c', true, '2024-06-12 10:39:53.850008+00', '2024-06-13 03:29:23.306428+00', '9cxZldRG0DkGfCY-BpCdRg', 'b4d70bb2-411e-4f17-ab70-f1c208a12689'),
	('00000000-0000-0000-0000-000000000000', 240, 'In3y69saZWONH4Dx1guceg', '76c8cee0-7630-46ea-a697-88d813c1688c', true, '2024-06-13 03:29:23.308293+00', '2024-06-13 07:26:33.042134+00', 'Imdu87tdlnVBxYg4gISkSw', 'b4d70bb2-411e-4f17-ab70-f1c208a12689'),
	('00000000-0000-0000-0000-000000000000', 242, 'Et6jz4_PV6kcnzMIXUbc4w', '76c8cee0-7630-46ea-a697-88d813c1688c', true, '2024-06-13 07:26:33.047155+00', '2024-06-13 22:00:18.978818+00', 'In3y69saZWONH4Dx1guceg', 'b4d70bb2-411e-4f17-ab70-f1c208a12689'),
	('00000000-0000-0000-0000-000000000000', 245, 'JniuBI79-aw0Lk03IQSRnw', '76c8cee0-7630-46ea-a697-88d813c1688c', true, '2024-06-13 22:00:18.981212+00', '2024-06-14 20:12:57.288467+00', 'Et6jz4_PV6kcnzMIXUbc4w', 'b4d70bb2-411e-4f17-ab70-f1c208a12689'),
	('00000000-0000-0000-0000-000000000000', 255, 'OT4T6vHT8egVqe5B6pIIlg', '76c8cee0-7630-46ea-a697-88d813c1688c', true, '2024-06-14 20:12:57.296181+00', '2024-06-15 04:20:43.520651+00', 'JniuBI79-aw0Lk03IQSRnw', 'b4d70bb2-411e-4f17-ab70-f1c208a12689'),
	('00000000-0000-0000-0000-000000000000', 555, 'v9DQuZKJzCMOf475kN0jWA', '74dffe01-1824-4118-a205-87bace940e3a', true, '2024-07-04 23:27:29.771709+00', '2024-07-05 00:30:24.915036+00', 'tTqtQvAdtwHVZrlbBhjSsg', 'e48a2708-c2e8-4c71-bce2-14179479987e'),
	('00000000-0000-0000-0000-000000000000', 627, 'X-6pX0IO03GtcD4GOOztuA', '74dffe01-1824-4118-a205-87bace940e3a', true, '2024-07-14 12:15:32.517426+00', '2024-07-14 13:13:48.573939+00', 'pmiXdHtsyR0bocDm4646RQ', '8c3d6c8f-ce92-459e-a23f-76cee081d0f0'),
	('00000000-0000-0000-0000-000000000000', 559, 'uqTocT3zbZwEpoJJYk4rtQ', '74dffe01-1824-4118-a205-87bace940e3a', true, '2024-07-06 08:57:50.911032+00', '2024-07-06 09:56:00.795756+00', NULL, '8c3d6c8f-ce92-459e-a23f-76cee081d0f0'),
	('00000000-0000-0000-0000-000000000000', 563, '3dSGOQoCHHrHxvUk6Y0jhw', '74dffe01-1824-4118-a205-87bace940e3a', true, '2024-07-06 22:24:30.079987+00', '2024-07-07 05:45:17.329285+00', 'qUHsBmWs8UPVH3qs4fxYbg', 'e48a2708-c2e8-4c71-bce2-14179479987e'),
	('00000000-0000-0000-0000-000000000000', 631, 'xyCCv7Rk47TxF89g8qc5PQ', '74dffe01-1824-4118-a205-87bace940e3a', true, '2024-07-14 14:36:15.217794+00', '2024-07-14 15:37:09.761778+00', 'ZtEym95U9_Lf5oWUfXsHRQ', 'e48a2708-c2e8-4c71-bce2-14179479987e'),
	('00000000-0000-0000-0000-000000000000', 461, 'rROU_RAn09c63TJu2XG3mA', '76c8cee0-7630-46ea-a697-88d813c1688c', true, '2024-06-27 06:12:50.521863+00', '2024-06-28 02:43:32.266628+00', 'xsPNOLmwnh9iltxHdMVJ1g', 'b4d70bb2-411e-4f17-ab70-f1c208a12689'),
	('00000000-0000-0000-0000-000000000000', 567, 'ER23DvWZ4J6CXfnVRh_xQQ', '76c8cee0-7630-46ea-a697-88d813c1688c', true, '2024-07-08 04:15:23.409829+00', '2024-07-08 05:21:12.48723+00', 'PwRBeoG7H0FT4HNE_Ve8lg', 'b4d70bb2-411e-4f17-ab70-f1c208a12689'),
	('00000000-0000-0000-0000-000000000000', 571, 'oJoWCu-gsrX3MlfM3Zbabg', '74dffe01-1824-4118-a205-87bace940e3a', true, '2024-07-08 16:00:18.773589+00', '2024-07-08 23:02:45.838064+00', 'f3qyY55FSFPJNOjjEuG8Uw', 'e48a2708-c2e8-4c71-bce2-14179479987e'),
	('00000000-0000-0000-0000-000000000000', 621, 'oxixS-3TqMkh9Z4GifJjfg', '76c8cee0-7630-46ea-a697-88d813c1688c', true, '2024-07-14 07:29:33.897353+00', '2024-07-15 02:16:18.28172+00', 'z79hKyCtEUiAJ3Acocl9KQ', 'b4d70bb2-411e-4f17-ab70-f1c208a12689'),
	('00000000-0000-0000-0000-000000000000', 575, 'UWzMGJA-PTCS-y3D1Uvt6g', '74dffe01-1824-4118-a205-87bace940e3a', true, '2024-07-09 03:35:42.863323+00', '2024-07-09 11:13:15.205627+00', 'EI_xgpqMWlOkYFwUDDrA8w', 'e48a2708-c2e8-4c71-bce2-14179479987e'),
	('00000000-0000-0000-0000-000000000000', 635, 'xBauAMMLs0DsUkjxCJz-hg', '74dffe01-1824-4118-a205-87bace940e3a', true, '2024-07-15 01:50:26.718443+00', '2024-07-15 02:48:45.884852+00', '7yFV_GyZwVtuavZpuON_Fg', '8c3d6c8f-ce92-459e-a23f-76cee081d0f0'),
	('00000000-0000-0000-0000-000000000000', 579, 'H88MfNcrXjLyYnmQhnwIeQ', '74dffe01-1824-4118-a205-87bace940e3a', true, '2024-07-10 00:52:10.30239+00', '2024-07-10 02:22:40.173781+00', 'CdwX2A5YtG3Sn6E1PBH0nA', 'e48a2708-c2e8-4c71-bce2-14179479987e'),
	('00000000-0000-0000-0000-000000000000', 583, 'innGYdAkIZ0NGdNN4_YsJg', '74dffe01-1824-4118-a205-87bace940e3a', true, '2024-07-10 08:12:11.320115+00', '2024-07-10 09:37:35.893488+00', 'dppF3VTFA6Rjj0CUpkdASQ', 'e48a2708-c2e8-4c71-bce2-14179479987e'),
	('00000000-0000-0000-0000-000000000000', 488, 'i9rjb8QOCEqrcc45o8ZggA', '76c8cee0-7630-46ea-a697-88d813c1688c', true, '2024-06-28 21:50:47.698384+00', '2024-06-29 08:37:02.758005+00', '_hN2ZDzuCbTnwn7YpHZmJg', 'b4d70bb2-411e-4f17-ab70-f1c208a12689'),
	('00000000-0000-0000-0000-000000000000', 639, 'SrBPqyjl6LdmQ0boG3n-2w', '74dffe01-1824-4118-a205-87bace940e3a', true, '2024-07-15 04:40:13.126682+00', '2024-07-15 06:46:23.908766+00', 'CNGozEWqT7wEwQyDCPO3yA', 'e48a2708-c2e8-4c71-bce2-14179479987e'),
	('00000000-0000-0000-0000-000000000000', 587, 'yACLeGriYPzUGaNg8YkBgA', '74dffe01-1824-4118-a205-87bace940e3a', true, '2024-07-10 12:01:17.113549+00', '2024-07-10 20:16:51.485818+00', 'myob7nGJAr2mb8nBTquSSg', 'e48a2708-c2e8-4c71-bce2-14179479987e'),
	('00000000-0000-0000-0000-000000000000', 525, '6H9mJAJvG-GDoUBhZIja8A', '76c8cee0-7630-46ea-a697-88d813c1688c', true, '2024-06-30 21:28:50.416817+00', '2024-07-01 09:41:59.14217+00', 'lSWYsjM_rBfY3syJ81d7jQ', 'b4d70bb2-411e-4f17-ab70-f1c208a12689'),
	('00000000-0000-0000-0000-000000000000', 591, 'eL_OrzLqPspsZkNhYHSA1A', '74dffe01-1824-4118-a205-87bace940e3a', true, '2024-07-11 07:36:11.015495+00', '2024-07-11 10:15:20.640494+00', 'u7-QWaztwT8hPcHxpt6n5w', 'e48a2708-c2e8-4c71-bce2-14179479987e'),
	('00000000-0000-0000-0000-000000000000', 505, 'KvsBodQ6nh-Lbv5KYuCGdQ', '76c8cee0-7630-46ea-a697-88d813c1688c', true, '2024-06-30 01:21:17.205001+00', '2024-06-30 09:43:50.809276+00', 'fxhqDQ_2ynmRpHMJFUTHHA', 'b4d70bb2-411e-4f17-ab70-f1c208a12689'),
	('00000000-0000-0000-0000-000000000000', 596, '4nk5gtrZFdAP0vE9vqx5LA', '74dffe01-1824-4118-a205-87bace940e3a', true, '2024-07-11 11:36:47.235672+00', '2024-07-11 12:34:48.905826+00', '33UccOxnYJm6jD189XlcRA', '8c3d6c8f-ce92-459e-a23f-76cee081d0f0'),
	('00000000-0000-0000-0000-000000000000', 314, 'AmI1EtM8j-PJ2ECaYS9PCg', '76c8cee0-7630-46ea-a697-88d813c1688c', true, '2024-06-17 08:45:57.986993+00', '2024-06-18 02:38:31.136615+00', 'k-7toyitSgr58--yhRlC6Q', 'b4d70bb2-411e-4f17-ab70-f1c208a12689'),
	('00000000-0000-0000-0000-000000000000', 643, '3oFwDSetcsbZMi5RWlCuqQ', '74dffe01-1824-4118-a205-87bace940e3a', true, '2024-07-15 06:46:23.911092+00', '2024-07-15 10:13:46.406051+00', 'SrBPqyjl6LdmQ0boG3n-2w', 'e48a2708-c2e8-4c71-bce2-14179479987e'),
	('00000000-0000-0000-0000-000000000000', 600, 'qs1FoX1ZcKE4G6X1zImUXA', '74dffe01-1824-4118-a205-87bace940e3a', true, '2024-07-12 00:36:46.844589+00', '2024-07-13 02:29:19.681905+00', 'wPs0UhNPiGvsKH1UIS-TWA', 'e48a2708-c2e8-4c71-bce2-14179479987e'),
	('00000000-0000-0000-0000-000000000000', 647, 't0Vs2qeGb7lqvnIbc_XWZg', '74dffe01-1824-4118-a205-87bace940e3a', true, '2024-07-15 09:36:18.496773+00', '2024-07-15 10:34:37.542192+00', 'xFhI6Xuu1WzDs5zKXVbUfw', '8c3d6c8f-ce92-459e-a23f-76cee081d0f0'),
	('00000000-0000-0000-0000-000000000000', 604, 'r0JWqIFFqIPPJ1jtMzMDuQ', '74dffe01-1824-4118-a205-87bace940e3a', true, '2024-07-13 07:11:09.408358+00', '2024-07-13 08:09:38.943294+00', 'ecuA6e90nGrh5mcmS6japQ', '8c3d6c8f-ce92-459e-a23f-76cee081d0f0'),
	('00000000-0000-0000-0000-000000000000', 608, 'KEPNeEPo8N96gKIJGIXj3Q', '74dffe01-1824-4118-a205-87bace940e3a', true, '2024-07-13 09:55:33.364818+00', '2024-07-13 13:08:27.915302+00', 'r_VvMCKdUHEjNadVrvSx6w', 'e48a2708-c2e8-4c71-bce2-14179479987e'),
	('00000000-0000-0000-0000-000000000000', 448, 'BXh4Jn83juRrVP-EZghYfA', '76c8cee0-7630-46ea-a697-88d813c1688c', true, '2024-06-26 07:03:20.72103+00', '2024-06-26 10:19:34.402228+00', 'AV7VcfuwoROcvBfe3FpKUQ', 'b4d70bb2-411e-4f17-ab70-f1c208a12689'),
	('00000000-0000-0000-0000-000000000000', 651, 'ck0WxA0IrlVO9nNOz12www', '74dffe01-1824-4118-a205-87bace940e3a', true, '2024-07-15 11:50:13.091097+00', '2024-07-15 13:00:45.790103+00', 'N032uuRenjp0Qar1Le_56A', '8c3d6c8f-ce92-459e-a23f-76cee081d0f0'),
	('00000000-0000-0000-0000-000000000000', 612, 'lyBnD3nVHC8kYEFtNqLQsQ', '74dffe01-1824-4118-a205-87bace940e3a', true, '2024-07-13 13:08:27.929313+00', '2024-07-14 00:25:09.633152+00', 'KEPNeEPo8N96gKIJGIXj3Q', 'e48a2708-c2e8-4c71-bce2-14179479987e'),
	('00000000-0000-0000-0000-000000000000', 617, 'KyQIv628XGW9ZvC7RF36FQ', '74dffe01-1824-4118-a205-87bace940e3a', true, '2024-07-14 05:19:46.398057+00', '2024-07-14 06:17:48.545594+00', 'nA_cwYYg5f00Y9YIWDnVNQ', '8c3d6c8f-ce92-459e-a23f-76cee081d0f0'),
	('00000000-0000-0000-0000-000000000000', 655, 'XpYv2l9V_xf1DedinO0DZw', '74dffe01-1824-4118-a205-87bace940e3a', true, '2024-07-15 17:46:59.05141+00', '2024-07-15 18:45:40.109246+00', 'XBxd_uN5WeLJKGD0yx53kQ', '8c3d6c8f-ce92-459e-a23f-76cee081d0f0'),
	('00000000-0000-0000-0000-000000000000', 663, 'l-F5YSBNjALebLyd5sq9Vw', '74dffe01-1824-4118-a205-87bace940e3a', true, '2024-07-16 00:51:11.863349+00', '2024-07-16 01:49:29.935921+00', 'dP4ioIiIfykxvhXMzlnA0A', '8c3d6c8f-ce92-459e-a23f-76cee081d0f0'),
	('00000000-0000-0000-0000-000000000000', 659, 'xuFcbjREFKP7OE8vXrlNCg', '74dffe01-1824-4118-a205-87bace940e3a', true, '2024-07-15 21:43:04.528444+00', '2024-07-16 03:30:21.803938+00', '5DtwaUSA59vyIm3CF6rdWA', 'e48a2708-c2e8-4c71-bce2-14179479987e'),
	('00000000-0000-0000-0000-000000000000', 667, 'aVBb1zhA6MBs29MQf8Eyvw', '74dffe01-1824-4118-a205-87bace940e3a', true, '2024-07-16 03:46:00.086689+00', '2024-07-16 04:44:30.539515+00', 'A4jhtET-FYJTTHz4FLYOLw', '8c3d6c8f-ce92-459e-a23f-76cee081d0f0'),
	('00000000-0000-0000-0000-000000000000', 671, 'mN8EkeYI95ODNt-8XredSA', '74dffe01-1824-4118-a205-87bace940e3a', true, '2024-07-16 06:40:31.910692+00', '2024-07-16 07:38:35.813092+00', '3saAoAZ0c4ZjE1En5JWR4A', '8c3d6c8f-ce92-459e-a23f-76cee081d0f0'),
	('00000000-0000-0000-0000-000000000000', 675, 'A0aOKAMSHzk8GX1-izi12g', '74dffe01-1824-4118-a205-87bace940e3a', true, '2024-07-16 10:32:58.822222+00', '2024-07-16 11:31:08.794749+00', 'DanQY0JuPWt_TVIBa14Dbg', '8c3d6c8f-ce92-459e-a23f-76cee081d0f0'),
	('00000000-0000-0000-0000-000000000000', 680, 'awX0niJa_OiX0p7qr5gJhQ', '74dffe01-1824-4118-a205-87bace940e3a', true, '2024-07-16 21:56:02.678431+00', '2024-07-16 23:23:00.29965+00', 'QVK52e1JupigZlBP83o4bA', 'e48a2708-c2e8-4c71-bce2-14179479987e'),
	('00000000-0000-0000-0000-000000000000', 684, '79L4tqzvthe0UJc3ioZBwg', '74dffe01-1824-4118-a205-87bace940e3a', true, '2024-07-17 02:50:11.330654+00', '2024-07-17 03:48:18.387706+00', 'rhZ93uOG8Q3dFMaCVbY-wg', '8c3d6c8f-ce92-459e-a23f-76cee081d0f0'),
	('00000000-0000-0000-0000-000000000000', 686, 'NfNu_QfBB6I9Anh8eVaHxQ', '74dffe01-1824-4118-a205-87bace940e3a', true, '2024-07-17 04:46:39.357374+00', '2024-07-17 05:44:39.265353+00', 'fTT4vI6itAv78Lj87uAcNw', '8c3d6c8f-ce92-459e-a23f-76cee081d0f0'),
	('00000000-0000-0000-0000-000000000000', 688, 't1Y1XSLtTSNwmuaresee6w', '74dffe01-1824-4118-a205-87bace940e3a', true, '2024-07-17 06:42:54.407736+00', '2024-07-17 07:40:55.798169+00', '_zGJUCAg_mrTr1rR1PYiGA', '8c3d6c8f-ce92-459e-a23f-76cee081d0f0'),
	('00000000-0000-0000-0000-000000000000', 691, 'OlhjiTEM4MM0w386Dgrysw', '74dffe01-1824-4118-a205-87bace940e3a', true, '2024-07-17 07:40:55.800776+00', '2024-07-17 08:38:56.701894+00', 't1Y1XSLtTSNwmuaresee6w', '8c3d6c8f-ce92-459e-a23f-76cee081d0f0'),
	('00000000-0000-0000-0000-000000000000', 693, '9g9YgCDEvIZkFGjx7S5SVQ', '74dffe01-1824-4118-a205-87bace940e3a', true, '2024-07-17 09:37:17.48537+00', '2024-07-17 10:35:22.295378+00', 'smdX1nwciTft8vDfTbNB0g', '8c3d6c8f-ce92-459e-a23f-76cee081d0f0'),
	('00000000-0000-0000-0000-000000000000', 697, 'PGJ8CykHJMlZEOXZpRCU7w', '76c8cee0-7630-46ea-a697-88d813c1688c', false, '2024-07-17 11:49:12.003296+00', '2024-07-17 11:49:12.003296+00', '7UenqjHj8dwkCkx5L1USjw', 'b4d70bb2-411e-4f17-ab70-f1c208a12689'),
	('00000000-0000-0000-0000-000000000000', 695, 'Do7UmlSs28LJa9sZ3SiJtQ', '74dffe01-1824-4118-a205-87bace940e3a', true, '2024-07-17 11:32:49.556803+00', '2024-07-18 00:13:06.272648+00', '-HYqOLY4bRHCiGcnljsdeQ', 'e48a2708-c2e8-4c71-bce2-14179479987e'),
	('00000000-0000-0000-0000-000000000000', 696, 'Q3II_Zoyv-DOtseNxsGqPQ', '74dffe01-1824-4118-a205-87bace940e3a', true, '2024-07-17 11:33:39.836008+00', '2024-07-18 00:18:42.132295+00', 'zZp_A8VHS_l2gE_AUqt11w', '8c3d6c8f-ce92-459e-a23f-76cee081d0f0'),
	('00000000-0000-0000-0000-000000000000', 698, '6mVT-4Yge0dKPZbTR6RNvg', '74dffe01-1824-4118-a205-87bace940e3a', false, '2024-07-18 00:13:06.27684+00', '2024-07-18 00:13:06.27684+00', 'Do7UmlSs28LJa9sZ3SiJtQ', 'e48a2708-c2e8-4c71-bce2-14179479987e'),
	('00000000-0000-0000-0000-000000000000', 699, '4w8nY8b_W68WSR9LVV6lQQ', '74dffe01-1824-4118-a205-87bace940e3a', true, '2024-07-18 00:18:42.138495+00', '2024-07-18 01:16:44.126114+00', 'Q3II_Zoyv-DOtseNxsGqPQ', '8c3d6c8f-ce92-459e-a23f-76cee081d0f0'),
	('00000000-0000-0000-0000-000000000000', 700, 'u93NJMZaM86yDOwFdaIMDg', '74dffe01-1824-4118-a205-87bace940e3a', false, '2024-07-18 01:16:44.130268+00', '2024-07-18 01:16:44.130268+00', '4w8nY8b_W68WSR9LVV6lQQ', '8c3d6c8f-ce92-459e-a23f-76cee081d0f0');


--
-- Data for Name: sso_providers; Type: TABLE DATA; Schema: auth; Owner: supabase_auth_admin
--



--
-- Data for Name: saml_providers; Type: TABLE DATA; Schema: auth; Owner: supabase_auth_admin
--



--
-- Data for Name: saml_relay_states; Type: TABLE DATA; Schema: auth; Owner: supabase_auth_admin
--



--
-- Data for Name: sso_domains; Type: TABLE DATA; Schema: auth; Owner: supabase_auth_admin
--



--
-- Data for Name: key; Type: TABLE DATA; Schema: pgsodium; Owner: supabase_admin
--



--
-- Data for Name: teams; Type: TABLE DATA; Schema: public; Owner: postgres
--

INSERT INTO "public"."teams" ("id", "created_at") VALUES
	('a8d730c0-9e76-44a3-b82c-fa46b3a45ce5', '2024-06-07 02:52:04.974647+00'),
	('cd36302b-9a5e-4a71-8a70-a483f9e6567c', '2024-06-11 11:29:28.306236+00'),
	('063e6790-dbf0-4e68-b739-bbbfaca769ef', '2024-06-11 11:29:28.306236+00');


--
-- Data for Name: users; Type: TABLE DATA; Schema: public; Owner: postgres
--

INSERT INTO "public"."users" ("id", "full_name", "avatar_url", "billing_address", "payment_method", "email", "is_admin", "username", "updated_at") VALUES
	('58c6ca51-b625-4e32-9962-b06894652fd6', NULL, NULL, NULL, NULL, NULL, NULL, NULL, NULL),
	('ddee3ea7-0d3d-4194-8ab1-5e0a36ec2026', 'Chad Apple', NULL, NULL, NULL, 'notmyemail@gmail.com', true, NULL, NULL),
	('9d0346e8-d342-4ea5-9af3-5aa9754ade76', 'Chad FALLOTIN', NULL, NULL, NULL, NULL, true, NULL, NULL),
	('76c8cee0-7630-46ea-a697-88d813c1688c', 'Lisa Hateley', 'https://jgewlgweozgpouputpjs.supabase.co/storage/v1/object/public/avatars/avatars/1721200328003-atwsl5.jpg', NULL, NULL, NULL, true, 'Your Eminence ', '2024-07-17 07:12:10.521+00'),
	('74dffe01-1824-4118-a205-87bace940e3a', 'Chad gmail', 'https://jgewlgweozgpouputpjs.supabase.co/storage/v1/object/public/avatars/avatars/1721203218633-9coyhu.jpg', NULL, NULL, NULL, NULL, 'cf913', '2024-07-17 08:00:19.384+00');


--
-- Data for Name: budgets; Type: TABLE DATA; Schema: public; Owner: postgres
--

INSERT INTO "public"."budgets" ("id", "created_at", "updated_at", "name", "owner_id", "team_id") VALUES
	('af59d34e-a9d1-40ba-9bf5-9458d29fd178', '2024-05-30 01:43:57.615265+00', '2024-05-30 01:43:57.615265+00', 'Food', 'ddee3ea7-0d3d-4194-8ab1-5e0a36ec2026', 'a8d730c0-9e76-44a3-b82c-fa46b3a45ce5'),
	('c472a9a7-492a-42c1-93b4-dc97ad0c7521', '2024-05-30 04:46:28.656885+00', '2024-05-30 04:46:28.656885+00', 'Bills', '74dffe01-1824-4118-a205-87bace940e3a', 'cd36302b-9a5e-4a71-8a70-a483f9e6567c'),
	('8e00aba9-da41-4a58-b5b7-9763be7c758b', '2024-05-30 04:49:23.948853+00', '2024-05-30 04:49:23.948853+00', 'Subscriptions', 'ddee3ea7-0d3d-4194-8ab1-5e0a36ec2026', 'cd36302b-9a5e-4a71-8a70-a483f9e6567c'),
	('ad946f07-b7f0-4006-a2ee-590e6f97a026', '2024-06-30 01:21:06.566505+00', '2024-06-30 01:21:06.566505+00', 'Personnal', '76c8cee0-7630-46ea-a697-88d813c1688c', '063e6790-dbf0-4e68-b739-bbbfaca769ef');


--
-- Data for Name: categories; Type: TABLE DATA; Schema: public; Owner: postgres
--

INSERT INTO "public"."categories" ("id", "created_at", "updated_at", "name", "color", "budget_id") VALUES
	('e96a59e2-2057-4045-a6cf-59074d3b0952', '2024-05-30 01:44:57.095046+00', '2024-05-30 01:44:57.095046+00', 'Groceries', '#4ad66d', 'af59d34e-a9d1-40ba-9bf5-9458d29fd178'),
	('0942f0ae-e53e-4c45-9306-90eb2ce77579', '2024-05-30 01:44:25.371986+00', '2024-05-30 01:44:25.371986+00', 'Dining Out', '#da2c38', 'af59d34e-a9d1-40ba-9bf5-9458d29fd178'),
	('e3f50a54-9df8-4b69-bd94-66544df8e178', '2024-06-05 00:53:10.147057+00', '2024-06-05 00:53:10.147057+00', 'Pre-made Meals', '#f77f00', 'af59d34e-a9d1-40ba-9bf5-9458d29fd178'),
	('4479db57-8c45-441c-a3e4-d62b1df4b33d', '2024-06-05 00:54:29.872704+00', '2024-06-05 00:54:29.872704+00', 'Online', '#7b2cbf', 'af59d34e-a9d1-40ba-9bf5-9458d29fd178'),
	('35c62b59-2399-4e82-9d54-c46894bf5310', '2024-06-20 08:03:15.690821+00', '2024-06-20 08:03:15.690821+00', 'Google', '#E44032', '8e00aba9-da41-4a58-b5b7-9763be7c758b'),
	('b0269ab9-788a-41cf-98bd-5e218e375d89', '2024-06-20 07:57:02.511603+00', '2024-06-20 07:57:02.511603+00', 'Apple', '#FFFFFF', '8e00aba9-da41-4a58-b5b7-9763be7c758b'),
	('f1b12e05-dea7-452c-a680-87979271263a', '2024-06-20 08:06:29.158201+00', '2024-06-20 08:06:29.158201+00', 'Apps', '#007CFB', '8e00aba9-da41-4a58-b5b7-9763be7c758b'),
	('df0e8ca9-7bfc-41e1-ae2b-47f4ff442f56', '2024-06-20 08:10:31.462471+00', '2024-06-20 08:10:31.462471+00', 'Amazon', '#FEBD6A', '8e00aba9-da41-4a58-b5b7-9763be7c758b'),
	('d73f5d5e-5f6d-4f9f-91e2-c19935f8212c', '2024-06-20 08:11:50.148155+00', '2024-06-20 08:11:50.148155+00', 'Dev Tools', '#259663', '8e00aba9-da41-4a58-b5b7-9763be7c758b'),
	('8d613b33-28bc-473f-af47-075a3356d697', '2024-06-20 08:15:53.709999+00', '2024-06-20 08:15:53.709999+00', 'Utilities', '#000000', '8e00aba9-da41-4a58-b5b7-9763be7c758b'),
	('a6efec3e-dc7e-41f9-922b-f55baf54bbe7', '2024-06-30 01:35:02.591138+00', '2024-06-30 01:35:02.591138+00', 'Subscription ', '#d100d1', 'ad946f07-b7f0-4006-a2ee-590e6f97a026'),
	('09575246-baf8-45a8-bf4e-db5cf66dc836', '2024-06-30 01:21:42.520848+00', '2024-06-30 01:21:42.520848+00', 'Peanut', '#2d00f7', 'ad946f07-b7f0-4006-a2ee-590e6f97a026'),
	('5a04a6d4-39ca-4063-8ceb-0dd3e0da38b8', '2024-06-30 04:21:11.270901+00', '2024-06-30 04:21:11.270901+00', 'Online Store', '#7b2cbf', 'c472a9a7-492a-42c1-93b4-dc97ad0c7521'),
	('61d2bd7f-431f-4688-b9f4-9ee451f6bed1', '2024-06-30 09:36:39.80798+00', '2024-06-30 09:36:39.80798+00', 'Other', '#000000', 'c472a9a7-492a-42c1-93b4-dc97ad0c7521'),
	('445f24cf-c829-4055-9118-53ebb743a4a0', '2024-06-30 04:21:43.991248+00', '2024-06-30 04:21:43.991248+00', 'Store', '#da2c38', 'c472a9a7-492a-42c1-93b4-dc97ad0c7521'),
	('e5425e47-ad2e-4ac1-bfb4-4dff911bcf93', '2024-06-30 01:23:02.468905+00', '2024-06-30 01:23:02.468905+00', 'Shopping', '#ff758f', 'ad946f07-b7f0-4006-a2ee-590e6f97a026');


--
-- Data for Name: customers; Type: TABLE DATA; Schema: public; Owner: postgres
--

INSERT INTO "public"."customers" ("id", "stripe_customer_id") VALUES
	('58c6ca51-b625-4e32-9962-b06894652fd6', 'cus_Q4X2ELGW9iS0Ww');


--
-- Data for Name: sub_categories; Type: TABLE DATA; Schema: public; Owner: postgres
--

INSERT INTO "public"."sub_categories" ("id", "created_at", "updated_at", "name", "parent_id", "user_id", "budget_id") VALUES
	('8eb66cc5-3c09-4123-b592-6d932b9a5054', '2024-06-30 01:23:13.993553+00', '2024-06-30 01:23:13.993553+00', 'Vet', '09575246-baf8-45a8-bf4e-db5cf66dc836', '76c8cee0-7630-46ea-a697-88d813c1688c', 'ad946f07-b7f0-4006-a2ee-590e6f97a026'),
	('8da6b191-9bc0-41c7-8464-ed07eada38b9', '2024-06-30 01:23:20.550356+00', '2024-06-30 01:23:20.550356+00', 'Insurance ', '09575246-baf8-45a8-bf4e-db5cf66dc836', '76c8cee0-7630-46ea-a697-88d813c1688c', 'ad946f07-b7f0-4006-a2ee-590e6f97a026'),
	('63b19016-9b24-4241-ab2c-ee5835e4b386', '2024-06-30 01:25:45.523164+00', '2024-06-30 01:25:45.523164+00', 'Sewing', 'e5425e47-ad2e-4ac1-bfb4-4dff911bcf93', '76c8cee0-7630-46ea-a697-88d813c1688c', 'ad946f07-b7f0-4006-a2ee-590e6f97a026'),
	('d315e530-a655-46f0-bb3f-a13be8b5e4b5', '2024-06-30 01:25:50.278473+00', '2024-06-30 01:25:50.278473+00', 'Clothing', 'e5425e47-ad2e-4ac1-bfb4-4dff911bcf93', '76c8cee0-7630-46ea-a697-88d813c1688c', 'ad946f07-b7f0-4006-a2ee-590e6f97a026'),
	('b4240dc2-43c2-4a7b-aa26-77ff6e64f4d7', '2024-05-30 01:45:19.170524+00', '2024-05-30 01:45:19.170524+00', 'Woolies', 'e96a59e2-2057-4045-a6cf-59074d3b0952', 'ddee3ea7-0d3d-4194-8ab1-5e0a36ec2026', 'af59d34e-a9d1-40ba-9bf5-9458d29fd178'),
	('fb85c18a-e18e-4cbc-a0fd-1b834e2ae1da', '2024-06-05 00:54:38.363163+00', '2024-06-05 00:54:38.363163+00', 'Nespresso', '4479db57-8c45-441c-a3e4-d62b1df4b33d', 'ddee3ea7-0d3d-4194-8ab1-5e0a36ec2026', 'af59d34e-a9d1-40ba-9bf5-9458d29fd178'),
	('2e48dc5e-82cd-431f-996f-d5a244f30fed', '2024-06-05 00:53:24.188246+00', '2024-06-05 00:53:24.188246+00', 'My Muscle Chef', 'e3f50a54-9df8-4b69-bd94-66544df8e178', 'ddee3ea7-0d3d-4194-8ab1-5e0a36ec2026', 'af59d34e-a9d1-40ba-9bf5-9458d29fd178'),
	('8527ff16-6223-4a63-90c8-67a2aca5320e', '2024-06-04 04:18:34.999115+00', '2024-06-04 04:18:34.999115+00', 'Night Owl', 'e96a59e2-2057-4045-a6cf-59074d3b0952', 'ddee3ea7-0d3d-4194-8ab1-5e0a36ec2026', 'af59d34e-a9d1-40ba-9bf5-9458d29fd178'),
	('c0ce9b1a-3525-472b-8678-ce2c430fd2b7', '2024-05-30 01:45:36.057005+00', '2024-05-30 01:45:36.057005+00', 'Maccas', '0942f0ae-e53e-4c45-9306-90eb2ce77579', 'ddee3ea7-0d3d-4194-8ab1-5e0a36ec2026', 'af59d34e-a9d1-40ba-9bf5-9458d29fd178'),
	('3cbd57bc-ea37-46b3-bacc-17a12f145eed', '2024-05-30 01:45:48.160084+00', '2024-05-30 01:45:48.160084+00', 'Coles', 'e96a59e2-2057-4045-a6cf-59074d3b0952', 'ddee3ea7-0d3d-4194-8ab1-5e0a36ec2026', 'af59d34e-a9d1-40ba-9bf5-9458d29fd178'),
	('3b9e56e9-4461-459d-ae95-58a206e97ea3', '2024-05-30 01:46:04.429478+00', '2024-05-30 01:46:04.429478+00', 'Aldi', 'e96a59e2-2057-4045-a6cf-59074d3b0952', 'ddee3ea7-0d3d-4194-8ab1-5e0a36ec2026', 'af59d34e-a9d1-40ba-9bf5-9458d29fd178'),
	('806fb394-fff4-4d49-95bf-2bb4400888a2', '2024-06-11 11:37:16.091278+00', '2024-06-11 11:37:16.091278+00', 'Harris Farm Markets', 'e96a59e2-2057-4045-a6cf-59074d3b0952', '9d0346e8-d342-4ea5-9af3-5aa9754ade76', 'af59d34e-a9d1-40ba-9bf5-9458d29fd178'),
	('10b8a88f-f499-4b60-b0ce-93bca27c1e83', '2024-06-11 11:38:23.890279+00', '2024-06-11 11:38:23.890279+00', 'Dominos ', '0942f0ae-e53e-4c45-9306-90eb2ce77579', '9d0346e8-d342-4ea5-9af3-5aa9754ade76', 'af59d34e-a9d1-40ba-9bf5-9458d29fd178'),
	('c246cbc3-f9d2-41c0-a620-deac0aa9155b', '2024-06-13 07:15:38.718028+00', '2024-06-13 07:15:38.718028+00', 'Schnitz', '0942f0ae-e53e-4c45-9306-90eb2ce77579', '9d0346e8-d342-4ea5-9af3-5aa9754ade76', 'af59d34e-a9d1-40ba-9bf5-9458d29fd178'),
	('5e661b1d-2b12-43ec-acd7-cbcd711ffe3d', '2024-06-15 02:07:39.821115+00', '2024-06-15 02:07:39.821115+00', 'Sea Fuel', '0942f0ae-e53e-4c45-9306-90eb2ce77579', '9d0346e8-d342-4ea5-9af3-5aa9754ade76', 'af59d34e-a9d1-40ba-9bf5-9458d29fd178'),
	('f2137f96-cdda-4c7d-a673-593989434970', '2024-06-19 01:27:59.083918+00', '2024-06-19 01:27:59.083918+00', 'The Coffee Club', '0942f0ae-e53e-4c45-9306-90eb2ce77579', '9d0346e8-d342-4ea5-9af3-5aa9754ade76', 'af59d34e-a9d1-40ba-9bf5-9458d29fd178'),
	('122a6a5e-600c-47b8-a793-1553cd32d190', '2024-06-20 07:59:42.360989+00', '2024-06-20 07:59:42.360989+00', 'iCloud', 'b0269ab9-788a-41cf-98bd-5e218e375d89', '74dffe01-1824-4118-a205-87bace940e3a', '8e00aba9-da41-4a58-b5b7-9763be7c758b'),
	('3f772a50-c6a1-4084-b002-d9e679e5de0e', '2024-06-20 08:00:16.277487+00', '2024-06-20 08:00:16.277487+00', 'AppleCare+ iPad', 'b0269ab9-788a-41cf-98bd-5e218e375d89', '74dffe01-1824-4118-a205-87bace940e3a', '8e00aba9-da41-4a58-b5b7-9763be7c758b'),
	('fdfcbb52-444d-4d35-8ab1-80e98e131c7e', '2024-06-20 08:00:33.016952+00', '2024-06-20 08:00:33.016952+00', 'AppleCare+ Watch', 'b0269ab9-788a-41cf-98bd-5e218e375d89', '74dffe01-1824-4118-a205-87bace940e3a', '8e00aba9-da41-4a58-b5b7-9763be7c758b'),
	('aeb3c387-70f0-44dd-8548-61a5171207fe', '2024-06-20 08:04:51.891629+00', '2024-06-20 08:04:51.891629+00', 'Drive', '35c62b59-2399-4e82-9d54-c46894bf5310', '74dffe01-1824-4118-a205-87bace940e3a', '8e00aba9-da41-4a58-b5b7-9763be7c758b'),
	('75eb21d7-7ece-4f47-ab2a-fdb84f0a345b', '2024-06-20 08:07:55.044983+00', '2024-06-20 08:07:55.044983+00', 'Surfline', 'f1b12e05-dea7-452c-a680-87979271263a', '74dffe01-1824-4118-a205-87bace940e3a', '8e00aba9-da41-4a58-b5b7-9763be7c758b'),
	('9bd33eba-3627-4834-a4a0-bf99f8adbd84', '2024-06-20 08:08:30.45541+00', '2024-06-20 08:08:30.45541+00', 'Athlytic', 'f1b12e05-dea7-452c-a680-87979271263a', '74dffe01-1824-4118-a205-87bace940e3a', '8e00aba9-da41-4a58-b5b7-9763be7c758b'),
	('46f85129-35a5-4fc2-af66-83bfd798d123', '2024-06-20 08:08:43.681245+00', '2024-06-20 08:08:43.681245+00', 'Artstudio Pro', 'f1b12e05-dea7-452c-a680-87979271263a', '74dffe01-1824-4118-a205-87bace940e3a', '8e00aba9-da41-4a58-b5b7-9763be7c758b'),
	('80d7001c-d9ca-4d5c-af6d-3fe81321a481', '2024-06-20 08:09:04.366029+00', '2024-06-20 08:09:04.366029+00', 'StrongLifts', 'f1b12e05-dea7-452c-a680-87979271263a', '74dffe01-1824-4118-a205-87bace940e3a', '8e00aba9-da41-4a58-b5b7-9763be7c758b'),
	('d33862d9-c0d1-480c-9aa6-82a0f0f3b225', '2024-06-20 08:09:57.110112+00', '2024-06-20 08:09:57.110112+00', 'Usage', 'f1b12e05-dea7-452c-a680-87979271263a', '74dffe01-1824-4118-a205-87bace940e3a', '8e00aba9-da41-4a58-b5b7-9763be7c758b'),
	('ffc77d7b-a2f7-41bd-b85b-60e0ac454680', '2024-06-20 08:10:58.78907+00', '2024-06-20 08:10:58.78907+00', 'Prime', 'df0e8ca9-7bfc-41e1-ae2b-47f4ff442f56', '74dffe01-1824-4118-a205-87bace940e3a', '8e00aba9-da41-4a58-b5b7-9763be7c758b'),
	('3497b83d-32b8-4e50-be74-1966e10a76c2', '2024-06-20 08:11:25.656091+00', '2024-06-20 08:11:25.656091+00', 'AWS', 'df0e8ca9-7bfc-41e1-ae2b-47f4ff442f56', '74dffe01-1824-4118-a205-87bace940e3a', '8e00aba9-da41-4a58-b5b7-9763be7c758b'),
	('7a73fc62-4ccf-45f1-9f64-cc5d7c4b0972', '2024-06-20 08:12:43.550043+00', '2024-06-20 08:12:43.550043+00', 'GitKraken', 'd73f5d5e-5f6d-4f9f-91e2-c19935f8212c', '74dffe01-1824-4118-a205-87bace940e3a', '8e00aba9-da41-4a58-b5b7-9763be7c758b'),
	('c192dc28-5ca3-469a-867b-d4d6954df14d', '2024-06-20 08:12:55.105265+00', '2024-06-20 08:12:55.105265+00', 'GitHub Copilot', 'd73f5d5e-5f6d-4f9f-91e2-c19935f8212c', '74dffe01-1824-4118-a205-87bace940e3a', '8e00aba9-da41-4a58-b5b7-9763be7c758b'),
	('a60236c1-7565-4830-9021-a0ce17f2bbc7', '2024-06-20 08:13:22.925593+00', '2024-06-20 08:13:22.925593+00', 'Raycast', 'd73f5d5e-5f6d-4f9f-91e2-c19935f8212c', '74dffe01-1824-4118-a205-87bace940e3a', '8e00aba9-da41-4a58-b5b7-9763be7c758b'),
	('da231a61-7deb-4627-a14a-83128dd7c7a4', '2024-06-20 08:13:28.941553+00', '2024-06-20 08:13:28.941553+00', 'SetApp', 'd73f5d5e-5f6d-4f9f-91e2-c19935f8212c', '74dffe01-1824-4118-a205-87bace940e3a', '8e00aba9-da41-4a58-b5b7-9763be7c758b'),
	('8cae6b33-64ed-46d3-9f10-70ff37c6aa3c', '2024-06-20 08:14:06.481936+00', '2024-06-20 08:14:06.481936+00', 'Tidal', 'f1b12e05-dea7-452c-a680-87979271263a', '74dffe01-1824-4118-a205-87bace940e3a', '8e00aba9-da41-4a58-b5b7-9763be7c758b'),
	('f3911c92-1cf2-4c8f-8d7e-52e0badbf90f', '2024-06-20 08:14:13.561376+00', '2024-06-20 08:14:13.561376+00', 'NordVPN', 'f1b12e05-dea7-452c-a680-87979271263a', '74dffe01-1824-4118-a205-87bace940e3a', '8e00aba9-da41-4a58-b5b7-9763be7c758b'),
	('5e0f99ed-6cfe-40c8-8546-0e5bee3d831f', '2024-06-20 08:16:25.028732+00', '2024-06-20 08:16:25.028732+00', 'Gym', '8d613b33-28bc-473f-af47-075a3356d697', '74dffe01-1824-4118-a205-87bace940e3a', '8e00aba9-da41-4a58-b5b7-9763be7c758b'),
	('d4c1138b-07ff-447e-893a-8a40d43a0640', '2024-06-20 08:17:11.535177+00', '2024-06-20 08:17:11.535177+00', 'Vodafone Wifi', '8d613b33-28bc-473f-af47-075a3356d697', '74dffe01-1824-4118-a205-87bace940e3a', '8e00aba9-da41-4a58-b5b7-9763be7c758b'),
	('01f97e51-7ac4-4dbb-b705-a0ea7ad767dc', '2024-06-20 08:17:17.900066+00', '2024-06-20 08:17:17.900066+00', 'Vodafone Mobile', '8d613b33-28bc-473f-af47-075a3356d697', '74dffe01-1824-4118-a205-87bace940e3a', '8e00aba9-da41-4a58-b5b7-9763be7c758b'),
	('cb0c8244-a515-417f-be86-0974f4ef3489', '2024-06-20 08:17:31.46066+00', '2024-06-20 08:17:31.46066+00', 'Bills', '8d613b33-28bc-473f-af47-075a3356d697', '74dffe01-1824-4118-a205-87bace940e3a', '8e00aba9-da41-4a58-b5b7-9763be7c758b'),
	('6dedba5c-5be6-4c9c-b9cf-9086af27b98f', '2024-06-20 08:22:30.690385+00', '2024-06-20 08:22:30.690385+00', 'Rent', '8d613b33-28bc-473f-af47-075a3356d697', '74dffe01-1824-4118-a205-87bace940e3a', '8e00aba9-da41-4a58-b5b7-9763be7c758b'),
	('1afc85bd-9dd9-47e6-9a3c-5f8b30a48b26', '2024-06-20 08:22:40.790062+00', '2024-06-20 08:22:40.790062+00', 'Parking', '8d613b33-28bc-473f-af47-075a3356d697', '74dffe01-1824-4118-a205-87bace940e3a', '8e00aba9-da41-4a58-b5b7-9763be7c758b'),
	('d393f262-4562-4b64-8ac4-bec623b068b3', '2024-06-27 06:12:52.642036+00', '2024-06-27 06:12:52.642036+00', 'IKEA', '0942f0ae-e53e-4c45-9306-90eb2ce77579', '74dffe01-1824-4118-a205-87bace940e3a', 'af59d34e-a9d1-40ba-9bf5-9458d29fd178'),
	('b1d0af6d-4fa0-47bc-a171-11d2deda79d7', '2024-06-20 08:07:39.377786+00', '2024-06-20 08:07:39.377786+00', 'windy.com', 'f1b12e05-dea7-452c-a680-87979271263a', '74dffe01-1824-4118-a205-87bace940e3a', '8e00aba9-da41-4a58-b5b7-9763be7c758b'),
	('c738efe5-9eb6-43fe-9689-d5234d7b1469', '2024-06-23 00:16:29.269364+00', '2024-06-23 00:16:29.269364+00', 'Lisas Favourite Rainbowbay Cafe ', '0942f0ae-e53e-4c45-9306-90eb2ce77579', '76c8cee0-7630-46ea-a697-88d813c1688c', 'af59d34e-a9d1-40ba-9bf5-9458d29fd178'),
	('a04cdcf8-3d4e-44db-b5cd-33696066c12d', '2024-06-28 02:43:58.401911+00', '2024-06-28 02:43:58.401911+00', 'Kim Tahn Hot Bread', '0942f0ae-e53e-4c45-9306-90eb2ce77579', '76c8cee0-7630-46ea-a697-88d813c1688c', 'af59d34e-a9d1-40ba-9bf5-9458d29fd178'),
	('c25b7842-3511-4bb5-b22e-c001cd9a490a', '2024-06-30 01:23:10.799488+00', '2024-06-30 01:23:10.799488+00', 'Food', '09575246-baf8-45a8-bf4e-db5cf66dc836', '76c8cee0-7630-46ea-a697-88d813c1688c', 'ad946f07-b7f0-4006-a2ee-590e6f97a026'),
	('8cc5c473-62ff-4ca5-ad37-236f6a495c67', '2024-06-30 01:26:00.960252+00', '2024-06-30 01:26:00.960252+00', 'Fun', 'e5425e47-ad2e-4ac1-bfb4-4dff911bcf93', '76c8cee0-7630-46ea-a697-88d813c1688c', 'ad946f07-b7f0-4006-a2ee-590e6f97a026'),
	('d75bf97e-d73c-4f28-91f4-0d4d82ad11dd', '2024-06-30 01:26:30.671459+00', '2024-06-30 01:26:30.671459+00', 'Etsy', 'e5425e47-ad2e-4ac1-bfb4-4dff911bcf93', '76c8cee0-7630-46ea-a697-88d813c1688c', 'ad946f07-b7f0-4006-a2ee-590e6f97a026'),
	('518abf96-408e-4301-9b35-db904fb88cb6', '2024-06-30 01:26:45.781121+00', '2024-06-30 01:26:45.781121+00', 'Spotlight', 'e5425e47-ad2e-4ac1-bfb4-4dff911bcf93', '76c8cee0-7630-46ea-a697-88d813c1688c', 'ad946f07-b7f0-4006-a2ee-590e6f97a026'),
	('4e3d1030-e422-4024-83a9-4a0daf5602f3', '2024-06-30 01:35:07.753474+00', '2024-06-30 01:35:07.753474+00', 'Apple', 'a6efec3e-dc7e-41f9-922b-f55baf54bbe7', '76c8cee0-7630-46ea-a697-88d813c1688c', 'ad946f07-b7f0-4006-a2ee-590e6f97a026'),
	('fd49451f-a72e-4306-8e57-c758380fef7f', '2024-06-30 01:36:35.142072+00', '2024-06-30 01:36:35.142072+00', 'Club Lime', 'a6efec3e-dc7e-41f9-922b-f55baf54bbe7', '76c8cee0-7630-46ea-a697-88d813c1688c', 'ad946f07-b7f0-4006-a2ee-590e6f97a026'),
	('ab2eff68-cabe-4f81-9cc6-323fee528339', '2024-06-30 01:37:04.383985+00', '2024-06-30 01:37:04.383985+00', 'TMR - Rego', 'a6efec3e-dc7e-41f9-922b-f55baf54bbe7', '76c8cee0-7630-46ea-a697-88d813c1688c', 'ad946f07-b7f0-4006-a2ee-590e6f97a026'),
	('6e54c2ed-eaaf-4e15-a734-b77c0be78ed5', '2024-06-30 01:37:29.423974+00', '2024-06-30 01:37:29.423974+00', 'Car Insurance ', 'a6efec3e-dc7e-41f9-922b-f55baf54bbe7', '76c8cee0-7630-46ea-a697-88d813c1688c', 'ad946f07-b7f0-4006-a2ee-590e6f97a026'),
	('f02e57b2-55a5-444c-b6d9-8602c49ee98d', '2024-06-30 01:37:50.409654+00', '2024-06-30 01:37:50.409654+00', 'Aldi mobile', 'a6efec3e-dc7e-41f9-922b-f55baf54bbe7', '76c8cee0-7630-46ea-a697-88d813c1688c', 'ad946f07-b7f0-4006-a2ee-590e6f97a026'),
	('6669bb88-e85a-40b5-8616-b8f06e42d746', '2024-06-30 04:21:52.604914+00', '2024-06-30 04:21:52.604914+00', 'Bunnings', '445f24cf-c829-4055-9118-53ebb743a4a0', '74dffe01-1824-4118-a205-87bace940e3a', 'c472a9a7-492a-42c1-93b4-dc97ad0c7521'),
	('28617d4f-fe19-4cf0-8169-4a98867e0c85', '2024-06-30 08:59:51.007243+00', '2024-06-30 08:59:51.007243+00', 'Apple Developer', 'b0269ab9-788a-41cf-98bd-5e218e375d89', '74dffe01-1824-4118-a205-87bace940e3a', '8e00aba9-da41-4a58-b5b7-9763be7c758b'),
	('d2936d76-072e-4805-bf1f-611cceb9489d', '2024-06-30 09:22:48.077744+00', '2024-06-30 09:22:48.077744+00', 'Ultimate Guitar Pro', 'f1b12e05-dea7-452c-a680-87979271263a', '74dffe01-1824-4118-a205-87bace940e3a', '8e00aba9-da41-4a58-b5b7-9763be7c758b'),
	('79375bd2-8b3f-4fbc-82bb-838a168aa65e', '2024-06-30 09:36:45.040108+00', '2024-06-30 09:36:45.040108+00', 'Fuel', '61d2bd7f-431f-4688-b9f4-9ee451f6bed1', '74dffe01-1824-4118-a205-87bace940e3a', 'c472a9a7-492a-42c1-93b4-dc97ad0c7521'),
	('b066db68-b47a-4de4-8312-64d3876a4cb0', '2024-07-08 04:17:07.183005+00', '2024-07-08 04:17:07.183005+00', 'Chemist', 'e5425e47-ad2e-4ac1-bfb4-4dff911bcf93', '76c8cee0-7630-46ea-a697-88d813c1688c', 'ad946f07-b7f0-4006-a2ee-590e6f97a026'),
	('69f84a99-9e03-4863-b02f-0397c8920d29', '2024-07-09 02:24:17.075122+00', '2024-07-09 02:24:17.075122+00', 'Bonjour', '5a04a6d4-39ca-4063-8ceb-0dd3e0da38b8', '74dffe01-1824-4118-a205-87bace940e3a', 'c472a9a7-492a-42c1-93b4-dc97ad0c7521'),
	('4f76d8f4-46ba-44cc-a021-5df411e47cce', '2024-07-09 02:24:52.359342+00', '2024-07-09 02:24:52.359342+00', 'New one', '5a04a6d4-39ca-4063-8ceb-0dd3e0da38b8', '74dffe01-1824-4118-a205-87bace940e3a', 'c472a9a7-492a-42c1-93b4-dc97ad0c7521'),
	('59ee539e-ef74-4824-ab3a-193a9e22dd58', '2024-07-09 02:25:11.157802+00', '2024-07-09 02:25:11.157802+00', 'Another', '5a04a6d4-39ca-4063-8ceb-0dd3e0da38b8', '74dffe01-1824-4118-a205-87bace940e3a', 'c472a9a7-492a-42c1-93b4-dc97ad0c7521'),
	('ef9acc67-50af-4b18-99fd-c4d317c10ccc', '2024-07-09 11:14:28.505699+00', '2024-07-09 11:14:28.505699+00', 'Guzman Y Gomez', '0942f0ae-e53e-4c45-9306-90eb2ce77579', '74dffe01-1824-4118-a205-87bace940e3a', 'af59d34e-a9d1-40ba-9bf5-9458d29fd178'),
	('0765058d-d79f-4d09-b962-868fd486d382', '2024-07-11 07:38:04.844879+00', '2024-07-11 07:38:04.844879+00', 'Pig N Whistle', '0942f0ae-e53e-4c45-9306-90eb2ce77579', '74dffe01-1824-4118-a205-87bace940e3a', 'af59d34e-a9d1-40ba-9bf5-9458d29fd178'),
	('be43cc3a-fe28-4980-b758-719c6e50a498', '2024-07-13 02:30:02.836792+00', '2024-07-13 02:30:02.836792+00', 'KFC', '0942f0ae-e53e-4c45-9306-90eb2ce77579', '74dffe01-1824-4118-a205-87bace940e3a', 'af59d34e-a9d1-40ba-9bf5-9458d29fd178'),
	('faf70a20-a815-4868-8504-b2950ef6a8a2', '2024-07-14 02:17:36.566105+00', '2024-07-14 02:17:36.566105+00', 'Temu', 'e5425e47-ad2e-4ac1-bfb4-4dff911bcf93', '76c8cee0-7630-46ea-a697-88d813c1688c', 'ad946f07-b7f0-4006-a2ee-590e6f97a026');


--
-- Data for Name: entries; Type: TABLE DATA; Schema: public; Owner: postgres
--

INSERT INTO "public"."entries" ("id", "created_at", "udpated_at", "amount", "category_id", "sub_category_id", "note", "year", "month", "week", "day", "budget_id", "user_id") VALUES
	('de5f473e-a80f-4bbb-83d3-535b816b54dd', '2024-06-24 05:56:00+00', '2024-06-30 05:56:21.952393+00', 18800, '8d613b33-28bc-473f-af47-075a3356d697', '6dedba5c-5be6-4c9c-b9cf-9086af27b98f', NULL, 2024, 6, 26, 1, '8e00aba9-da41-4a58-b5b7-9763be7c758b', '74dffe01-1824-4118-a205-87bace940e3a'),
	('98085142-d396-4e37-9556-7cfa4f34145e', '2024-06-22 08:50:00+00', '2024-06-30 08:50:54.151968+00', 8900, 'df0e8ca9-7bfc-41e1-ae2b-47f4ff442f56', 'ffc77d7b-a2f7-41bd-b85b-60e0ac454680', NULL, 2024, 6, 25, 6, '8e00aba9-da41-4a58-b5b7-9763be7c758b', '74dffe01-1824-4118-a205-87bace940e3a'),
	('e297fcc5-183b-4aca-83e0-62a001fbd80f', '2024-06-06 08:59:00+00', '2024-06-30 09:00:26.788878+00', 14900, 'b0269ab9-788a-41cf-98bd-5e218e375d89', '28617d4f-fe19-4cf0-8169-4a98867e0c85', NULL, 2024, 6, 23, 4, '8e00aba9-da41-4a58-b5b7-9763be7c758b', '74dffe01-1824-4118-a205-87bace940e3a'),
	('20565800-1658-4a7a-accc-1a500414c996', '2024-06-17 09:02:00+00', '2024-06-30 09:02:23.405571+00', 18800, '8d613b33-28bc-473f-af47-075a3356d697', '6dedba5c-5be6-4c9c-b9cf-9086af27b98f', NULL, 2024, 6, 25, 1, '8e00aba9-da41-4a58-b5b7-9763be7c758b', '74dffe01-1824-4118-a205-87bace940e3a'),
	('bad2ca42-4e74-491b-a428-1afa613c2213', '2024-06-06 09:03:00+00', '2024-06-30 09:04:10.665057+00', 4007, '8d613b33-28bc-473f-af47-075a3356d697', '5e0f99ed-6cfe-40c8-8546-0e5bee3d831f', NULL, 2024, 6, 23, 4, '8e00aba9-da41-4a58-b5b7-9763be7c758b', '74dffe01-1824-4118-a205-87bace940e3a'),
	('9d972577-531e-4c9f-bb89-436797c5966c', '2024-06-10 09:08:00+00', '2024-06-30 09:08:15.406343+00', 7000, '8d613b33-28bc-473f-af47-075a3356d697', 'd4c1138b-07ff-447e-893a-8a40d43a0640', NULL, 2024, 6, 24, 1, '8e00aba9-da41-4a58-b5b7-9763be7c758b', '74dffe01-1824-4118-a205-87bace940e3a'),
	('06d24166-d5bd-4241-b79d-b5807ceab405', '2024-06-09 09:12:00+00', '2024-06-30 09:13:08.627298+00', 1549, 'f1b12e05-dea7-452c-a680-87979271263a', 'd33862d9-c0d1-480c-9aa6-82a0f0f3b225', NULL, 2024, 6, 23, 0, '8e00aba9-da41-4a58-b5b7-9763be7c758b', '74dffe01-1824-4118-a205-87bace940e3a'),
	('65e0bb7a-7a59-435e-a7e0-dc3c32c3181a', '2024-06-11 09:18:00+00', '2024-06-30 09:18:44.30692+00', 1499, 'b0269ab9-788a-41cf-98bd-5e218e375d89', '122a6a5e-600c-47b8-a793-1553cd32d190', NULL, 2024, 6, 24, 2, '8e00aba9-da41-4a58-b5b7-9763be7c758b', '74dffe01-1824-4118-a205-87bace940e3a'),
	('8d6d98c3-b0e5-4b3d-858a-a6f0ffd4b1d8', '2024-06-25 09:23:00+00', '2024-06-30 09:23:21.977823+00', 2999, 'f1b12e05-dea7-452c-a680-87979271263a', 'd2936d76-072e-4805-bf1f-611cceb9489d', NULL, 2024, 6, 26, 2, '8e00aba9-da41-4a58-b5b7-9763be7c758b', '74dffe01-1824-4118-a205-87bace940e3a'),
	('7ef3c48f-f61e-4d87-b780-94a3c219ca4f', '2024-06-18 09:26:00+00', '2024-06-30 09:26:56.35609+00', 1719, 'd73f5d5e-5f6d-4f9f-91e2-c19935f8212c', 'da231a61-7deb-4627-a14a-83128dd7c7a4', NULL, 2024, 6, 25, 2, '8e00aba9-da41-4a58-b5b7-9763be7c758b', '74dffe01-1824-4118-a205-87bace940e3a'),
	('89fe5080-c834-4ed6-a732-bba070845138', '2024-06-27 09:36:00+00', '2024-06-30 09:37:25.290314+00', 4200, '61d2bd7f-431f-4688-b9f4-9ee451f6bed1', '79375bd2-8b3f-4fbc-82bb-838a168aa65e', NULL, 2024, 6, 26, 4, 'c472a9a7-492a-42c1-93b4-dc97ad0c7521', '74dffe01-1824-4118-a205-87bace940e3a'),
	('9ca4cba4-2344-4d10-b206-68c7d06b8048', '2024-07-01 17:00:00.099855+00', '2024-07-01 17:00:00.099855+00', 1999, 'f1b12e05-dea7-452c-a680-87979271263a', '8cae6b33-64ed-46d3-9f10-70ff37c6aa3c', NULL, 2024, 7, 27, 2, '8e00aba9-da41-4a58-b5b7-9763be7c758b', '74dffe01-1824-4118-a205-87bace940e3a'),
	('084d4209-3632-4ee6-bfb6-fa55dcd0930a', '2024-07-04 00:30:00+00', '2024-07-05 00:32:22.628504+00', 1501, 'd73f5d5e-5f6d-4f9f-91e2-c19935f8212c', 'a60236c1-7565-4830-9021-a0ce17f2bbc7', NULL, 2024, 7, 27, 4, '8e00aba9-da41-4a58-b5b7-9763be7c758b', '74dffe01-1824-4118-a205-87bace940e3a'),
	('339873ee-763e-409a-b9a4-0421d0e00332', '2024-07-07 10:22:31.205+00', '2024-07-07 10:22:39.817085+00', 5170, '4479db57-8c45-441c-a3e4-d62b1df4b33d', 'fb85c18a-e18e-4cbc-a0fd-1b834e2ae1da', NULL, 2024, 7, 27, 0, 'af59d34e-a9d1-40ba-9bf5-9458d29fd178', '74dffe01-1824-4118-a205-87bace940e3a'),
	('27ac2bf4-0ef9-49ef-bb86-0c36d3c197eb', '2024-07-04 04:15:00+00', '2024-07-08 04:16:14.801671+00', 3500, 'a6efec3e-dc7e-41f9-922b-f55baf54bbe7', 'fd49451f-a72e-4306-8e57-c758380fef7f', NULL, 2024, 7, 27, 4, 'ad946f07-b7f0-4006-a2ee-590e6f97a026', '76c8cee0-7630-46ea-a697-88d813c1688c'),
	('7ef88199-7bea-486a-88e3-44db13b3105d', '2024-07-08 04:16:30.354+00', '2024-07-08 04:16:41.331268+00', 1500, 'e5425e47-ad2e-4ac1-bfb4-4dff911bcf93', 'd315e530-a655-46f0-bb3f-a13be8b5e4b5', NULL, 2024, 7, 28, 1, 'ad946f07-b7f0-4006-a2ee-590e6f97a026', '76c8cee0-7630-46ea-a697-88d813c1688c'),
	('7f8e704f-3a2c-4e40-bc81-da2d9bf6ebdc', '2024-07-08 04:17:32.352+00', '2024-07-08 04:17:40.254793+00', 6100, 'e5425e47-ad2e-4ac1-bfb4-4dff911bcf93', '518abf96-408e-4301-9b35-db904fb88cb6', NULL, 2024, 7, 28, 1, 'ad946f07-b7f0-4006-a2ee-590e6f97a026', '76c8cee0-7630-46ea-a697-88d813c1688c'),
	('a95fa633-77c4-4efb-b060-9c85177e30ce', '2024-07-09 17:00:00.104033+00', '2024-07-09 17:00:00.104033+00', 4900, '8d613b33-28bc-473f-af47-075a3356d697', '01f97e51-7ac4-4dbb-b705-a0ea7ad767dc', NULL, 2024, 7, 28, 3, '8e00aba9-da41-4a58-b5b7-9763be7c758b', '74dffe01-1824-4118-a205-87bace940e3a'),
	('254f6cf7-960a-45fa-b41d-afa8cf216281', '2024-07-09 17:00:00.104033+00', '2024-07-09 17:00:00.104033+00', 7000, '8d613b33-28bc-473f-af47-075a3356d697', 'd4c1138b-07ff-447e-893a-8a40d43a0640', NULL, 2024, 7, 28, 3, '8e00aba9-da41-4a58-b5b7-9763be7c758b', '74dffe01-1824-4118-a205-87bace940e3a'),
	('52047f44-457b-4cf4-a1ef-0d8df9b92825', '2024-07-10 17:00:00.114419+00', '2024-07-10 17:00:00.114419+00', 1499, 'b0269ab9-788a-41cf-98bd-5e218e375d89', '122a6a5e-600c-47b8-a793-1553cd32d190', NULL, 2024, 7, 28, 4, '8e00aba9-da41-4a58-b5b7-9763be7c758b', '74dffe01-1824-4118-a205-87bace940e3a'),
	('b9c484db-fada-4630-a8f9-709240897e59', '2024-07-10 17:00:00.114419+00', '2024-07-10 17:00:00.114419+00', 7100, 'a6efec3e-dc7e-41f9-922b-f55baf54bbe7', 'ab2eff68-cabe-4f81-9cc6-323fee528339', NULL, 2024, 7, 28, 4, 'ad946f07-b7f0-4006-a2ee-590e6f97a026', '74dffe01-1824-4118-a205-87bace940e3a'),
	('5b8c3b02-8cc0-41ef-922d-7cc7dbcb7e7e', '2024-07-11 07:37:36.338+00', '2024-07-11 07:38:11.29075+00', 2000, '0942f0ae-e53e-4c45-9306-90eb2ce77579', '0765058d-d79f-4d09-b962-868fd486d382', NULL, 2024, 7, 28, 4, 'af59d34e-a9d1-40ba-9bf5-9458d29fd178', '74dffe01-1824-4118-a205-87bace940e3a'),
	('552783c7-84e7-4aab-8a99-0de3ad8c7235', '2024-07-13 07:54:17.556+00', '2024-07-13 07:54:25.461617+00', 830, 'e96a59e2-2057-4045-a6cf-59074d3b0952', '8527ff16-6223-4a63-90c8-67a2aca5320e', NULL, 2024, 7, 28, 6, 'af59d34e-a9d1-40ba-9bf5-9458d29fd178', '74dffe01-1824-4118-a205-87bace940e3a'),
	('71e7671b-e833-4308-b949-25a4ae828286', '2024-07-14 02:17:58.818+00', '2024-07-14 02:18:05.328951+00', 2000, 'e5425e47-ad2e-4ac1-bfb4-4dff911bcf93', '518abf96-408e-4301-9b35-db904fb88cb6', NULL, 2024, 7, 28, 0, 'ad946f07-b7f0-4006-a2ee-590e6f97a026', '76c8cee0-7630-46ea-a697-88d813c1688c'),
	('94c1e391-543d-4398-8f7a-59af786b4a0d', '2024-07-16 03:50:58.213+00', '2024-07-16 03:51:09.100138+00', 900, 'd73f5d5e-5f6d-4f9f-91e2-c19935f8212c', 'a60236c1-7565-4830-9021-a0ce17f2bbc7', NULL, 2024, 7, 29, 2, '8e00aba9-da41-4a58-b5b7-9763be7c758b', '74dffe01-1824-4118-a205-87bace940e3a'),
	('da12875d-923e-4c4b-a607-f4196560e3c2', '2024-07-17 01:24:47.369+00', '2024-07-17 01:25:23.670035+00', 1200, '8d613b33-28bc-473f-af47-075a3356d697', '01f97e51-7ac4-4dbb-b705-a0ea7ad767dc', NULL, 2024, 7, 29, 3, '8e00aba9-da41-4a58-b5b7-9763be7c758b', '74dffe01-1824-4118-a205-87bace940e3a'),
	('b34d5269-190b-4e27-8dc7-d491341906d5', '2024-05-21 10:52:31+00', '2024-06-11 10:52:31.985767+00', 31000, 'e96a59e2-2057-4045-a6cf-59074d3b0952', '3cbd57bc-ea37-46b3-bacc-17a12f145eed', NULL, 2024, 5, 21, 2, 'af59d34e-a9d1-40ba-9bf5-9458d29fd178', '9d0346e8-d342-4ea5-9af3-5aa9754ade76'),
	('6904c24c-f8ed-4767-b5f1-9f27fb752771', '2024-05-25 10:52:41+00', '2024-06-11 10:52:41.186998+00', 9000, 'e96a59e2-2057-4045-a6cf-59074d3b0952', '3cbd57bc-ea37-46b3-bacc-17a12f145eed', NULL, 2024, 5, 21, 6, 'af59d34e-a9d1-40ba-9bf5-9458d29fd178', '9d0346e8-d342-4ea5-9af3-5aa9754ade76'),
	('8728e8ec-4f4d-4b52-bb25-8cb2326562a7', '2024-05-27 11:37:41+00', '2024-06-11 11:37:41.976756+00', 8000, 'e96a59e2-2057-4045-a6cf-59074d3b0952', '806fb394-fff4-4d49-95bf-2bb4400888a2', NULL, 2024, 5, 22, 1, 'af59d34e-a9d1-40ba-9bf5-9458d29fd178', '9d0346e8-d342-4ea5-9af3-5aa9754ade76'),
	('6260d39a-bbc1-4938-9e3d-61d165a1ca89', '2024-05-28 11:37:51+00', '2024-06-11 11:37:51.336522+00', 3600, '0942f0ae-e53e-4c45-9306-90eb2ce77579', 'c0ce9b1a-3525-472b-8678-ce2c430fd2b7', NULL, 2024, 5, 22, 2, 'af59d34e-a9d1-40ba-9bf5-9458d29fd178', '9d0346e8-d342-4ea5-9af3-5aa9754ade76'),
	('c46412a3-7e62-41bc-9dec-76b1e34529f8', '2024-05-31 11:38:04+00', '2024-06-11 11:38:04.426719+00', 1700, 'e96a59e2-2057-4045-a6cf-59074d3b0952', '8527ff16-6223-4a63-90c8-67a2aca5320e', NULL, 2024, 5, 22, 5, 'af59d34e-a9d1-40ba-9bf5-9458d29fd178', '9d0346e8-d342-4ea5-9af3-5aa9754ade76'),
	('6e7f2617-4215-4c6a-b0dd-c6b02c79adec', '2024-05-31 11:38:39+00', '2024-06-11 11:38:39.418891+00', 960, '0942f0ae-e53e-4c45-9306-90eb2ce77579', '10b8a88f-f499-4b60-b0ce-93bca27c1e83', NULL, 2024, 5, 22, 5, 'af59d34e-a9d1-40ba-9bf5-9458d29fd178', '9d0346e8-d342-4ea5-9af3-5aa9754ade76'),
	('7e85c8ae-8ccb-4535-bed9-f4a4cf23cfac', '2024-06-02 11:38:49+00', '2024-06-11 11:38:49.424671+00', 5000, 'e96a59e2-2057-4045-a6cf-59074d3b0952', '806fb394-fff4-4d49-95bf-2bb4400888a2', NULL, 2024, 6, 23, 7, 'af59d34e-a9d1-40ba-9bf5-9458d29fd178', '9d0346e8-d342-4ea5-9af3-5aa9754ade76'),
	('aa5c1e20-6f3a-438a-bf53-5177b235653d', '2024-06-05 11:39:01+00', '2024-06-11 11:39:01.292021+00', 10060, '4479db57-8c45-441c-a3e4-d62b1df4b33d', 'fb85c18a-e18e-4cbc-a0fd-1b834e2ae1da', NULL, 2024, 6, 23, 3, 'af59d34e-a9d1-40ba-9bf5-9458d29fd178', '9d0346e8-d342-4ea5-9af3-5aa9754ade76'),
	('8909ac13-66c0-464c-8e02-e772a72b70b9', '2024-06-05 11:39:10+00', '2024-06-11 11:39:10.581316+00', 18040, 'e96a59e2-2057-4045-a6cf-59074d3b0952', '3b9e56e9-4461-459d-ae95-58a206e97ea3', NULL, 2024, 6, 23, 3, 'af59d34e-a9d1-40ba-9bf5-9458d29fd178', '9d0346e8-d342-4ea5-9af3-5aa9754ade76'),
	('11cb12fa-3669-49c4-aff1-fdb262573fdc', '2024-06-10 11:39:28+00', '2024-06-11 11:39:28.226748+00', 7000, 'e96a59e2-2057-4045-a6cf-59074d3b0952', '3b9e56e9-4461-459d-ae95-58a206e97ea3', NULL, 2024, 6, 24, 1, 'af59d34e-a9d1-40ba-9bf5-9458d29fd178', '9d0346e8-d342-4ea5-9af3-5aa9754ade76'),
	('2edcc039-da0b-4a06-8f03-258e3ef718e0', '2024-06-13 03:29:33.672055+00', '2024-06-13 03:29:33.672055+00', 2052, 'e96a59e2-2057-4045-a6cf-59074d3b0952', '806fb394-fff4-4d49-95bf-2bb4400888a2', NULL, 2024, 6, 24, 4, 'af59d34e-a9d1-40ba-9bf5-9458d29fd178', '76c8cee0-7630-46ea-a697-88d813c1688c'),
	('365d6f42-3bfc-4e35-9f07-77dd1ed6ddbd', '2024-06-13 07:15:58.522216+00', '2024-06-13 07:15:58.522216+00', 3990, '0942f0ae-e53e-4c45-9306-90eb2ce77579', 'c246cbc3-f9d2-41c0-a620-deac0aa9155b', NULL, 2024, 6, 24, 4, 'af59d34e-a9d1-40ba-9bf5-9458d29fd178', '9d0346e8-d342-4ea5-9af3-5aa9754ade76'),
	('7fc2ceee-f283-4904-90e3-0eac177d8659', '2024-06-13 07:26:45.455223+00', '2024-06-13 07:26:45.455223+00', 100, '0942f0ae-e53e-4c45-9306-90eb2ce77579', 'c246cbc3-f9d2-41c0-a620-deac0aa9155b', NULL, 2024, 6, 24, 4, 'af59d34e-a9d1-40ba-9bf5-9458d29fd178', '76c8cee0-7630-46ea-a697-88d813c1688c'),
	('9fe11432-a208-416c-8482-c5028648550e', '2024-06-13 08:38:21.411637+00', '2024-06-13 08:38:21.411637+00', 1300, 'e96a59e2-2057-4045-a6cf-59074d3b0952', '3cbd57bc-ea37-46b3-bacc-17a12f145eed', NULL, 2024, 6, 24, 4, 'af59d34e-a9d1-40ba-9bf5-9458d29fd178', '9d0346e8-d342-4ea5-9af3-5aa9754ade76'),
	('3e578f42-e9f8-4995-a836-1841bf2aae23', '2024-06-15 02:08:45.109823+00', '2024-06-15 02:08:45.109823+00', 2600, '0942f0ae-e53e-4c45-9306-90eb2ce77579', '5e661b1d-2b12-43ec-acd7-cbcd711ffe3d', NULL, 2024, 6, 24, 6, 'af59d34e-a9d1-40ba-9bf5-9458d29fd178', '9d0346e8-d342-4ea5-9af3-5aa9754ade76'),
	('dc72063a-c01f-41b2-b579-e4b704505a9b', '2024-06-16 01:45:49.359522+00', '2024-06-16 01:45:49.359522+00', 29796, 'e96a59e2-2057-4045-a6cf-59074d3b0952', '3cbd57bc-ea37-46b3-bacc-17a12f145eed', NULL, 2024, 6, 24, 0, 'af59d34e-a9d1-40ba-9bf5-9458d29fd178', '9d0346e8-d342-4ea5-9af3-5aa9754ade76'),
	('e4d8d2bb-ea77-4044-850e-d4bd76ca4008', '2024-06-21 07:10:47.674795+00', '2024-06-21 07:10:47.674795+00', 1300, 'e96a59e2-2057-4045-a6cf-59074d3b0952', '8527ff16-6223-4a63-90c8-67a2aca5320e', NULL, 2024, 6, 25, 5, 'af59d34e-a9d1-40ba-9bf5-9458d29fd178', '76c8cee0-7630-46ea-a697-88d813c1688c'),
	('0d047494-2a83-4bcc-a218-bce2a20c87ef', '2024-06-23 00:16:51.011225+00', '2024-06-23 00:16:51.011225+00', 1900, '0942f0ae-e53e-4c45-9306-90eb2ce77579', 'c738efe5-9eb6-43fe-9689-d5234d7b1469', NULL, 2024, 6, 25, 0, 'af59d34e-a9d1-40ba-9bf5-9458d29fd178', '76c8cee0-7630-46ea-a697-88d813c1688c'),
	('b8b88938-9352-48ba-b0ed-f5e970b8b517', '2024-06-22 08:52:00+00', '2024-06-30 08:53:10.806187+00', 3427, '8d613b33-28bc-473f-af47-075a3356d697', '5e0f99ed-6cfe-40c8-8546-0e5bee3d831f', NULL, 2024, 6, 25, 6, '8e00aba9-da41-4a58-b5b7-9763be7c758b', '74dffe01-1824-4118-a205-87bace940e3a'),
	('dc6d583c-2436-4492-936a-5eef48b9eb7b', '2024-06-02 09:01:00+00', '2024-06-30 09:01:41.322761+00', 1999, 'f1b12e05-dea7-452c-a680-87979271263a', '8cae6b33-64ed-46d3-9f10-70ff37c6aa3c', NULL, 2024, 6, 22, 0, '8e00aba9-da41-4a58-b5b7-9763be7c758b', '74dffe01-1824-4118-a205-87bace940e3a'),
	('d1eeec95-f7be-4a57-a749-8a2f6f050a3c', '2024-06-10 09:02:00+00', '2024-06-30 09:02:42.591172+00', 18800, '8d613b33-28bc-473f-af47-075a3356d697', '6dedba5c-5be6-4c9c-b9cf-9086af27b98f', NULL, 2024, 6, 24, 1, '8e00aba9-da41-4a58-b5b7-9763be7c758b', '74dffe01-1824-4118-a205-87bace940e3a'),
	('38f146fa-2812-4457-9415-3a9bf41de2ce', '2024-06-27 06:13:06.718119+00', '2024-06-27 06:13:06.718119+00', 5200, '0942f0ae-e53e-4c45-9306-90eb2ce77579', 'd393f262-4562-4b64-8ac4-bec623b068b3', NULL, 2024, 6, 26, 4, 'af59d34e-a9d1-40ba-9bf5-9458d29fd178', '74dffe01-1824-4118-a205-87bace940e3a'),
	('86404103-67f9-4c0b-9d0f-e8c7140a52e8', '2024-06-27 07:54:55.020035+00', '2024-06-27 07:54:55.020035+00', 9012, 'e96a59e2-2057-4045-a6cf-59074d3b0952', '3cbd57bc-ea37-46b3-bacc-17a12f145eed', NULL, 2024, 6, 26, 4, 'af59d34e-a9d1-40ba-9bf5-9458d29fd178', '74dffe01-1824-4118-a205-87bace940e3a'),
	('ba09ae5f-a989-4f6f-9d96-69d5c6639c34', '2024-06-03 09:02:00+00', '2024-06-30 09:03:01.438427+00', 18800, '8d613b33-28bc-473f-af47-075a3356d697', '6dedba5c-5be6-4c9c-b9cf-9086af27b98f', NULL, 2024, 6, 23, 1, '8e00aba9-da41-4a58-b5b7-9763be7c758b', '74dffe01-1824-4118-a205-87bace940e3a'),
	('cd8abfd3-e1b9-4e1f-8ed0-d06c9093ad24', '2024-06-10 09:07:00+00', '2024-06-30 09:08:02.384408+00', 4900, '8d613b33-28bc-473f-af47-075a3356d697', '01f97e51-7ac4-4dbb-b705-a0ea7ad767dc', NULL, 2024, 6, 24, 1, '8e00aba9-da41-4a58-b5b7-9763be7c758b', '74dffe01-1824-4118-a205-87bace940e3a'),
	('0b89aa45-5acc-4064-b9bc-9a5b2d0d1e4e', '2024-06-28 02:44:11.453015+00', '2024-06-28 02:44:11.453015+00', 700, '0942f0ae-e53e-4c45-9306-90eb2ce77579', 'a04cdcf8-3d4e-44db-b5cd-33696066c12d', NULL, 2024, 5, 26, 5, 'af59d34e-a9d1-40ba-9bf5-9458d29fd178', '76c8cee0-7630-46ea-a697-88d813c1688c'),
	('2fab5f1d-d65c-4871-b0e5-5de996e3b0f5', '2024-06-03 09:09:00+00', '2024-06-30 09:10:05.03919+00', 600, 'df0e8ca9-7bfc-41e1-ae2b-47f4ff442f56', '3497b83d-32b8-4e50-be74-1966e10a76c2', NULL, 2024, 6, 23, 1, '8e00aba9-da41-4a58-b5b7-9763be7c758b', '74dffe01-1824-4118-a205-87bace940e3a'),
	('5221f5b7-0c9f-47da-8d5e-6013933f5408', '2024-06-03 09:16:00+00', '2024-06-30 09:17:28.237216+00', 749, 'b0269ab9-788a-41cf-98bd-5e218e375d89', 'fdfcbb52-444d-4d35-8ab1-80e98e131c7e', NULL, 2024, 6, 23, 1, '8e00aba9-da41-4a58-b5b7-9763be7c758b', '74dffe01-1824-4118-a205-87bace940e3a'),
	('b5d6d66c-c1e8-46a7-9c49-a2e5b82d1743', '2024-06-29 10:00:25.70688+00', '2024-06-29 10:00:25.70688+00', 550, 'e96a59e2-2057-4045-a6cf-59074d3b0952', '8527ff16-6223-4a63-90c8-67a2aca5320e', NULL, 2024, 6, 26, 6, 'af59d34e-a9d1-40ba-9bf5-9458d29fd178', '74dffe01-1824-4118-a205-87bace940e3a'),
	('fb341aea-14dc-4791-adcc-f90cfa40a6d8', '2024-06-24 09:21:00+00', '2024-06-30 09:21:19.117444+00', 1149, 'b0269ab9-788a-41cf-98bd-5e218e375d89', '3f772a50-c6a1-4084-b002-d9e679e5de0e', NULL, 2024, 6, 26, 1, '8e00aba9-da41-4a58-b5b7-9763be7c758b', '74dffe01-1824-4118-a205-87bace940e3a'),
	('d8dc0e80-2004-4744-99d6-7d54875fdf15', '2024-06-25 09:25:00+00', '2024-06-30 09:25:42.998348+00', 1249, '35c62b59-2399-4e82-9d54-c46894bf5310', 'aeb3c387-70f0-44dd-8548-61a5171207fe', NULL, 2024, 6, 26, 2, '8e00aba9-da41-4a58-b5b7-9763be7c758b', '74dffe01-1824-4118-a205-87bace940e3a'),
	('94192df4-1e1e-43df-b4fa-0e3f85d48a66', '2024-06-29 01:27:09.056673+00', '2024-06-29 01:27:09.056673+00', 11200, 'e5425e47-ad2e-4ac1-bfb4-4dff911bcf93', '518abf96-408e-4301-9b35-db904fb88cb6', NULL, 2024, 6, 26, 0, 'ad946f07-b7f0-4006-a2ee-590e6f97a026', '76c8cee0-7630-46ea-a697-88d813c1688c'),
	('bc095a33-42aa-4a11-a262-53716e426c56', '2024-05-31 01:25:18.807389+00', '2024-05-31 01:25:18.807389+00', 43500, '09575246-baf8-45a8-bf4e-db5cf66dc836', '8eb66cc5-3c09-4123-b592-6d932b9a5054', NULL, 2024, 5, 22, 5, 'ad946f07-b7f0-4006-a2ee-590e6f97a026', '76c8cee0-7630-46ea-a697-88d813c1688c'),
	('c7e51a37-5742-445a-b998-ca99cdfb3a49', '2024-06-24 09:34:00+00', '2024-06-30 09:35:22.81856+00', 18118, 'f1b12e05-dea7-452c-a680-87979271263a', 'f3911c92-1cf2-4c8f-8d7e-52e0badbf90f', NULL, 2024, 6, 26, 1, '8e00aba9-da41-4a58-b5b7-9763be7c758b', '74dffe01-1824-4118-a205-87bace940e3a'),
	('5588f2d9-e276-4cce-867f-67f43e595157', '2024-06-30 17:00:00.108977+00', '2024-06-30 17:00:00.108977+00', 18800, '8d613b33-28bc-473f-af47-075a3356d697', '6dedba5c-5be6-4c9c-b9cf-9086af27b98f', NULL, 2024, 7, 27, 1, '8e00aba9-da41-4a58-b5b7-9763be7c758b', '74dffe01-1824-4118-a205-87bace940e3a'),
	('d4fd41b1-050b-4db6-8689-dcf612ff8e24', '2024-07-01 06:42:27.186+00', '2024-07-01 06:42:43.406834+00', 27318, 'e96a59e2-2057-4045-a6cf-59074d3b0952', '3cbd57bc-ea37-46b3-bacc-17a12f145eed', NULL, 2024, 7, 27, 1, 'af59d34e-a9d1-40ba-9bf5-9458d29fd178', '74dffe01-1824-4118-a205-87bace940e3a'),
	('e904a7bb-0a67-478b-b7b6-4560f681030a', '2024-06-30 01:35:44.054821+00', '2024-06-30 01:35:44.054821+00', 1500, 'a6efec3e-dc7e-41f9-922b-f55baf54bbe7', '4e3d1030-e422-4024-83a9-4a0daf5602f3', NULL, 2024, 6, 26, 7, 'ad946f07-b7f0-4006-a2ee-590e6f97a026', '76c8cee0-7630-46ea-a697-88d813c1688c'),
	('d32a8ae3-7585-4dfc-8b98-ad07a2013fc7', '2024-06-30 01:27:44.050702+00', '2024-06-30 01:27:44.050702+00', 2900, 'e5425e47-ad2e-4ac1-bfb4-4dff911bcf93', 'd315e530-a655-46f0-bb3f-a13be8b5e4b5', NULL, 2024, 6, 26, 7, 'ad946f07-b7f0-4006-a2ee-590e6f97a026', '76c8cee0-7630-46ea-a697-88d813c1688c'),
	('58f5c055-3b13-4b66-8a38-d997de01c06b', '2024-06-30 01:27:28.310101+00', '2024-06-30 01:27:28.310101+00', 8000, 'e5425e47-ad2e-4ac1-bfb4-4dff911bcf93', '8cc5c473-62ff-4ca5-ad37-236f6a495c67', NULL, 2024, 6, 26, 7, 'ad946f07-b7f0-4006-a2ee-590e6f97a026', '76c8cee0-7630-46ea-a697-88d813c1688c'),
	('150a8005-80c0-4954-ab90-3204727e8263', '2024-06-30 01:24:20.829627+00', '2024-06-30 01:24:20.829627+00', 16200, '09575246-baf8-45a8-bf4e-db5cf66dc836', '8da6b191-9bc0-41c7-8464-ed07eada38b9', NULL, 2024, 6, 26, 7, 'ad946f07-b7f0-4006-a2ee-590e6f97a026', '76c8cee0-7630-46ea-a697-88d813c1688c'),
	('14a4b380-9964-4656-b2d9-d675a3431b0b', '2024-06-30 01:24:05.040606+00', '2024-06-30 01:24:05.040606+00', 11300, '09575246-baf8-45a8-bf4e-db5cf66dc836', 'c25b7842-3511-4bb5-b22e-c001cd9a490a', NULL, 2024, 6, 26, 7, 'ad946f07-b7f0-4006-a2ee-590e6f97a026', '76c8cee0-7630-46ea-a697-88d813c1688c'),
	('216bb966-62e9-408a-835e-abafcd841621', '2024-06-06 01:47:18.554339+00', '2024-06-06 01:47:18.554339+00', 2500, 'a6efec3e-dc7e-41f9-922b-f55baf54bbe7', 'f02e57b2-55a5-444c-b6d9-8602c49ee98d', NULL, 2024, 6, 23, 4, 'ad946f07-b7f0-4006-a2ee-590e6f97a026', '76c8cee0-7630-46ea-a697-88d813c1688c'),
	('98b11959-d094-4953-82d9-902afac3969a', '2024-06-11 01:45:41.646712+00', '2024-06-11 01:45:41.646712+00', 7100, 'a6efec3e-dc7e-41f9-922b-f55baf54bbe7', 'ab2eff68-cabe-4f81-9cc6-323fee528339', NULL, 2024, 6, 24, 2, 'ad946f07-b7f0-4006-a2ee-590e6f97a026', '76c8cee0-7630-46ea-a697-88d813c1688c'),
	('a1c3e62a-c6ce-4f87-84d7-9b279d5d415b', '2024-06-30 04:22:21.576316+00', '2024-06-30 04:22:21.576316+00', 10600, '445f24cf-c829-4055-9118-53ebb743a4a0', '6669bb88-e85a-40b5-8616-b8f06e42d746', NULL, 2024, 6, 26, 0, 'c472a9a7-492a-42c1-93b4-dc97ad0c7521', '74dffe01-1824-4118-a205-87bace940e3a'),
	('3b62ef43-e52d-46e7-af3c-1eafa3405065', '2024-07-02 17:00:00.13813+00', '2024-07-02 17:00:00.13813+00', 600, 'df0e8ca9-7bfc-41e1-ae2b-47f4ff442f56', '3497b83d-32b8-4e50-be74-1966e10a76c2', NULL, 2024, 7, 27, 3, '8e00aba9-da41-4a58-b5b7-9763be7c758b', '74dffe01-1824-4118-a205-87bace940e3a'),
	('2fd40cdf-42ba-4c46-ab25-710bc0441c11', '2024-07-02 17:00:00.13813+00', '2024-07-02 17:00:00.13813+00', 749, 'b0269ab9-788a-41cf-98bd-5e218e375d89', 'fdfcbb52-444d-4d35-8ab1-80e98e131c7e', NULL, 2024, 7, 27, 3, '8e00aba9-da41-4a58-b5b7-9763be7c758b', '74dffe01-1824-4118-a205-87bace940e3a'),
	('df5592f6-6114-44e5-9f3a-1ea0a447e27c', '2024-07-05 17:00:00.152971+00', '2024-07-05 17:00:00.152971+00', 3427, '8d613b33-28bc-473f-af47-075a3356d697', '5e0f99ed-6cfe-40c8-8546-0e5bee3d831f', NULL, 2024, 7, 27, 6, '8e00aba9-da41-4a58-b5b7-9763be7c758b', '74dffe01-1824-4118-a205-87bace940e3a'),
	('70ced4bd-0577-4e38-94a0-1e83a37b738e', '2024-07-05 17:00:00.152971+00', '2024-07-05 17:00:00.152971+00', 2500, 'a6efec3e-dc7e-41f9-922b-f55baf54bbe7', 'f02e57b2-55a5-444c-b6d9-8602c49ee98d', NULL, 2024, 7, 27, 6, 'ad946f07-b7f0-4006-a2ee-590e6f97a026', '74dffe01-1824-4118-a205-87bace940e3a'),
	('5dbc65cc-f2ab-4fcb-a01d-e42124adb744', '2024-07-07 17:00:00.124417+00', '2024-07-07 17:00:00.124417+00', 18800, '8d613b33-28bc-473f-af47-075a3356d697', '6dedba5c-5be6-4c9c-b9cf-9086af27b98f', NULL, 2024, 7, 28, 1, '8e00aba9-da41-4a58-b5b7-9763be7c758b', '74dffe01-1824-4118-a205-87bace940e3a'),
	('f6394d44-0fdf-47d1-a8d0-677f318aa3ff', '2024-07-08 04:17:10.433+00', '2024-07-08 04:17:15.79873+00', 2500, 'e5425e47-ad2e-4ac1-bfb4-4dff911bcf93', 'b066db68-b47a-4de4-8312-64d3876a4cb0', NULL, 2024, 7, 28, 1, 'ad946f07-b7f0-4006-a2ee-590e6f97a026', '76c8cee0-7630-46ea-a697-88d813c1688c'),
	('9e033719-1bfc-4a5b-871f-2b4c4856bdb4', '2024-07-09 11:14:06.706+00', '2024-07-09 11:14:35.320574+00', 2300, '0942f0ae-e53e-4c45-9306-90eb2ce77579', 'ef9acc67-50af-4b18-99fd-c4d317c10ccc', NULL, 2024, 7, 28, 2, 'af59d34e-a9d1-40ba-9bf5-9458d29fd178', '74dffe01-1824-4118-a205-87bace940e3a'),
	('dd9ca752-931d-438d-af69-bb99dfe13dab', '2024-07-10 06:56:20.126+00', '2024-07-10 06:56:26.43715+00', 10640, 'e96a59e2-2057-4045-a6cf-59074d3b0952', '3cbd57bc-ea37-46b3-bacc-17a12f145eed', NULL, 2024, 7, 28, 3, 'af59d34e-a9d1-40ba-9bf5-9458d29fd178', '74dffe01-1824-4118-a205-87bace940e3a'),
	('4f899423-41ef-46df-bc0a-078c67e6ff15', '2024-07-11 03:17:59.316+00', '2024-07-11 03:18:07.197554+00', 3000, '61d2bd7f-431f-4688-b9f4-9ee451f6bed1', '79375bd2-8b3f-4fbc-82bb-838a168aa65e', NULL, 2024, 7, 28, 4, 'c472a9a7-492a-42c1-93b4-dc97ad0c7521', '74dffe01-1824-4118-a205-87bace940e3a'),
	('fddf68d3-3f10-4238-ac6b-5a4a38d0c5b2', '2024-07-13 02:42:25.299+00', '2024-07-13 02:42:41.982697+00', 1940, '0942f0ae-e53e-4c45-9306-90eb2ce77579', 'be43cc3a-fe28-4980-b758-719c6e50a498', NULL, 2024, 7, 28, 6, 'af59d34e-a9d1-40ba-9bf5-9458d29fd178', '74dffe01-1824-4118-a205-87bace940e3a'),
	('80a34e76-cabb-49fa-ba73-2bef85b13f35', '2024-07-14 02:17:45.553+00', '2024-07-14 02:17:50.794038+00', 5300, 'e5425e47-ad2e-4ac1-bfb4-4dff911bcf93', 'faf70a20-a815-4868-8504-b2950ef6a8a2', NULL, 2024, 7, 28, 0, 'ad946f07-b7f0-4006-a2ee-590e6f97a026', '76c8cee0-7630-46ea-a697-88d813c1688c'),
	('40fa90d5-baa2-4bfd-9f26-fc3d1ca3a21b', '2024-07-14 02:53:31.684+00', '2024-07-14 02:53:41.325873+00', 3788, '0942f0ae-e53e-4c45-9306-90eb2ce77579', 'f2137f96-cdda-4c7d-a673-593989434970', NULL, 2024, 7, 28, 0, 'af59d34e-a9d1-40ba-9bf5-9458d29fd178', '74dffe01-1824-4118-a205-87bace940e3a'),
	('3e568d54-780a-4d46-839e-2cc208d155b7', '2024-07-14 08:15:28.336+00', '2024-07-14 08:15:43.702645+00', 3800, '0942f0ae-e53e-4c45-9306-90eb2ce77579', '10b8a88f-f499-4b60-b0ce-93bca27c1e83', NULL, 2024, 7, 28, 0, 'af59d34e-a9d1-40ba-9bf5-9458d29fd178', '74dffe01-1824-4118-a205-87bace940e3a'),
	('9407df1b-2ff9-450d-aab3-3a9cbc3cdff0', '2024-07-14 17:00:00.146212+00', '2024-07-14 17:00:00.146212+00', 18800, '8d613b33-28bc-473f-af47-075a3356d697', '6dedba5c-5be6-4c9c-b9cf-9086af27b98f', NULL, 2024, 7, 29, 1, '8e00aba9-da41-4a58-b5b7-9763be7c758b', '74dffe01-1824-4118-a205-87bace940e3a'),
	('f04527c5-49a2-4233-a6a3-3957e55d7815', '2024-07-15 07:21:11.917+00', '2024-07-15 07:21:23.441322+00', 9012, 'e96a59e2-2057-4045-a6cf-59074d3b0952', 'b4240dc2-43c2-4a7b-aa26-77ff6e64f4d7', NULL, 2024, 7, 29, 1, 'af59d34e-a9d1-40ba-9bf5-9458d29fd178', '74dffe01-1824-4118-a205-87bace940e3a'),
	('4fdc929a-5d7e-4a98-882a-225d295937c8', '2024-07-17 17:00:00.126966+00', '2024-07-17 17:00:00.126966+00', 3500, 'a6efec3e-dc7e-41f9-922b-f55baf54bbe7', 'fd49451f-a72e-4306-8e57-c758380fef7f', NULL, 2024, 7, 29, 4, 'ad946f07-b7f0-4006-a2ee-590e6f97a026', '74dffe01-1824-4118-a205-87bace940e3a');


--
-- Data for Name: members; Type: TABLE DATA; Schema: public; Owner: postgres
--

INSERT INTO "public"."members" ("id", "created_at", "team_id", "user_id") VALUES
	('868a4d0f-b8cc-4e3d-a6af-acc83e4ce008', '2024-06-11 10:45:26.276373+00', 'a8d730c0-9e76-44a3-b82c-fa46b3a45ce5', '76c8cee0-7630-46ea-a697-88d813c1688c'),
	('a0b9f4f9-be28-41a7-8088-50ea916e2e75', '2024-06-11 11:30:25.559634+00', 'cd36302b-9a5e-4a71-8a70-a483f9e6567c', '74dffe01-1824-4118-a205-87bace940e3a'),
	('641e35f5-31dd-449e-8a79-977de335192e', '2024-06-11 11:30:50.473554+00', 'cd36302b-9a5e-4a71-8a70-a483f9e6567c', '58c6ca51-b625-4e32-9962-b06894652fd6'),
	('08d15474-ef12-47f7-b166-ec44f5b01e3c', '2024-06-11 11:31:09.461695+00', 'cd36302b-9a5e-4a71-8a70-a483f9e6567c', 'ddee3ea7-0d3d-4194-8ab1-5e0a36ec2026'),
	('e115d27e-7a35-420b-bd76-d9bbb831cb9e', '2024-06-16 02:52:49.754806+00', 'a8d730c0-9e76-44a3-b82c-fa46b3a45ce5', '74dffe01-1824-4118-a205-87bace940e3a'),
	('b76f54c9-cc4c-41f8-9c49-8b76a5d6fcad', '2024-06-30 01:20:26.907864+00', '063e6790-dbf0-4e68-b739-bbbfaca769ef', '76c8cee0-7630-46ea-a697-88d813c1688c');


--
-- Data for Name: products; Type: TABLE DATA; Schema: public; Owner: postgres
--

INSERT INTO "public"."products" ("id", "active", "name", "description", "image", "metadata") VALUES
	('prod_Q4WhpAzZ3SD8OD', true, 'Hobby', 'Hobby product description', NULL, '{"index": "0"}'),
	('prod_Q4WhcFWQ0F4n7u', true, 'Freelancer', 'Freelancer product description', NULL, '{"index": "1"}'),
	('prod_Q4WUZhvVPEHZCO', true, 'Freelancer', 'Freelancer product description', NULL, '{"index": "1"}'),
	('prod_Q4WUPYI7KK4jHW', true, 'Hobby', 'Hobby product description', NULL, '{"index": "0"}'),
	('prod_QJcwk6CXCNRdbp', true, 'Freelancer', 'Freelancer product description', NULL, '{"index": "1"}'),
	('prod_QJcw5KsxzdBbfP', true, 'Hobby', 'Hobby product description', NULL, '{"index": "0"}');


--
-- Data for Name: prices; Type: TABLE DATA; Schema: public; Owner: postgres
--

INSERT INTO "public"."prices" ("id", "product_id", "active", "description", "unit_amount", "currency", "type", "interval", "interval_count", "trial_period_days", "metadata") VALUES
	('price_1PENe0JNDwRVDjYHLLCGCgyI', 'prod_Q4WhpAzZ3SD8OD', true, NULL, 1000, 'usd', 'recurring', 'month', 1, 0, NULL),
	('price_1PENe0JNDwRVDjYH6KefFB1g', 'prod_Q4WhpAzZ3SD8OD', true, NULL, 10000, 'usd', 'recurring', 'year', 1, 0, NULL),
	('price_1PENe1JNDwRVDjYHs0aacEC4', 'prod_Q4WhcFWQ0F4n7u', true, NULL, 2000, 'usd', 'recurring', 'month', 1, 0, NULL),
	('price_1PENe2JNDwRVDjYHpavBNCXk', 'prod_Q4WhcFWQ0F4n7u', true, NULL, 20000, 'usd', 'recurring', 'year', 1, 0, NULL),
	('price_1PENRLJNDwRVDjYHGrbGAEkt', 'prod_Q4WUZhvVPEHZCO', true, NULL, 2000, 'usd', 'recurring', 'month', 1, 0, NULL),
	('price_1PENRLJNDwRVDjYHzeN7ir6X', 'prod_Q4WUZhvVPEHZCO', true, NULL, 20000, 'usd', 'recurring', 'year', 1, 0, NULL),
	('price_1PENRKJNDwRVDjYHcsdGyYah', 'prod_Q4WUPYI7KK4jHW', true, NULL, 10000, 'usd', 'recurring', 'year', 1, 0, NULL),
	('price_1PSzgYJNDwRVDjYHojBJIi4O', 'prod_QJcwk6CXCNRdbp', true, NULL, 20000, 'usd', 'recurring', 'year', 1, 0, NULL),
	('price_1PSzgYJNDwRVDjYHrypUyOAv', 'prod_QJcwk6CXCNRdbp', true, NULL, 2000, 'usd', 'recurring', 'month', 1, 0, NULL),
	('price_1PSzgXJNDwRVDjYHUtGZnvct', 'prod_QJcw5KsxzdBbfP', true, NULL, 10000, 'usd', 'recurring', 'year', 1, 0, NULL),
	('price_1PSzgWJNDwRVDjYHbN85nXO7', 'prod_QJcw5KsxzdBbfP', true, NULL, 1000, 'usd', 'recurring', 'month', 1, 0, NULL);


--
-- Data for Name: recurring; Type: TABLE DATA; Schema: public; Owner: postgres
--

INSERT INTO "public"."recurring" ("id", "created_at", "budget_id", "start_at", "next_at", "sub_category_id", "amount", "frequency", "active", "category_id", "archived") VALUES
	('85209a87-c86c-4218-9936-af808f776fe2', '2024-06-30 08:50:54.351687+00', '8e00aba9-da41-4a58-b5b7-9763be7c758b', '2024-06-22 08:50:00+00', '2025-06-22 08:50:00+00', 'ffc77d7b-a2f7-41bd-b85b-60e0ac454680', 8900, 'yearly', true, 'df0e8ca9-7bfc-41e1-ae2b-47f4ff442f56', false),
	('2dcfd83b-1692-40af-b5bc-90bf08818c6b', '2024-06-30 09:00:26.997473+00', '8e00aba9-da41-4a58-b5b7-9763be7c758b', '2024-06-06 08:59:00+00', '2025-06-06 08:59:00+00', '28617d4f-fe19-4cf0-8169-4a98867e0c85', 14900, 'yearly', true, 'b0269ab9-788a-41cf-98bd-5e218e375d89', false),
	('6626ce7f-e973-42f6-8b3f-db2938f45bd5', '2024-06-30 09:13:08.812081+00', '8e00aba9-da41-4a58-b5b7-9763be7c758b', '2024-06-09 09:12:00+00', '2025-06-09 09:12:00+00', 'd33862d9-c0d1-480c-9aa6-82a0f0f3b225', 1549, 'yearly', true, 'f1b12e05-dea7-452c-a680-87979271263a', false),
	('9be755e5-59b1-48ac-aaef-4fc7f8504df8', '2024-06-30 09:21:19.579751+00', '8e00aba9-da41-4a58-b5b7-9763be7c758b', '2024-06-24 09:21:00+00', '2024-07-24 09:21:00+00', '3f772a50-c6a1-4084-b002-d9e679e5de0e', 1149, 'monthly', true, 'b0269ab9-788a-41cf-98bd-5e218e375d89', false),
	('cd7f585d-3e6f-4b5b-b429-f8bf9add800e', '2024-06-30 09:25:43.137135+00', '8e00aba9-da41-4a58-b5b7-9763be7c758b', '2024-06-25 09:25:00+00', '2024-07-25 09:25:00+00', 'aeb3c387-70f0-44dd-8548-61a5171207fe', 1249, 'monthly', true, '35c62b59-2399-4e82-9d54-c46894bf5310', false),
	('e6c3369b-bbb6-431a-9e6a-86f457da2c7f', '2024-06-30 09:26:56.662101+00', '8e00aba9-da41-4a58-b5b7-9763be7c758b', '2024-06-18 09:26:00+00', '2024-07-18 09:26:00+00', 'da231a61-7deb-4627-a14a-83128dd7c7a4', 1719, 'monthly', false, 'd73f5d5e-5f6d-4f9f-91e2-c19935f8212c', false),
	('3c46b4b4-d057-4f9b-849d-457b16cabb7b', '2024-06-30 09:01:41.506581+00', '8e00aba9-da41-4a58-b5b7-9763be7c758b', '2024-06-02 09:01:00+00', '2024-08-02 09:01:00+00', '8cae6b33-64ed-46d3-9f10-70ff37c6aa3c', 1999, 'monthly', true, 'f1b12e05-dea7-452c-a680-87979271263a', false),
	('2086a025-5caa-4155-93a1-50e35603de64', '2024-06-30 09:10:05.38027+00', '8e00aba9-da41-4a58-b5b7-9763be7c758b', '2024-06-03 09:09:00+00', '2024-08-03 09:09:00+00', '3497b83d-32b8-4e50-be74-1966e10a76c2', 600, 'monthly', true, 'df0e8ca9-7bfc-41e1-ae2b-47f4ff442f56', false),
	('ce4dc98d-1721-4a5c-bcf2-04b2a6714d0a', '2024-06-30 09:17:28.447882+00', '8e00aba9-da41-4a58-b5b7-9763be7c758b', '2024-06-03 09:16:00+00', '2024-08-03 09:16:00+00', 'fdfcbb52-444d-4d35-8ab1-80e98e131c7e', 749, 'monthly', true, 'b0269ab9-788a-41cf-98bd-5e218e375d89', false),
	('c3130521-9a8a-4585-a91d-29076458acf3', '2024-07-05 00:32:22.822189+00', '8e00aba9-da41-4a58-b5b7-9763be7c758b', '2024-07-04 00:30:00+00', '2024-08-04 00:30:00+00', 'a60236c1-7565-4830-9021-a0ce17f2bbc7', 1501, 'monthly', true, 'd73f5d5e-5f6d-4f9f-91e2-c19935f8212c', false),
	('7d2843fd-4089-4b1d-90b4-a1314677500f', '2024-06-30 08:53:11.011586+00', '8e00aba9-da41-4a58-b5b7-9763be7c758b', '2024-06-22 08:52:00+00', '2024-07-20 08:52:00+00', '5e0f99ed-6cfe-40c8-8546-0e5bee3d831f', 3427, 'fortnightly', true, '8d613b33-28bc-473f-af47-075a3356d697', false),
	('23ffce8f-6ad4-4741-98d6-3a320cdedb34', '2024-06-30 01:47:18.704555+00', 'ad946f07-b7f0-4006-a2ee-590e6f97a026', '2024-06-06 01:47:00+00', '2024-08-06 01:47:00+00', 'f02e57b2-55a5-444c-b6d9-8602c49ee98d', 2500, 'monthly', true, 'a6efec3e-dc7e-41f9-922b-f55baf54bbe7', false),
	('6bdbe269-bd56-4136-9d4a-9169ae61bbbd', '2024-06-30 09:08:02.605575+00', '8e00aba9-da41-4a58-b5b7-9763be7c758b', '2024-06-10 09:07:00+00', '2024-08-10 09:07:00+00', '01f97e51-7ac4-4dbb-b705-a0ea7ad767dc', 4900, 'monthly', true, '8d613b33-28bc-473f-af47-075a3356d697', false),
	('48579c2c-0a1e-4dc9-834b-e510b35bc2e2', '2024-06-30 09:08:15.621334+00', '8e00aba9-da41-4a58-b5b7-9763be7c758b', '2024-06-10 09:08:00+00', '2024-08-10 09:08:00+00', 'd4c1138b-07ff-447e-893a-8a40d43a0640', 7000, 'monthly', true, '8d613b33-28bc-473f-af47-075a3356d697', false),
	('f223e101-c944-45f7-9af5-425aa25cc62c', '2024-06-30 09:18:44.624005+00', '8e00aba9-da41-4a58-b5b7-9763be7c758b', '2024-06-11 09:18:00+00', '2024-08-11 09:18:00+00', '122a6a5e-600c-47b8-a793-1553cd32d190', 1499, 'monthly', true, 'b0269ab9-788a-41cf-98bd-5e218e375d89', false),
	('50d3d020-7d6e-45e3-b5b5-a8a7eb9987b6', '2024-06-30 01:45:41.887952+00', 'ad946f07-b7f0-4006-a2ee-590e6f97a026', '2024-06-11 01:45:00+00', '2024-08-11 01:45:00+00', 'ab2eff68-cabe-4f81-9cc6-323fee528339', 7100, 'monthly', true, 'a6efec3e-dc7e-41f9-922b-f55baf54bbe7', false),
	('8663c00a-3476-4cb8-90fe-c61425dc66a8', '2024-06-30 09:23:22.139862+00', '8e00aba9-da41-4a58-b5b7-9763be7c758b', '2024-06-25 09:23:00+00', '2025-06-25 09:23:00+00', 'd2936d76-072e-4805-bf1f-611cceb9489d', 2999, 'yearly', false, 'f1b12e05-dea7-452c-a680-87979271263a', true),
	('4bdb4420-eab5-4fea-8ef8-70fe89f78f64', '2024-06-30 05:56:22.580961+00', '8e00aba9-da41-4a58-b5b7-9763be7c758b', '2024-06-24 05:56:00+00', '2024-07-22 05:56:00+00', '6dedba5c-5be6-4c9c-b9cf-9086af27b98f', 18800, 'weekly', true, '8d613b33-28bc-473f-af47-075a3356d697', false),
	('936c2a05-2530-4c74-8d36-87c1bb881f18', '2024-07-08 04:16:15.017327+00', 'ad946f07-b7f0-4006-a2ee-590e6f97a026', '2024-07-04 04:15:00+00', '2024-08-01 04:15:00+00', 'fd49451f-a72e-4306-8e57-c758380fef7f', 3500, 'fortnightly', true, 'a6efec3e-dc7e-41f9-922b-f55baf54bbe7', false),
	('90ca2886-ef5f-4a1b-839f-a01744e84104', '2024-06-30 01:24:21.007428+00', 'ad946f07-b7f0-4006-a2ee-590e6f97a026', '2024-06-30 01:24:08.659+00', '2024-07-30 01:24:08.659+00', '8da6b191-9bc0-41c7-8464-ed07eada38b9', 16200, 'monthly', true, '09575246-baf8-45a8-bf4e-db5cf66dc836', false),
	('e1a23852-8bc3-4b81-81eb-b5ba45c829c1', '2024-06-30 01:35:44.3589+00', 'ad946f07-b7f0-4006-a2ee-590e6f97a026', '2024-06-28 01:35:00+00', '2024-07-28 01:35:00+00', '4e3d1030-e422-4024-83a9-4a0daf5602f3', 1500, 'monthly', true, 'a6efec3e-dc7e-41f9-922b-f55baf54bbe7', false);


--
-- Data for Name: subscriptions; Type: TABLE DATA; Schema: public; Owner: postgres
--

INSERT INTO "public"."subscriptions" ("id", "user_id", "status", "metadata", "price_id", "quantity", "cancel_at_period_end", "created", "current_period_start", "current_period_end", "ended_at", "cancel_at", "canceled_at", "trial_start", "trial_end") VALUES
	('sub_1PEO1DJNDwRVDjYHDbMUcPAC', '58c6ca51-b625-4e32-9962-b06894652fd6', 'active', '{}', 'price_1PENe2JNDwRVDjYHpavBNCXk', 1, false, '2024-05-09 03:51:43+00', '2024-05-09 03:51:43+00', '2025-05-09 03:51:43+00', NULL, NULL, NULL, NULL, NULL);


--
-- Data for Name: buckets; Type: TABLE DATA; Schema: storage; Owner: supabase_storage_admin
--

INSERT INTO "storage"."buckets" ("id", "name", "owner", "created_at", "updated_at", "public", "avif_autodetection", "file_size_limit", "allowed_mime_types", "owner_id") VALUES
	('avatars', 'avatars', NULL, '2024-07-17 03:39:08.422882+00', '2024-07-17 03:39:08.422882+00', true, false, 10485760, NULL, NULL);


--
-- Data for Name: objects; Type: TABLE DATA; Schema: storage; Owner: supabase_storage_admin
--

INSERT INTO "storage"."objects" ("id", "bucket_id", "name", "owner", "created_at", "updated_at", "last_accessed_at", "metadata", "version", "owner_id") VALUES
	('78ef6e41-8022-40c0-86a5-ffbe861252b5', 'avatars', 'avatars/1721188118917-9qiylj.jpg', '74dffe01-1824-4118-a205-87bace940e3a', '2024-07-17 03:48:39.322262+00', '2024-07-17 03:48:39.322262+00', '2024-07-17 03:48:39.322262+00', '{"eTag": "\"a3a843f3baaa015a4dfb40885199336c\"", "size": 15, "mimetype": "image/jpg", "cacheControl": "max-age=3600", "lastModified": "2024-07-17T03:48:40.000Z", "contentLength": 15, "httpStatusCode": 200}', 'e539d544-5138-4276-985c-fe1b06c3183b', '74dffe01-1824-4118-a205-87bace940e3a'),
	('6b47d6c7-e4e8-408c-8b55-fd3fac766cbc', 'avatars', 'avatars/1721189072404-vazhgb.jpg', '74dffe01-1824-4118-a205-87bace940e3a', '2024-07-17 04:04:33.250676+00', '2024-07-17 04:04:33.250676+00', '2024-07-17 04:04:33.250676+00', '{"eTag": "\"a3a843f3baaa015a4dfb40885199336c\"", "size": 15, "mimetype": "image/jpg", "cacheControl": "max-age=3600", "lastModified": "2024-07-17T04:04:34.000Z", "contentLength": 15, "httpStatusCode": 200}', '76729a56-dfcf-4680-b10b-8bfac669de2d', '74dffe01-1824-4118-a205-87bace940e3a'),
	('b260fb16-7398-4e7e-9644-571f82f36203', 'avatars', 'avatars/1721189161952-wegn1e.jpg', '74dffe01-1824-4118-a205-87bace940e3a', '2024-07-17 04:06:02.384876+00', '2024-07-17 04:06:02.384876+00', '2024-07-17 04:06:02.384876+00', '{"eTag": "\"a3a843f3baaa015a4dfb40885199336c\"", "size": 15, "mimetype": "image/jpg", "cacheControl": "max-age=3600", "lastModified": "2024-07-17T04:06:03.000Z", "contentLength": 15, "httpStatusCode": 200}', '389a55f9-bf07-431d-8010-a3fe25c2fe8d', '74dffe01-1824-4118-a205-87bace940e3a'),
	('f67b17b1-bb60-48ec-9504-6ea00cb70cda', 'avatars', 'avatars/1721189171321-irzmzj.jpg', '74dffe01-1824-4118-a205-87bace940e3a', '2024-07-17 04:06:11.728975+00', '2024-07-17 04:06:11.728975+00', '2024-07-17 04:06:11.728975+00', '{"eTag": "\"a3a843f3baaa015a4dfb40885199336c\"", "size": 15, "mimetype": "image/jpg", "cacheControl": "max-age=3600", "lastModified": "2024-07-17T04:06:12.000Z", "contentLength": 15, "httpStatusCode": 200}', 'fb284b86-ba02-4e43-b480-e7c605773ca0', '74dffe01-1824-4118-a205-87bace940e3a'),
	('7650bc45-65bd-4658-befa-ba3d269d5512', 'avatars', 'avatars/1721189229340-7d7rb7.jpg', '74dffe01-1824-4118-a205-87bace940e3a', '2024-07-17 04:07:09.75327+00', '2024-07-17 04:07:09.75327+00', '2024-07-17 04:07:09.75327+00', '{"eTag": "\"a3a843f3baaa015a4dfb40885199336c\"", "size": 15, "mimetype": "image/jpg", "cacheControl": "max-age=3600", "lastModified": "2024-07-17T04:07:10.000Z", "contentLength": 15, "httpStatusCode": 200}', '09c12f7f-0a7a-427d-86e0-a15049eb6e24', '74dffe01-1824-4118-a205-87bace940e3a'),
	('73c9e727-5411-474c-9760-b32e50a88ca8', 'avatars', 'avatars/1721190949336-hnvrpn.jpg', '74dffe01-1824-4118-a205-87bace940e3a', '2024-07-17 04:35:49.652999+00', '2024-07-17 04:35:49.652999+00', '2024-07-17 04:35:49.652999+00', '{"eTag": "\"a3a843f3baaa015a4dfb40885199336c\"", "size": 15, "mimetype": "image/jpg", "cacheControl": "max-age=3600", "lastModified": "2024-07-17T04:35:50.000Z", "contentLength": 15, "httpStatusCode": 200}', '4769195c-43c4-4b66-8770-95e61305dad3', '74dffe01-1824-4118-a205-87bace940e3a'),
	('9121be8d-b33f-4357-863b-efb654b9df79', 'avatars', 'avatars/1721191494186-3gkp38.jpg', '74dffe01-1824-4118-a205-87bace940e3a', '2024-07-17 04:44:55.219466+00', '2024-07-17 04:44:55.219466+00', '2024-07-17 04:44:55.219466+00', '{"eTag": "\"08cc4d3404e111eaf9e3b105f7aaceaf\"", "size": 754295, "mimetype": "image/jpg", "cacheControl": "max-age=3600", "lastModified": "2024-07-17T04:44:56.000Z", "contentLength": 754295, "httpStatusCode": 200}', '56143dd2-f104-4947-b784-631ab7640747', '74dffe01-1824-4118-a205-87bace940e3a'),
	('2c3903f6-2d42-48bb-aec5-fa2c2880e1ff', 'avatars', 'avatars/1721194376246-gv7b7.jpg', '74dffe01-1824-4118-a205-87bace940e3a', '2024-07-17 05:32:59.265975+00', '2024-07-17 05:32:59.265975+00', '2024-07-17 05:32:59.265975+00', '{"eTag": "\"41c8bfc37770e3a7e7ca7bb838a898f1\"", "size": 2023155, "mimetype": "image/jpg", "cacheControl": "max-age=3600", "lastModified": "2024-07-17T05:33:00.000Z", "contentLength": 2023155, "httpStatusCode": 200}', 'd00f26c7-faef-49a3-96bc-6c7279ae2674', '74dffe01-1824-4118-a205-87bace940e3a'),
	('bf68045c-e9b2-413b-8878-0a6a33cac36a', 'avatars', 'avatars/1721194721453-cv12j.jpg', '74dffe01-1824-4118-a205-87bace940e3a', '2024-07-17 05:38:42.965178+00', '2024-07-17 05:38:42.965178+00', '2024-07-17 05:38:42.965178+00', '{"eTag": "\"08cc4d3404e111eaf9e3b105f7aaceaf\"", "size": 754295, "mimetype": "image/jpg", "cacheControl": "max-age=3600", "lastModified": "2024-07-17T05:38:43.000Z", "contentLength": 754295, "httpStatusCode": 200}', '14ad44e2-5b0a-4710-9e02-a47e8f98038e', '74dffe01-1824-4118-a205-87bace940e3a'),
	('30a05089-f5d0-4273-a85d-e66c210c0cf0', 'avatars', 'avatars/1721195065853-y1a0p73x.jpg', '74dffe01-1824-4118-a205-87bace940e3a', '2024-07-17 05:44:27.153297+00', '2024-07-17 05:44:27.153297+00', '2024-07-17 05:44:27.153297+00', '{"eTag": "\"08cc4d3404e111eaf9e3b105f7aaceaf\"", "size": 754295, "mimetype": "image/jpg", "cacheControl": "max-age=3600", "lastModified": "2024-07-17T05:44:27.000Z", "contentLength": 754295, "httpStatusCode": 200}', '61c1f49b-35ec-4ffd-a3db-d7c40498330b', '74dffe01-1824-4118-a205-87bace940e3a'),
	('3dc27581-2c58-4698-83e5-537c7ef6bca1', 'avatars', 'avatars/1721200328003-atwsl5.jpg', '76c8cee0-7630-46ea-a697-88d813c1688c', '2024-07-17 07:12:10.069306+00', '2024-07-17 07:12:10.069306+00', '2024-07-17 07:12:10.069306+00', '{"eTag": "\"e0eee116b0230b7a45817d00475b3d7f\"", "size": 739705, "mimetype": "image/jpg", "cacheControl": "max-age=3600", "lastModified": "2024-07-17T07:12:10.000Z", "contentLength": 739705, "httpStatusCode": 200}', '3e2f4aca-3570-4a6c-98f8-4ababa778f8d', '76c8cee0-7630-46ea-a697-88d813c1688c'),
	('6dc59a88-1792-4bdc-88b4-c06ef2ae1451', 'avatars', 'avatars/1721200524621-rde5wf.jpg', '74dffe01-1824-4118-a205-87bace940e3a', '2024-07-17 07:15:26.53638+00', '2024-07-17 07:15:26.53638+00', '2024-07-17 07:15:26.53638+00', '{"eTag": "\"b8030b5c7dfb0c6b2bbdaecd05abaacd\"", "size": 493537, "mimetype": "image/jpg", "cacheControl": "max-age=3600", "lastModified": "2024-07-17T07:15:27.000Z", "contentLength": 493537, "httpStatusCode": 200}', '0ba9b91b-2ed9-45c0-8045-61858344ffd2', '74dffe01-1824-4118-a205-87bace940e3a'),
	('9788c8fb-f8f4-41bf-9ac7-5f7e29a6625d', 'avatars', 'avatars/1721203218633-9coyhu.jpg', '74dffe01-1824-4118-a205-87bace940e3a', '2024-07-17 08:00:19.059771+00', '2024-07-17 08:00:19.059771+00', '2024-07-17 08:00:19.059771+00', '{"eTag": "\"b2848fff8a0aee773a477ae9cd6760ec\"", "size": 128699, "mimetype": "image/jpg", "cacheControl": "max-age=3600", "lastModified": "2024-07-17T08:00:19.000Z", "contentLength": 128699, "httpStatusCode": 200}', 'dc1d7e87-ccd7-43fd-a5f3-0f27f77337c0', '74dffe01-1824-4118-a205-87bace940e3a');


--
-- Data for Name: s3_multipart_uploads; Type: TABLE DATA; Schema: storage; Owner: supabase_storage_admin
--



--
-- Data for Name: s3_multipart_uploads_parts; Type: TABLE DATA; Schema: storage; Owner: supabase_storage_admin
--



--
-- Data for Name: secrets; Type: TABLE DATA; Schema: vault; Owner: supabase_admin
--



--
-- Name: refresh_tokens_id_seq; Type: SEQUENCE SET; Schema: auth; Owner: supabase_auth_admin
--

SELECT pg_catalog.setval('"auth"."refresh_tokens_id_seq"', 700, true);


--
-- Name: key_key_id_seq; Type: SEQUENCE SET; Schema: pgsodium; Owner: supabase_admin
--

SELECT pg_catalog.setval('"pgsodium"."key_key_id_seq"', 1, false);


--
-- PostgreSQL database dump complete
--

RESET ALL;
